scene,frame,sample_token,track_id,class,distance_m,object_speed_mps,ego_speed_mps,closing_speed_mps,ttc_s,tcpa_s,dcpa_m,risk_level,score,hits
scene-0103,2,c5f58c19249d4137ae063b0e9ecd8b8e,6,pedestrian,14.168939462794777,0.6738391529082993,8.404707188578461,6.4145296474747315,2.2088820601792367,1.1035966776491464,10.02278222251102,SAFE,0.3457931578159332,3
scene-0103,2,c5f58c19249d4137ae063b0e9ecd8b8e,7,pedestrian,11.094104972115561,0.8512522201747336,8.404707188578461,7.609326149407456,1.4579615532683492,0.9904209710074314,6.282447841787221,SAFE,0.3195453882217407,3
scene-0103,2,c5f58c19249d4137ae063b0e9ecd8b8e,9,pedestrian,8.473189550745705,0.8949629445911446,8.404707188578461,-5.2543951718722255,,0.0,8.473189550745705,SAFE,0.3594939708709717,3
scene-0103,3,700c1a25559b4433be532de3475e58a9,6,pedestrian,11.375810856603414,0.9648376219108147,8.35013135837765,4.029456148391608,2.823162838276368,0.5284762130585778,10.255954615046635,SAFE,0.43492332100868225,4
scene-0103,3,700c1a25559b4433be532de3475e58a9,13,car,40.939406838526686,4.2483530364848985,8.35013135837765,4.032480495294434,10.152412860099268,9.440381283898386,10.841928465089135,SAFE,0.4567672908306122,3
scene-0103,3,700c1a25559b4433be532de3475e58a9,17,pedestrian,20.249006083022564,0.8692945989566462,8.35013135837765,6.674244687892973,3.033902266087742,2.4145824943675316,9.148721140507474,SAFE,0.4598444104194641,3
scene-0103,3,700c1a25559b4433be532de3475e58a9,18,pedestrian,18.19662375847347,0.8680254946219755,8.35013135837765,8.390209047425504,2.1687926552982635,1.7998524724190899,7.505156935902105,SAFE,0.3097253143787384,3
scene-0103,4,747aa46b9a4641fe90db05d97db2acea,6,pedestrian,10.392170390675451,1.1059607540861132,8.453812333587466,-0.22466884885999328,,0.0,10.392170390675451,SAFE,0.31754475831985474,5
scene-0103,4,747aa46b9a4641fe90db05d97db2acea,7,pedestrian,6.01077723314738,0.9697525168536486,8.453812333587466,-0.6122989088068147,,0.0,6.01077723314738,SAFE,0.37892475724220276,4
scene-0103,4,747aa46b9a4641fe90db05d97db2acea,9,pedestrian,14.17183763962161,0.9196334875335833,8.453812333587466,-6.7999185568823775,,0.0,14.17183763962161,SAFE,0.3141261041164398,4
scene-0103,4,747aa46b9a4641fe90db05d97db2acea,10,pedestrian,20.789054093899598,0.7628415345714592,8.453812333587466,4.464477332791283,4.656548246130718,1.1196576570290597,18.118134884118266,SAFE,0.35542118549346924,3
scene-0103,4,747aa46b9a4641fe90db05d97db2acea,13,car,40.76195315288983,6.033608678266389,8.453812333587466,2.371454076222073,17.18859056205173,15.578028154681915,12.477386589303187,SAFE,0.5794546008110046,4
scene-0103,4,747aa46b9a4641fe90db05d97db2acea,20,pedestrian,21.684899852008392,0.8367400223914311,8.453812333587466,7.3344607288161745,2.9565772663845817,1.9182039053300255,12.85107840253082,SAFE,0.32069674134254456,3
scene-0103,4,747aa46b9a4641fe90db05d97db2acea,22,pedestrian,21.74600844249259,0.5397012088607724,8.453812333587466,8.381711959227436,2.594459049449007,2.2647581746280427,7.752043336956259,SAFE,0.3062075078487396,3
scene-0103,4,747aa46b9a4641fe90db05d97db2acea,27,pedestrian,14.673268916478104,0.6944484018994524,8.453812333587466,-6.766403260058306,,0.0,14.673268916478104,SAFE,0.3199535310268402,3
scene-0103,4,747aa46b9a4641fe90db05d97db2acea,30,pedestrian,19.367403059326605,1.2225106038652156,8.453812333587466,7.734367450912412,2.5040707184194955,1.7437034305357548,10.67234382585899,SAFE,0.4322347640991211,3
scene-0103,4,747aa46b9a4641fe90db05d97db2acea,33,pedestrian,11.74262547271966,0.9087313808248749,8.453812333587466,-3.7711447935880447,,0.0,11.74262547271966,SAFE,0.40073084831237793,3
scene-0103,4,747aa46b9a4641fe90db05d97db2acea,35,pedestrian,22.634079430269704,0.5009707456103932,8.453812333587466,8.211032832880063,2.756544747895093,2.3833382325698897,8.328272381889466,SAFE,0.4816667437553406,3
scene-0103,5,f4f86af4da3b49e79497deda5c5f223a,7,pedestrian,8.008912536003834,1.0359844836619547,8.638658982586183,-6.235711808831521,,0.0,8.008912536003834,SAFE,0.43556350469589233,5
scene-0103,5,f4f86af4da3b49e79497deda5c5f223a,8,pedestrian,13.125333881729304,0.22706996836601573,8.638658982586183,6.944524264929382,1.8900263547229141,1.184299310135608,8.02037750166656,SAFE,0.41814807057380676,3
scene-0103,5,f4f86af4da3b49e79497deda5c5f223a,9,pedestrian,17.579873263402554,0.970102547076909,8.638658982586183,-7.105669098498754,,0.0,17.579873263402554,SAFE,0.4831462800502777,5
scene-0103,5,f4f86af4da3b49e79497deda5c5f223a,10,pedestrian,19.658259786504217,2.1158886051368357,8.638658982586183,1.0960575769689624,17.935426203491215,0.19598687886352328,19.550558303279153,SAFE,0.3864927887916565,4
scene-0103,5,f4f86af4da3b49e79497deda5c5f223a,13,car,40.76375334558737,7.016679865161854,8.638658982586183,1.6005593430920162,25.468442342686608,24.190006559763347,9.13297842952282,SAFE,0.4005936086177826,5
scene-0103,5,f4f86af4da3b49e79497deda5c5f223a,17,pedestrian,14.519537178423294,1.1067748964246338,8.638658982586183,6.1327585995549025,2.367537698202743,1.5693167546591114,8.430743587509879,SAFE,0.5551025867462158,4
scene-0103,5,f4f86af4da3b49e79497deda5c5f223a,20,pedestrian,18.018382570174605,1.0317805413810262,8.638658982586183,6.48279872501532,2.7794141596046584,1.2844654824711468,13.214547990399515,SAFE,0.47372305393218994,4
scene-0103,5,f4f86af4da3b49e79497deda5c5f223a,22,pedestrian,17.41642745334854,0.6167137260924851,8.638658982586183,8.410522153625234,2.0707902714270174,1.718381739054403,7.184792408742595,SAFE,0.4516705572605133,4
scene-0103,5,f4f86af4da3b49e79497deda5c5f223a,27,pedestrian,17.868297541539196,1.0071835105549167,8.638658982586183,-6.896217729057308,,0.0,17.868297541539196,SAFE,0.33768323063850403,4
scene-0103,5,f4f86af4da3b49e79497deda5c5f223a,28,pedestrian,14.50614238507046,1.0395239383171841,8.638658982586183,6.943849658138205,2.0890634301203845,1.648669164045996,6.660348446547025,SAFE,0.5249572992324829,3
scene-0103,5,f4f86af4da3b49e79497deda5c5f223a,30,pedestrian,16.16736543596944,0.8570240515619179,8.638658982586183,6.766973988935511,2.3891573194169573,1.4426494746139877,10.176044323075665,SAFE,0.39856091141700745,4
scene-0103,5,f4f86af4da3b49e79497deda5c5f223a,34,pedestrian,20.043627651955074,1.0993053312198362,8.638658982586183,8.373679524314069,2.393646376572663,2.2005493621424623,5.692907279048849,CAUTION,0.3091469407081604,3
scene-0103,5,f4f86af4da3b49e79497deda5c5f223a,35,pedestrian,18.321822163965635,0.6800193843706515,8.638658982586183,8.344526919518318,2.195669369956715,1.7870749595440085,7.903717378480832,SAFE,0.4853611886501312,4
scene-0103,5,f4f86af4da3b49e79497deda5c5f223a,36,car,20.177799472119293,4.518509808487757,8.638658982586183,-4.126519146655108,,0.0,20.177799472119293,SAFE,0.8933894634246826,3
scene-0103,6,6832e717621341568c759151b5974512,6,pedestrian,14.962483032643702,0.9589395473303711,8.829477978824864,-7.139432909651686,,0.0,14.962483032643702,SAFE,0.3604533076286316,6
scene-0103,6,6832e717621341568c759151b5974512,10,pedestrian,19.843072975943638,2.1060309916463864,8.829477978824864,-1.9414847295016857,,0.0,19.843072975943638,SAFE,0.3649686276912689,5
scene-0103,6,6832e717621341568c759151b5974512,13,car,40.90948687077794,7.695846268224956,8.829477978824864,1.1248414309823942,36.369114564929504,35.321544972967,6.943031090035113,SAFE,0.6097570061683655,6
scene-0103,6,6832e717621341568c759151b5974512,17,pedestrian,11.648683641129324,1.157855072623828,8.829477978824864,5.514296802056018,2.1124513350072283,1.0914201192973947,8.098470494336466,SAFE,0.40798649191856384,5
scene-0103,6,6832e717621341568c759151b5974512,20,pedestrian,14.996737881025565,1.0530846397716866,8.829477978824864,4.708254030363542,3.185201517231561,0.7323435323431452,13.16026231636975,SAFE,0.3474488854408264,5
scene-0103,6,6832e717621341568c759151b5974512,22,pedestrian,14.80993301332867,0.4447827579558585,8.829477978824864,7.098466844748413,2.0863565805460307,1.3811817341217287,8.61008090804814,SAFE,0.3146268427371979,5
scene-0103,6,6832e717621341568c759151b5974512,27,pedestrian,21.17474362455344,1.2050325314429604,8.829477978824864,-7.037334220333536,,0.0,21.17474362455344,SAFE,0.5082963705062866,5
scene-0103,6,6832e717621341568c759151b5974512,28,pedestrian,12.541790793947785,2.343902372211423,8.829477978824864,5.752761487660893,2.1801339792808534,1.6615852268727922,6.116637698969767,SAFE,0.5094133019447327,4
scene-0103,6,6832e717621341568c759151b5974512,30,pedestrian,13.317775134068565,0.8369311925905739,8.829477978824864,5.829741516621945,2.2844537954378423,1.114647377547552,9.530100669665282,SAFE,0.5145705342292786,5
scene-0103,6,6832e717621341568c759151b5974512,33,pedestrian,18.31306838477923,0.9116449838891149,8.829477978824864,-8.083297456688166,,0.0,18.31306838477923,SAFE,0.4493553042411804,4
scene-0103,6,6832e717621341568c759151b5974512,34,pedestrian,15.60220808816619,1.0357469393184429,8.829477978824864,8.514133192067948,1.8325069312636229,1.5901318881751292,5.67423348737337,CAUTION,0.4254949688911438,4
scene-0103,6,6832e717621341568c759151b5974512,35,pedestrian,14.310932900100653,0.6255830070712923,8.829477978824864,7.898799310292652,1.8117858598398076,1.2717520250079875,7.813129053023294,SAFE,0.3561142086982727,5
scene-0103,6,6832e717621341568c759151b5974512,36,car,20.890504347628255,5.872314041418585,8.829477978824864,-2.9868463238830936,,0.0,20.890504347628255,SAFE,0.944413423538208,4
scene-0103,6,6832e717621341568c759151b5974512,40,pedestrian,21.70246136704304,0.03523630720811402,8.829477978824864,3.85339028576901,5.632043410498177,1.0811366967037688,19.508548678492826,SAFE,0.3488079607486725,3
scene-0103,6,6832e717621341568c759151b5974512,46,car,42.05330827474913,0.22813054146306752,8.829477978824864,8.88198700244467,4.734673476010988,4.671671987362152,4.850991970560258,CAUTION,0.7043083310127258,3
scene-0103,6,6832e717621341568c759151b5974512,50,pedestrian,33.15829987558195,0.3864557316843444,8.829477978824864,2.2596354294408907,14.67418126108353,0.8917677735331924,32.13497399181887,SAFE,0.3122323155403137,3
scene-0103,7,c59e60042a8643e899008da2e446acca,6,pedestrian,18.91000280551155,0.9389597788363018,8.948132123504884,-8.397377979154912,,0.0,18.91000280551155,SAFE,0.3008774518966675,7
scene-0103,7,c59e60042a8643e899008da2e446acca,8,pedestrian,8.183516793267277,0.2751421905272383,8.948132123504884,1.0457424487235119,7.82555666861999,0.10346746639768016,8.129236615834971,SAFE,0.32001549005508423,4
scene-0103,7,c59e60042a8643e899008da2e446acca,9,pedestrian,24.570389263791974,0.947230958355568,8.948132123504884,-7.6213566073192,,0.0,24.570389263791974,SAFE,0.465192973613739,6
scene-0103,7,c59e60042a8643e899008da2e446acca,13,car,41.28200844866118,8.331925860211644,8.948132123504884,0.6139639911913113,67.23848473354148,66.40704709724506,4.590570899979295,SAFE,0.5853770971298218,7
scene-0103,7,c59e60042a8643e899008da2e446acca,20,pedestrian,13.29736632729872,1.128501612872919,8.948132123504884,1.4264544346917587,9.321970617429596,0.18818299593679763,13.162464806108535,SAFE,0.3385113477706909,6
scene-0103,7,c59e60042a8643e899008da2e446acca,27,pedestrian,24.753493920792945,1.2036160053405378,8.948132123504884,-7.256355295870415,,0.0,24.753493920792945,SAFE,0.3299209475517273,6
scene-0103,7,c59e60042a8643e899008da2e446acca,28,pedestrian,9.452065183184192,1.9615517452291322,8.948132123504884,5.362776480990476,1.7625320049584552,1.0100435613242384,6.176011831577805,SAFE,0.4424040913581848,5
scene-0103,7,c59e60042a8643e899008da2e446acca,30,pedestrian,10.818361576116692,0.9797459465648175,8.948132123504884,4.483364552560046,2.4130006492421634,0.7379367616772735,9.013603730956895,SAFE,0.3221220076084137,6
scene-0103,7,c59e60042a8643e899008da2e446acca,33,pedestrian,22.675238629727655,0.9728653724350781,8.948132123504884,-8.923608518849246,,0.0,22.675238629727655,SAFE,0.32458335161209106,5
scene-0103,7,c59e60042a8643e899008da2e446acca,34,pedestrian,11.442307448136447,0.8950033091904617,8.948132123504884,7.995548504938028,1.431084739348365,1.0460430587907634,5.935192505038762,CAUTION,0.3066801130771637,5
scene-0103,7,c59e60042a8643e899008da2e446acca,35,pedestrian,10.557237287305389,0.6438924159065077,8.948132123504884,6.693743253226899,1.5771798958999494,0.7729651124212715,7.538686664987173,SAFE,0.33791980147361755,6
scene-0103,7,c59e60042a8643e899008da2e446acca,36,car,22.16587313347407,6.091221591800449,8.948132123504884,-2.91535618174888,,0.0,22.16587313347407,SAFE,0.857185959815979,5
scene-0103,7,c59e60042a8643e899008da2e446acca,40,pedestrian,20.248352202733678,0.06998334548293246,8.948132123504884,2.027970599042537,9.984539328278972,0.5204891852081857,19.71352040481173,SAFE,0.3935810923576355,4
scene-0103,7,c59e60042a8643e899008da2e446acca,46,car,37.58805807964741,0.1763009838614723,8.948132123504884,8.980254723164908,4.185633842065481,4.1339392409527935,4.177263455944286,CAUTION,0.7448270320892334,4
scene-0103,7,c59e60042a8643e899008da2e446acca,48,pedestrian,20.2400033027938,0.0812581536147842,8.948132123504884,1.6842813353168893,12.01699673231001,0.43276549683301163,19.8722122218003,SAFE,0.4206233620643616,3
scene-0103,7,c59e60042a8643e899008da2e446acca,53,car,23.14378817707975,0.09441440544818035,8.948132123504884,8.440757870671701,2.7419087873015844,2.484302079199708,7.093923945264074,SAFE,0.6571371555328369,3
scene-0103,8,fa65a298c01f44e7a182bbf9e5fe3697,6,pedestrian,23.40137394796505,1.0182801450600223,8.974525638258848,-9.082062306193242,,0.0,23.40137394796505,SAFE,0.5300693511962891,8
scene-0103,8,fa65a298c01f44e7a182bbf9e5fe3697,7,pedestrian,21.445874704467634,0.7675671594244683,8.974525638258848,-9.24857835847028,,0.0,21.445874704467634,SAFE,0.4225340783596039,6
scene-0103,8,fa65a298c01f44e7a182bbf9e5fe3697,8,pedestrian,8.937312967305736,0.2360889035874826,8.974525638258848,-3.706651555258313,,0.0,8.937312967305736,SAFE,0.3454851806163788,5
scene-0103,8,fa65a298c01f44e7a182bbf9e5fe3697,13,car,42.01879645453798,8.984614037670012,8.974525638258848,-0.01245561423767827,,,42.01879645453798,SAFE,0.47528648376464844,8
scene-0103,8,fa65a298c01f44e7a182bbf9e5fe3697,17,pedestrian,8.084956976811409,1.096701921981181,8.974525638258848,1.276326511669899,6.334552250453018,0.16626570859752324,7.978146777208871,SAFE,0.45251649618148804,6
scene-0103,8,fa65a298c01f44e7a182bbf9e5fe3697,20,pedestrian,13.11912614476945,1.0800625535646116,8.974525638258848,-2.2196426781014478,,0.0,13.11912614476945,SAFE,0.3107893168926239,7
scene-0103,8,fa65a298c01f44e7a182bbf9e5fe3697,22,pedestrian,8.5102825568609,0.1086904911573082,8.974525638258848,3.8720595301723595,2.197869761698131,0.41119416117856217,7.6730116210797,SAFE,0.4990195333957672,6
scene-0103,8,fa65a298c01f44e7a182bbf9e5fe3697,27,pedestrian,28.304032306244462,1.2735776119077584,8.974525638258848,-7.305115834117998,,0.0,28.304032306244462,SAFE,0.38618290424346924,7
scene-0103,8,fa65a298c01f44e7a182bbf9e5fe3697,28,pedestrian,6.981319775547687,1.2276555158336273,8.974525638258848,2.75908238419295,2.530304935997686,0.315490041065178,6.53160356651461,SAFE,0.37745389342308044,6
scene-0103,8,fa65a298c01f44e7a182bbf9e5fe3697,30,pedestrian,8.992256418805978,1.103514537081564,8.974525638258848,2.284737687439417,3.9357937973544366,0.3282208685440658,8.60914601506221,SAFE,0.6195845007896423,7
scene-0103,8,fa65a298c01f44e7a182bbf9e5fe3697,33,pedestrian,27.454271450054875,1.0983009194087452,8.974525638258848,-9.425994943791526,,0.0,27.454271450054875,SAFE,0.4363212585449219,6
scene-0103,8,fa65a298c01f44e7a182bbf9e5fe3697,35,pedestrian,7.85126053386993,0.7262444706840016,8.974525638258848,3.2093387618928237,2.4463794932135383,0.2695831555534264,7.40604547397703,SAFE,0.34421002864837646,7
scene-0103,8,fa65a298c01f44e7a182bbf9e5fe3697,36,car,23.783798291082377,5.9703686191762895,8.974525638258848,-3.0702664739725822,,0.0,23.783798291082377,SAFE,0.6731637716293335,6
scene-0103,8,fa65a298c01f44e7a182bbf9e5fe3697,40,pedestrian,19.793468392743012,0.05280259291999869,8.974525638258848,-0.09408556104127364,,0.0,19.793468392743012,SAFE,0.3345467150211334,5
scene-0103,8,fa65a298c01f44e7a182bbf9e5fe3697,46,car,33.11257902737643,0.12698295356220807,8.974525638258848,8.99065174183842,3.683000963465806,3.630904021538539,3.938203983448226,WARNING,0.7352941632270813,5
scene-0103,8,fa65a298c01f44e7a182bbf9e5fe3697,48,pedestrian,19.881466593637967,0.113929562188708,8.974525638258848,-0.3498330435760719,,0.0,19.881466593637967,SAFE,0.3202455937862396,4
scene-0103,8,fa65a298c01f44e7a182bbf9e5fe3697,53,car,19.014328397794287,0.10685058701990134,8.974525638258848,8.163683119271719,2.32913601863206,1.9721643329355185,7.443898618144728,SAFE,0.8142386078834534,4
scene-0103,8,fa65a298c01f44e7a182bbf9e5fe3697,57,pedestrian,10.85635633774893,0.9749309419187393,8.974525638258848,-7.721765307865933,,0.0,10.85635633774893,SAFE,0.4291912317276001,3
scene-0103,8,fa65a298c01f44e7a182bbf9e5fe3697,58,pedestrian,26.85182874458519,0.635813612647754,8.974525638258848,7.41448934283218,3.621534471628002,2.855664940499931,12.34823690771396,SAFE,0.4688189923763275,3
scene-0103,8,fa65a298c01f44e7a182bbf9e5fe3697,59,pedestrian,7.091513776690106,0.44881420412528167,8.974525638258848,-1.9410746584109417,,0.0,7.091513776690106,SAFE,0.3177206218242645,3
scene-0103,8,fa65a298c01f44e7a182bbf9e5fe3697,60,pedestrian,12.206846378448285,0.7380613035125677,8.974525638258848,-2.2216048043475984,,0.0,12.206846378448285,SAFE,0.46520039439201355,3
scene-0103,9,a98fba72bde9433fb882032d18aedb2e,6,pedestrian,28.220202510353435,1.145680271624799,8.892488810472043,-9.4290426804452,,0.0,28.220202510353435,SAFE,0.3243740499019623,9
scene-0103,9,a98fba72bde9433fb882032d18aedb2e,7,pedestrian,26.268961378777224,0.825939906098323,8.892488810472043,-9.384050239896816,,0.0,26.268961378777224,SAFE,0.36461010575294495,7
scene-0103,9,a98fba72bde9433fb882032d18aedb2e,8,pedestrian,11.649974964934694,0.1682272036030659,8.892488810472043,-6.377453820849705,,0.0,11.649974964934694,SAFE,0.4005201756954193,6
scene-0103,9,a98fba72bde9433fb882032d18aedb2e,9,pedestrian,32.041291246870585,0.8660007137744584,8.892488810472043,-7.785498292698193,,0.0,32.041291246870585,SAFE,0.3543770909309387,7
scene-0103,9,a98fba72bde9433fb882032d18aedb2e,13,car,42.42073915760366,9.236503379422686,8.892488810472043,-0.34421176435661,,0.0,42.42073915760366,SAFE,0.487342894077301,9
scene-0103,9,a98fba72bde9433fb882032d18aedb2e,17,pedestrian,8.150569715295882,1.128340518845915,8.892488810472043,-2.308401495018244,,0.0,8.150569715295882,SAFE,0.467268705368042,7
scene-0103,9,a98fba72bde9433fb882032d18aedb2e,22,pedestrian,8.204049064439877,0.3568706162822152,8.892488810472043,-1.0904475488954586,,0.0,8.204049064439877,SAFE,0.38857194781303406,7
scene-0103,9,a98fba72bde9433fb882032d18aedb2e,27,pedestrian,32.03597460398092,1.2433258529643962,8.892488810472043,-7.339259527619954,,0.0,32.03597460398092,SAFE,0.3731124997138977,8
scene-0103,9,a98fba72bde9433fb882032d18aedb2e,28,pedestrian,7.307292876358006,1.3429981324912785,8.892488810472043,-1.5763773848922127,,0.0,7.307292876358006,SAFE,0.3932965397834778,7
scene-0103,9,a98fba72bde9433fb882032d18aedb2e,35,pedestrian,7.421145045888321,1.173188925783438,8.892488810472043,-3.400702944083957,,0.0,7.421145045888321,SAFE,0.3262222707271576,8
scene-0103,9,a98fba72bde9433fb882032d18aedb2e,36,car,25.96823957467996,5.5424652525042335,8.892488810472043,-3.4185146190124467,,0.0,25.96823957467996,SAFE,0.5568488836288452,7
scene-0103,9,a98fba72bde9433fb882032d18aedb2e,46,car,28.748456700436385,0.022435890480067198,8.892488810472043,8.800034694591119,3.2668571997910902,3.1993227757103404,4.133444019807953,CAUTION,0.890717089176178,6
scene-0103,9,a98fba72bde9433fb882032d18aedb2e,53,car,15.000811562255485,0.04735779266442405,8.892488810472043,7.618662747706499,1.9689559781040693,1.4606155916460297,7.622089776450386,SAFE,0.9426881670951843,5
scene-0103,9,a98fba72bde9433fb882032d18aedb2e,57,pedestrian,15.396870352222821,1.400252096939389,8.892488810472043,-9.198291255780319,,0.0,15.396870352222821,SAFE,0.5313928723335266,4
scene-0103,9,a98fba72bde9433fb882032d18aedb2e,58,pedestrian,23.461006788830588,0.9669031575088227,8.892488810472043,6.80090439603949,3.449689250519845,2.5255940725689516,12.142692845711075,SAFE,0.4147850275039673,4
scene-0103,9,a98fba72bde9433fb882032d18aedb2e,59,pedestrian,9.295035415375787,0.6182428105418478,8.892488810472043,-6.366154862412368,,0.0,9.295035415375787,SAFE,0.3434723913669586,4
scene-0103,10,b6b0d9f2f2e14a3aaa2c8aedeb1edb69,7,pedestrian,31.24108682431477,0.9853883915923953,8.277178819777694,-9.038506091084813,,0.0,31.24108682431477,SAFE,0.32449930906295776,8
scene-0103,10,b6b0d9f2f2e14a3aaa2c8aedeb1edb69,8,pedestrian,15.13506444599122,0.09531774510420407,8.277178819777694,-6.9905927612950265,,0.0,15.13506444599122,SAFE,0.381197452545166,7
scene-0103,10,b6b0d9f2f2e14a3aaa2c8aedeb1edb69,13,car,42.94400217491878,9.422032730691113,8.277178819777694,-1.1453486367013026,,0.0,42.94400217491878,SAFE,0.4630317986011505,10
scene-0103,10,b6b0d9f2f2e14a3aaa2c8aedeb1edb69,17,pedestrian,9.759363538453982,1.3062076255013038,8.277178819777694,-4.2216630680727825,,0.0,9.759363538453982,SAFE,0.47934311628341675,8
scene-0103,10,b6b0d9f2f2e14a3aaa2c8aedeb1edb69,27,pedestrian,35.65986672625496,1.2510057053213137,8.277178819777694,-6.797744514141023,,0.0,35.65986672625496,SAFE,0.3019987642765045,9
scene-0103,10,b6b0d9f2f2e14a3aaa2c8aedeb1edb69,30,pedestrian,9.426742092220632,1.0680358043493143,8.277178819777694,-3.336116660550744,,0.0,9.426742092220632,SAFE,0.44290709495544434,8
scene-0103,10,b6b0d9f2f2e14a3aaa2c8aedeb1edb69,35,pedestrian,10.330760379758281,1.2307191249861524,8.277178819777694,-6.899847976630149,,0.0,10.330760379758281,SAFE,0.33338192105293274,9
scene-0103,10,b6b0d9f2f2e14a3aaa2c8aedeb1edb69,36,car,28.048553989738004,5.260955407268748,8.277178819777694,-3.0777791256835174,,0.0,28.048553989738004,SAFE,0.6071405410766602,8
scene-0103,10,b6b0d9f2f2e14a3aaa2c8aedeb1edb69,40,pedestrian,21.75706564231025,0.04009475827664267,8.277178819777694,-3.4920787344603896,,0.0,21.75706564231025,SAFE,0.3542727530002594,6
scene-0103,10,b6b0d9f2f2e14a3aaa2c8aedeb1edb69,46,car,24.450200688000884,0.03342979068349019,8.277178819777694,8.126159427921806,3.0088261133530096,2.914032010711707,4.339848242696322,CAUTION,0.8423631191253662,7
scene-0103,10,b6b0d9f2f2e14a3aaa2c8aedeb1edb69,53,car,11.493144549315971,0.08673229054701898,8.277178819777694,6.135235400027241,1.8733013160774468,1.0511238080359206,7.614087189445516,SAFE,0.9469895958900452,6
scene-0103,10,b6b0d9f2f2e14a3aaa2c8aedeb1edb69,57,pedestrian,20.233215756352852,1.4963710789153857,8.277178819777694,-9.195140454124582,,0.0,20.233215756352852,SAFE,0.3440868556499481,5
scene-0103,10,b6b0d9f2f2e14a3aaa2c8aedeb1edb69,58,pedestrian,20.37921581636574,1.0823006836040294,8.277178819777694,5.743891178676684,3.5479808343202004,2.254682763879624,12.303995135319017,SAFE,0.36368268728256226,5
scene-0103,10,b6b0d9f2f2e14a3aaa2c8aedeb1edb69,59,pedestrian,12.923873529552461,0.5936493481501932,8.277178819777694,-7.495291444282833,,0.0,12.923873529552461,SAFE,0.3643450438976288,5
scene-0103,10,b6b0d9f2f2e14a3aaa2c8aedeb1edb69,63,car,24.269839564486023,0.0751143381195099,8.277178819777694,-3.090758496547829,,0.0,24.269839564486023,SAFE,0.8672812581062317,3
scene-0103,10,b6b0d9f2f2e14a3aaa2c8aedeb1edb69,71,car,26.37561020826692,0.4016003583576015,8.277178819777694,7.833769945397245,3.366911511585043,3.1418595140642287,6.819116352104167,SAFE,0.5343581438064575,3
scene-0103,11,796b1988dd254f74bf2fb19ba9c5b8c6,6,pedestrian,37.159284572403195,0.8716198293033955,7.153332434088315,-7.732609458825427,,0.0,37.159284572403195,SAFE,0.46012112498283386,10
scene-0103,11,796b1988dd254f74bf2fb19ba9c5b8c6,7,pedestrian,35.61529034748416,1.0469881418148714,7.153332434088315,-8.04689761975241,,0.0,35.61529034748416,SAFE,0.30135074257850647,9
scene-0103,11,796b1988dd254f74bf2fb19ba9c5b8c6,8,pedestrian,18.481923866223497,0.02416419929648909,7.153332434088315,-6.3928385216932515,,0.0,18.481923866223497,SAFE,0.45760250091552734,8
scene-0103,11,796b1988dd254f74bf2fb19ba9c5b8c6,13,car,44.610532062115844,9.937206307716844,7.153332434088315,-2.7850530170758887,,0.0,44.610532062115844,SAFE,0.547325611114502,11
scene-0103,11,796b1988dd254f74bf2fb19ba9c5b8c6,17,pedestrian,13.098682456217922,0.47877184738374784,7.153332434088315,-5.385227178929505,,0.0,13.098682456217922,SAFE,0.42359960079193115,9
scene-0103,11,796b1988dd254f74bf2fb19ba9c5b8c6,22,pedestrian,12.07609470979427,0.06966491351273237,7.153332434088315,-5.363596024967711,,0.0,12.07609470979427,SAFE,0.4625095725059509,8
scene-0103,11,796b1988dd254f74bf2fb19ba9c5b8c6,27,pedestrian,38.8472277520391,1.2324746816827543,7.153332434088315,-5.7599668695922395,,0.0,38.8472277520391,SAFE,0.4220373332500458,10
scene-0103,11,796b1988dd254f74bf2fb19ba9c5b8c6,28,pedestrian,11.493598934806334,0.5832567213006875,7.153332434088315,-5.31320671089235,,0.0,11.493598934806334,SAFE,0.3913857638835907,8
scene-0103,11,796b1988dd254f74bf2fb19ba9c5b8c6,30,pedestrian,11.250204008332963,1.1446697556947776,7.153332434088315,-4.035529508946512,,0.0,11.250204008332963,SAFE,0.4256493151187897,9
scene-0103,11,796b1988dd254f74bf2fb19ba9c5b8c6,33,pedestrian,41.613347831642734,0.7492975666900776,7.153332434088315,-7.665486270132645,,0.0,41.613347831642734,SAFE,0.4113007187843323,7
scene-0103,11,796b1988dd254f74bf2fb19ba9c5b8c6,35,pedestrian,13.92104059153405,1.151853764415829,7.153332434088315,-7.082107296334191,,0.0,13.92104059153405,SAFE,0.37663331627845764,10
scene-0103,11,796b1988dd254f74bf2fb19ba9c5b8c6,36,car,29.891719925708742,4.886255363688089,7.153332434088315,-2.3052453564029722,,0.0,29.891719925708742,SAFE,0.5890614986419678,9
scene-0103,11,796b1988dd254f74bf2fb19ba9c5b8c6,40,pedestrian,23.680041899753697,0.08510630530387855,7.153332434088315,-3.984260549862169,,0.0,23.680041899753697,SAFE,0.3089151978492737,7
scene-0103,11,796b1988dd254f74bf2fb19ba9c5b8c6,46,car,20.741899039352617,0.08034133476474556,7.153332434088315,6.918836232619444,2.9978884225591527,2.867826790126888,4.32031471042024,CAUTION,0.8225841522216797,8
scene-0103,11,796b1988dd254f74bf2fb19ba9c5b8c6,53,car,8.974541935886096,0.09238492051462689,7.153332434088315,3.779464319540363,2.374553951862027,0.6802285111902394,7.580881122653829,SAFE,0.9468286037445068,7
scene-0103,11,796b1988dd254f74bf2fb19ba9c5b8c6,57,pedestrian,24.59587021367536,1.46925445095055,7.153332434088315,-8.283732435349716,,0.0,24.59587021367536,SAFE,0.4196253716945648,6
scene-0103,11,796b1988dd254f74bf2fb19ba9c5b8c6,58,pedestrian,17.766539460985708,1.1176942521676816,7.153332434088315,4.488001551717463,3.9586749817826665,2.170136827082434,11.941998884879663,SAFE,0.362232506275177,6
scene-0103,11,796b1988dd254f74bf2fb19ba9c5b8c6,63,car,25.908005193502515,0.08175569186416828,7.153332434088315,-3.512447908648076,,0.0,25.908005193502515,SAFE,0.6124619841575623,4
scene-0103,11,796b1988dd254f74bf2fb19ba9c5b8c6,71,car,22.683680505717007,0.5353463571039959,7.153332434088315,6.737074230228744,3.366992811796112,3.1292551466504293,6.027558355616848,SAFE,0.7668781876564026,4
scene-0103,11,796b1988dd254f74bf2fb19ba9c5b8c6,79,car,24.308208288987164,0.171142900436011,7.153332434088315,5.569164520280174,4.364785453988395,2.724772305178864,14.900305175807707,SAFE,0.6312351822853088,3
scene-0103,11,796b1988dd254f74bf2fb19ba9c5b8c6,84,pedestrian,19.00230179826889,0.8751086395816716,7.153332434088315,5.575015626597155,3.4084750736147087,2.6875248824558797,8.739342920952375,SAFE,0.33673954010009766,3
scene-0103,12,0d0700a2284e477db876c3ee1d864668,6,pedestrian,40.84995997465226,0.9371101653642809,5.968414739575591,-6.689025776491819,,0.0,40.84995997465226,SAFE,0.39697909355163574,11
scene-0103,12,0d0700a2284e477db876c3ee1d864668,8,pedestrian,21.373428464272973,0.07207349063825694,5.968414739575591,-5.444701467599934,,0.0,21.373428464272973,SAFE,0.4444243907928467,9
scene-0103,12,0d0700a2284e477db876c3ee1d864668,17,pedestrian,15.786516140605395,0.3858141433823298,5.968414739575591,-4.869006715031354,,0.0,15.786516140605395,SAFE,0.42215749621391296,10
scene-0103,12,0d0700a2284e477db876c3ee1d864668,22,pedestrian,14.133429449227469,0.27153051978198384,5.968414739575591,-4.702582944312104,,0.0,14.133429449227469,SAFE,0.4887850880622864,9
scene-0103,12,0d0700a2284e477db876c3ee1d864668,27,pedestrian,41.40015082960465,1.2574693242228945,5.968414739575591,-4.5958824996856285,,0.0,41.40015082960465,SAFE,0.36577385663986206,11
scene-0103,12,0d0700a2284e477db876c3ee1d864668,30,pedestrian,13.07549999148837,1.20968360555882,5.968414739575591,-3.6606675632338943,,0.0,13.07549999148837,SAFE,0.32898369431495667,10
scene-0103,12,0d0700a2284e477db876c3ee1d864668,33,pedestrian,45.45787412901339,0.8700239804621811,5.968414739575591,-6.652676182436451,,0.0,45.45787412901339,SAFE,0.3301738202571869,8
scene-0103,12,0d0700a2284e477db876c3ee1d864668,36,car,31.418245995682298,4.452952313308984,5.968414739575591,-1.5406998386428112,,0.0,31.418245995682298,SAFE,0.5971733331680298,10
scene-0103,12,0d0700a2284e477db876c3ee1d864668,40,pedestrian,26.101601457040204,0.2948235346452992,5.968414739575591,-4.04277103890451,,0.0,26.101601457040204,SAFE,0.3519957661628723,8
scene-0103,12,0d0700a2284e477db876c3ee1d864668,46,car,17.60453686603811,0.08628035155302873,5.968414739575591,5.702197254126245,3.0873251277477376,2.899821722835572,4.338483996036384,CAUTION,0.9253174662590027,9
scene-0103,12,0d0700a2284e477db876c3ee1d864668,53,car,7.743531999954428,0.09487020691370394,5.968414739575591,1.1968989286794267,6.469662403740382,0.2686281756564674,7.581067300807533,SAFE,0.9541783928871155,8
scene-0103,12,0d0700a2284e477db876c3ee1d864668,57,pedestrian,28.58471477903313,1.539300383035289,5.968414739575591,-7.294676438202949,,0.0,28.58471477903313,SAFE,0.4317375123500824,7
scene-0103,12,0d0700a2284e477db876c3ee1d864668,58,pedestrian,15.914291311387041,1.168499494989917,5.968414739575591,3.2066292231724476,4.9629346593562165,2.1943373905386427,11.886333681632335,SAFE,0.44884341955184937,7
scene-0103,12,0d0700a2284e477db876c3ee1d864668,59,pedestrian,19.751129391513842,0.38834482068122517,5.968414739575591,-5.947076258903241,,0.0,19.751129391513842,SAFE,0.3484609127044678,6
scene-0103,12,0d0700a2284e477db876c3ee1d864668,63,car,27.587849762205735,0.12112789086806873,5.968414739575591,-3.3907516396847353,,0.0,27.587849762205735,SAFE,0.3346858620643616,5
scene-0103,12,0d0700a2284e477db876c3ee1d864668,71,car,19.68202737558722,0.7611717171249192,5.968414739575591,5.526057635125372,3.5616760944514994,3.3492714890682627,4.806451731746649,CAUTION,0.7618928551673889,5
scene-0103,12,0d0700a2284e477db876c3ee1d864668,77,pedestrian,25.509548876548028,0.16511517140435367,5.968414739575591,-4.34151010551282,,0.0,25.509548876548028,SAFE,0.3462955355644226,3
scene-0103,12,0d0700a2284e477db876c3ee1d864668,79,car,21.833702735398763,0.14849768012290065,5.968414739575591,4.301907916209171,5.075353345693778,2.746605368727835,14.789568282596116,SAFE,0.7831155061721802,4
scene-0103,12,0d0700a2284e477db876c3ee1d864668,84,pedestrian,16.885740220048287,1.242311118928429,5.968414739575591,4.015926302956763,4.204693748392744,3.0354849138042064,8.90428317632374,SAFE,0.3004772663116455,4
scene-0103,12,0d0700a2284e477db876c3ee1d864668,87,pedestrian,24.78578715434178,0.911637961444931,5.968414739575591,6.494115756749547,3.8166531184143273,3.40367931624517,8.15309723561948,SAFE,0.4416378140449524,3
scene-0103,12,0d0700a2284e477db876c3ee1d864668,89,car,28.66517496738884,0.24377558690430445,5.968414739575591,6.139547649555824,4.668939244972335,4.562163333980788,4.334930393613405,CAUTION,0.417691707611084,3
scene-0103,13,de7593d76648450e947ba0c203dee1b0,6,pedestrian,43.31320309742502,0.9782751656997268,4.583500354211345,-5.399194053257401,,0.0,43.31320309742502,SAFE,0.3498079478740692,12
scene-0103,13,de7593d76648450e947ba0c203dee1b0,8,pedestrian,23.319769741350957,0.06127250838860145,4.583500354211345,-4.236099163715515,,0.0,23.319769741350957,SAFE,0.4366794526576996,10
scene-0103,13,de7593d76648450e947ba0c203dee1b0,17,pedestrian,17.74599817124174,0.2420228435200715,4.583500354211345,-3.9213593190308207,,0.0,17.74599817124174,SAFE,0.3604572117328644,11
scene-0103,13,de7593d76648450e947ba0c203dee1b0,22,pedestrian,15.385951757192975,0.5182165617542779,4.583500354211345,-3.4683327365570125,,0.0,15.385951757192975,SAFE,0.4922771155834198,10
scene-0103,13,de7593d76648450e947ba0c203dee1b0,27,pedestrian,42.919859739422805,1.2745863505609312,4.583500354211345,-3.226802758994534,,0.0,42.919859739422805,SAFE,0.39924192428588867,12
scene-0103,13,de7593d76648450e947ba0c203dee1b0,30,pedestrian,14.179680110781874,1.3365504969549888,4.583500354211345,-2.6192088740539208,,0.0,14.179680110781874,SAFE,0.4416953921318054,11
scene-0103,13,de7593d76648450e947ba0c203dee1b0,35,pedestrian,19.16021778243053,0.44775503083498674,4.583500354211345,-4.657472459762047,,0.0,19.16021778243053,SAFE,0.30911967158317566,11
scene-0103,13,de7593d76648450e947ba0c203dee1b0,36,car,32.32301905290381,4.09403891525434,4.583500354211345,-0.5053170949572056,,0.0,32.32301905290381,SAFE,0.5245277881622314,11
scene-0103,13,de7593d76648450e947ba0c203dee1b0,46,car,15.641139460424355,0.10314686275864429,4.583500354211345,4.306328687824997,3.6321285703633195,3.3538878927923728,4.329104733718828,CAUTION,0.9074918627738953,10
scene-0103,13,de7593d76648450e947ba0c203dee1b0,53,car,7.592671632195863,0.11835839104326658,4.583500354211345,-0.2571347510154012,,0.0,7.592671632195863,SAFE,0.9593570828437805,9
scene-0103,13,de7593d76648450e947ba0c203dee1b0,57,pedestrian,31.14541097354439,1.496689847563218,4.583500354211345,-5.933727890071526,,0.0,31.14541097354439,SAFE,0.3309275209903717,8
scene-0103,13,de7593d76648450e947ba0c203dee1b0,58,pedestrian,14.957472732942865,1.210707696692064,4.583500354211345,2.0654017623420473,7.241919226398813,2.6890788619137,11.8596696788319,SAFE,0.45324647426605225,8
scene-0103,13,de7593d76648450e947ba0c203dee1b0,71,car,17.807217080666586,0.7424977232226211,4.583500354211345,4.169082454587742,4.271255671873596,4.024821772120977,4.277288003012849,CAUTION,0.7254224419593811,6
scene-0103,13,de7593d76648450e947ba0c203dee1b0,79,car,20.294491289452292,0.1318575043622455,4.583500354211345,3.137836553495802,6.467669983270032,3.2109588267227753,14.401040266371467,SAFE,0.8104805946350098,5
scene-0103,13,de7593d76648450e947ba0c203dee1b0,84,pedestrian,15.603431065128026,1.3496130778339839,4.583500354211345,2.711236954947674,5.755096778484701,4.041726507493145,8.513720815779335,SAFE,0.3175712823867798,5
scene-0103,13,de7593d76648450e947ba0c203dee1b0,85,pedestrian,32.7097609404894,0.8522810009788566,4.583500354211345,3.6233658808908054,9.027451826766029,8.488803631510878,7.99001114030959,SAFE,0.30355510115623474,3
scene-0103,13,de7593d76648450e947ba0c203dee1b0,87,pedestrian,22.25218214939657,1.1149816652494804,4.583500354211345,5.30155106805638,4.197296576745892,3.635161459211241,8.143444415256912,SAFE,0.4467759430408478,4
scene-0103,13,de7593d76648450e947ba0c203dee1b0,89,car,26.537079263115775,0.29245711583175316,4.583500354211345,4.730795884049185,5.609432305585366,5.540669588442323,2.9381244055136446,CAUTION,0.6437574028968811,4
scene-0103,13,de7593d76648450e947ba0c203dee1b0,91,car,36.93502305040347,0.17772707356279766,4.583500354211345,4.37388519989865,8.444442723658891,8.076619412052699,7.708546602239782,SAFE,0.5423340201377869,3
scene-0103,13,de7593d76648450e947ba0c203dee1b0,94,car,30.886281188951607,0.48798274672206077,4.583500354211345,4.761834464520117,6.486214802106573,5.786613757193397,10.143671638522582,SAFE,0.37967318296432495,3
scene-0103,14,f753d3f87e5b40af87ff2cbf7c8e7082,8,pedestrian,25.153902629638196,0.11291127244193457,3.444559208673923,-3.179500126656113,,0.0,25.153902629638196,SAFE,0.37316760420799255,11
scene-0103,14,f753d3f87e5b40af87ff2cbf7c8e7082,17,pedestrian,19.95216063204307,0.14414928663518614,3.444559208673923,-3.2573016491668576,,0.0,19.95216063204307,SAFE,0.3760921061038971,12
scene-0103,14,f753d3f87e5b40af87ff2cbf7c8e7082,30,pedestrian,15.252520862361228,1.325191764747609,3.444559208673923,-1.7406373522506278,,0.0,15.252520862361228,SAFE,0.39440813660621643,12
scene-0103,14,f753d3f87e5b40af87ff2cbf7c8e7082,35,pedestrian,21.62260971802418,0.6759786907763793,3.444559208673923,-3.88206779355058,,0.0,21.62260971802418,SAFE,0.33459439873695374,12
scene-0103,14,f753d3f87e5b40af87ff2cbf7c8e7082,36,car,32.98423093821964,3.6645214799383394,3.444559208673923,0.20306929868706802,162.4284475864995,39.02646698240147,28.749902806226913,SAFE,0.47559288144111633,12
scene-0103,14,f753d3f87e5b40af87ff2cbf7c8e7082,46,car,13.68150265711597,0.055046168234252124,3.444559208673923,3.215786080786268,4.254481583479834,3.827354467721749,4.33499944927584,CAUTION,0.9442161321640015,11
scene-0103,14,f753d3f87e5b40af87ff2cbf7c8e7082,53,car,7.928299951210913,0.16175321597032025,3.444559208673923,-0.9621794689675292,,0.0,7.928299951210913,SAFE,0.9661413431167603,10
scene-0103,14,f753d3f87e5b40af87ff2cbf7c8e7082,57,pedestrian,33.884244410133434,1.5290832585494345,3.444559208673923,-4.8628516608066885,,0.0,33.884244410133434,SAFE,0.34219199419021606,9
scene-0103,14,f753d3f87e5b40af87ff2cbf7c8e7082,58,pedestrian,13.974104039535849,1.1820532609590604,3.444559208673923,1.3693128919527335,10.205194241330645,3.604266548471275,11.23869337188496,SAFE,0.34927287697792053,9
scene-0103,14,f753d3f87e5b40af87ff2cbf7c8e7082,71,car,15.912760602121836,0.8055501172944973,3.444559208673923,3.1467137182443246,5.056945762133134,4.887749313316716,2.910697032358158,CAUTION,0.623339056968689,7
scene-0103,14,f753d3f87e5b40af87ff2cbf7c8e7082,79,car,18.942398371839538,0.11353879633508253,3.444559208673923,2.1734015351346665,8.715553967189889,3.705564489044561,14.36170079414715,SAFE,0.7367641925811768,6
scene-0103,14,f753d3f87e5b40af87ff2cbf7c8e7082,87,pedestrian,19.704630181328994,1.2376492991395958,3.444559208673923,4.287170418729988,4.59618542226418,3.859676181180882,7.887849543830127,SAFE,0.4715556502342224,5
scene-0103,14,f753d3f87e5b40af87ff2cbf7c8e7082,89,car,24.480339111764827,0.18375604082424687,3.444559208673923,3.5622051496052056,6.872242917979598,6.721647744178785,3.623879142218245,CAUTION,0.8000790476799011,5
scene-0103,14,f753d3f87e5b40af87ff2cbf7c8e7082,91,car,34.968452507847125,0.1381197707348003,3.444559208673923,3.2934937731873166,10.617433921548303,10.12203919451744,7.553397147393564,SAFE,0.6895954012870789,4
scene-0103,14,f753d3f87e5b40af87ff2cbf7c8e7082,94,car,29.24649255122042,0.17406274496726357,3.444559208673923,3.14830562909491,9.289597642916371,8.109022946108713,10.426104493653487,SAFE,0.3703877329826355,4
scene-0103,14,f753d3f87e5b40af87ff2cbf7c8e7082,96,car,45.59170911610325,0.15987678237086023,3.444559208673923,3.383400866997823,13.47511303221895,13.053627503641426,8.063266216373272,SAFE,0.6532502174377441,3
scene-0103,15,b22fa0b3c34f47b6a360b60f35d5d567,17,pedestrian,21.617509062290168,0.31115691771971543,2.3393266665088586,-2.4573986826668013,,0.0,21.617509062290168,SAFE,0.3499172031879425,13
scene-0103,15,b22fa0b3c34f47b6a360b60f35d5d567,22,pedestrian,16.90286279671561,0.9441230661324581,2.3393266665088586,-1.2129064664129234,,0.0,16.90286279671561,SAFE,0.36444053053855896,11
scene-0103,15,b22fa0b3c34f47b6a360b60f35d5d567,27,pedestrian,45.08993786676819,0.958734041032427,2.3393266665088586,-1.368705157481439,,0.0,45.08993786676819,SAFE,0.310395210981369,13
scene-0103,15,b22fa0b3c34f47b6a360b60f35d5d567,30,pedestrian,15.794075030251372,1.3473863320033537,2.3393266665088586,-0.7764650959315293,,0.0,15.794075030251372,SAFE,0.3238663077354431,13
scene-0103,15,b22fa0b3c34f47b6a360b60f35d5d567,35,pedestrian,23.327707304801482,0.7909796780169371,2.3393266665088586,-2.896598102029091,,0.0,23.327707304801482,SAFE,0.3352428078651428,13
scene-0103,15,b22fa0b3c34f47b6a360b60f35d5d567,36,car,33.276014454016405,3.2189234137727727,2.3393266665088586,0.8666552993616727,38.395904898436044,34.434703201049025,10.688144799444485,SAFE,0.5811651945114136,13
scene-0103,15,b22fa0b3c34f47b6a360b60f35d5d567,46,car,12.360064091312108,0.04777127892087022,2.3393266665088586,2.1459921324742037,5.759603637065377,5.034490344246933,4.38558322939258,CAUTION,0.9442507028579712,12
scene-0103,15,b22fa0b3c34f47b6a360b60f35d5d567,53,car,8.416221251397882,0.16520948479609499,2.3393266665088586,-0.9448119135023969,,0.0,8.416221251397882,SAFE,0.9569775462150574,11
scene-0103,15,b22fa0b3c34f47b6a360b60f35d5d567,57,pedestrian,36.11088484408547,1.6020608017932971,2.3393266665088586,-3.850796031395763,,0.0,36.11088484408547,SAFE,0.33271628618240356,10
scene-0103,15,b22fa0b3c34f47b6a360b60f35d5d567,58,pedestrian,13.677653406478026,1.2083775458168033,2.3393266665088586,0.6261387063892069,21.844446393282094,6.548810733071558,11.445238264906024,SAFE,0.422157883644104,10
scene-0103,15,b22fa0b3c34f47b6a360b60f35d5d567,59,pedestrian,25.502636799028178,0.23158508775790748,2.3393266665088586,-2.4583894708874467,,0.0,25.502636799028178,SAFE,0.3448232412338257,7
scene-0103,15,b22fa0b3c34f47b6a360b60f35d5d567,71,car,14.733633898750885,1.3063741373814488,2.3393266665088586,2.051871892311651,7.180581767291469,6.864134747382014,3.0930045820057646,CAUTION,0.4478369653224945,8
scene-0103,15,b22fa0b3c34f47b6a360b60f35d5d567,79,car,18.03856348210371,0.07409331232076244,2.3393266665088586,1.3820285514823445,13.052236484373497,4.835501814359885,14.312289550305616,SAFE,0.8488540053367615,7
scene-0103,15,b22fa0b3c34f47b6a360b60f35d5d567,84,pedestrian,14.06171481109131,1.0596119161196853,2.3393266665088586,0.9675586793908151,14.533190710401886,8.28438054151318,9.220542312727282,SAFE,0.3594019412994385,6
scene-0103,15,b22fa0b3c34f47b6a360b60f35d5d567,87,pedestrian,17.714148916703003,1.3360221044634373,2.3393266665088586,3.3143683116796074,5.34465311362034,4.3567992882785225,7.615648178600771,SAFE,0.38783079385757446,6
scene-0103,15,b22fa0b3c34f47b6a360b60f35d5d567,89,car,23.072250169227928,0.1289561003000688,2.3393266665088586,2.4183586803658668,9.540458310236012,9.29866349140851,3.6730668136106646,SAFE,0.6155990362167358,6
scene-0103,15,b22fa0b3c34f47b6a360b60f35d5d567,91,car,33.58713780836467,0.03554222477350634,2.3393266665088586,2.239792636146884,14.995646144343361,14.0370430134168,8.49199687916026,SAFE,0.5505602955818176,5
scene-0103,15,b22fa0b3c34f47b6a360b60f35d5d567,94,car,27.96949433576533,0.1695509791397183,2.3393266665088586,2.0798107393626073,13.448095928352139,11.376925477278842,10.97645588631454,SAFE,0.3693554103374481,5
scene-0103,15,b22fa0b3c34f47b6a360b60f35d5d567,96,car,44.08854649821782,0.10615359400993368,2.3393266665088586,2.3984530026060904,18.382076467753368,17.928778751539785,6.923413373685693,SAFE,0.6606844067573547,4
scene-0103,15,b22fa0b3c34f47b6a360b60f35d5d567,102,car,23.200306562544892,0.35850063268500987,2.3393266665088586,1.2746013383023005,18.202010201437915,4.0630733262398415,20.44760394637609,SAFE,0.6717698574066162,3
scene-0103,16,0a0d6b8c2e884134a3b48df43d54c36a,17,pedestrian,22.917813005314585,0.5156793116054269,1.7588143099953795,-2.1175601745263526,,0.0,22.917813005314585,SAFE,0.3733339011669159,14
scene-0103,16,0a0d6b8c2e884134a3b48df43d54c36a,22,pedestrian,17.054507392506835,1.0684404073866312,1.7588143099953795,-0.5830752213066687,,0.0,17.054507392506835,SAFE,0.40282517671585083,12
scene-0103,16,0a0d6b8c2e884134a3b48df43d54c36a,30,pedestrian,15.93699358381844,1.3871275905565452,1.7588143099953795,-0.2566112260872118,,0.0,15.93699358381844,SAFE,0.42602986097335815,14
scene-0103,16,0a0d6b8c2e884134a3b48df43d54c36a,35,pedestrian,24.80177924254687,0.9366323927704416,1.7588143099953795,-2.5123451633531175,,0.0,24.80177924254687,SAFE,0.33138999342918396,14
scene-0103,16,0a0d6b8c2e884134a3b48df43d54c36a,36,car,33.60615627018842,2.5799200722546685,1.7588143099953795,0.8161186423592877,41.17802795563842,39.43782778333646,6.908530418564349,SAFE,0.6757047176361084,14
scene-0103,16,0a0d6b8c2e884134a3b48df43d54c36a,46,car,11.52119570999111,0.049067045441798275,1.7588143099953795,1.588780797792389,7.251595516511663,6.261699769698188,4.25672405118824,CAUTION,0.9112370014190674,13
scene-0103,16,0a0d6b8c2e884134a3b48df43d54c36a,53,car,8.822032325571238,0.1517839965148713,1.7588143099953795,-0.8228904102864045,,0.0,8.822032325571238,SAFE,0.9396336674690247,12
scene-0103,16,0a0d6b8c2e884134a3b48df43d54c36a,57,pedestrian,37.78847943849146,1.6093824765774456,1.7588143099953795,-3.285046434257028,,0.0,37.78847943849146,SAFE,0.31108665466308594,11
scene-0103,16,0a0d6b8c2e884134a3b48df43d54c36a,59,pedestrian,26.556154383443438,0.30557940145182666,1.7588143099953795,-1.9334038093606218,,0.0,26.556154383443438,SAFE,0.39672157168388367,8
scene-0103,16,0a0d6b8c2e884134a3b48df43d54c36a,71,car,14.0769879955697,1.7658619428262365,1.7588143099953795,1.362503071683581,10.331711016383565,5.77836199029435,9.34521044785307,SAFE,0.6227095127105713,9
scene-0103,16,0a0d6b8c2e884134a3b48df43d54c36a,79,car,17.53032527485287,0.030052142366437225,1.7588143099953795,0.9563133960907473,18.331151008146463,5.566524713471893,14.628478552052352,SAFE,0.8611649870872498,8
scene-0103,16,0a0d6b8c2e884134a3b48df43d54c36a,84,pedestrian,13.760566411295361,1.0424412161598782,1.7588143099953795,0.5139482463908907,26.77422582512241,13.645095781498858,9.635978551166465,SAFE,0.3530009984970093,7
scene-0103,16,0a0d6b8c2e884134a3b48df43d54c36a,85,pedestrian,30.86330127819416,0.8185859436546027,1.7588143099953795,0.9061437282510434,34.060050647554235,31.62456587599545,8.25301135793479,SAFE,0.3642183244228363,4
scene-0103,16,0a0d6b8c2e884134a3b48df43d54c36a,87,pedestrian,16.160636457324202,1.4481139856431815,1.7588143099953795,2.817477461212431,5.735852967700361,4.432781488492323,7.702710494700294,SAFE,0.39854753017425537,7
scene-0103,16,0a0d6b8c2e884134a3b48df43d54c36a,89,car,22.145886115878692,0.0954930636184948,1.7588143099953795,1.8191668719997902,12.173641932877748,11.732278128488973,4.216782080761762,SAFE,0.5913395285606384,7
scene-0103,16,0a0d6b8c2e884134a3b48df43d54c36a,96,car,43.14805567440153,0.07628451165091531,1.7588143099953795,1.813416578802277,23.793791332215516,23.504332524688806,4.7590776453638615,SAFE,0.5579901933670044,5
scene-0103,16,0a0d6b8c2e884134a3b48df43d54c36a,102,car,22.39212485616013,0.47422650769264696,1.7588143099953795,1.2334639879424865,18.15385376066952,6.310179585009029,18.086482660614507,SAFE,0.6501103639602661,4
scene-0103,17,8e9c2cba0ee74056aa3746e8391d54a9,17,pedestrian,24.007803923696283,0.6245599100121221,1.6738779794616014,-2.1562734669943877,,0.0,24.007803923696283,SAFE,0.3673069179058075,15
scene-0103,17,8e9c2cba0ee74056aa3746e8391d54a9,30,pedestrian,16.016698670016567,1.4063783376353483,1.6738779794616014,-0.18225544457549184,,0.0,16.016698670016567,SAFE,0.4348418116569519,15
scene-0103,17,8e9c2cba0ee74056aa3746e8391d54a9,35,pedestrian,25.929655687872856,0.9691278225262985,1.6738779794616014,-2.4656387159109854,,0.0,25.929655687872856,SAFE,0.410033255815506,15
scene-0103,17,8e9c2cba0ee74056aa3746e8391d54a9,36,car,34.11363558872605,2.0126968430836865,1.6738779794616014,0.33662193426163645,101.34109550392971,91.31141367547569,10.731953606643058,SAFE,0.44672492146492004,15
scene-0103,17,8e9c2cba0ee74056aa3746e8391d54a9,46,car,10.793353321788837,0.012393916707306697,1.6738779794616014,1.528727096661193,7.060353247719618,5.97684825663639,4.228230326749018,CAUTION,0.9360463619232178,14
scene-0103,17,8e9c2cba0ee74056aa3746e8391d54a9,53,car,9.268394838733425,0.07203807912597346,1.6738779794616014,-0.926824002103646,,0.0,9.268394838733425,SAFE,0.9579197764396667,13
scene-0103,17,8e9c2cba0ee74056aa3746e8391d54a9,57,pedestrian,39.343551504771405,1.6751694851425525,1.6738779794616014,-3.2780058350959456,,0.0,39.343551504771405,SAFE,0.30288857221603394,12
scene-0103,17,8e9c2cba0ee74056aa3746e8391d54a9,58,pedestrian,13.003912887809228,0.8005678726556903,1.6738779794616014,0.5575382926286713,23.323802256699928,8.508801946879318,10.363947601841405,SAFE,0.5233134627342224,11
scene-0103,17,8e9c2cba0ee74056aa3746e8391d54a9,59,pedestrian,27.419378862602375,0.4310791881593444,1.6738779794616014,-1.8799148469036822,,0.0,27.419378862602375,SAFE,0.36429235339164734,9
scene-0103,17,8e9c2cba0ee74056aa3746e8391d54a9,71,car,14.019277226760863,2.318820774308927,1.6738779794616014,0.8292115131270632,16.90675660531095,2.8922018291484846,12.763950941547392,SAFE,0.634347140789032,10
scene-0103,17,8e9c2cba0ee74056aa3746e8391d54a9,79,car,17.086754089896015,0.010894458517871894,1.6738779794616014,0.8821606916901481,19.369208184916044,5.314905186468174,14.554868692652141,SAFE,0.8434022665023804,9
scene-0103,17,8e9c2cba0ee74056aa3746e8391d54a9,84,pedestrian,13.624936209874345,1.0914021683533732,1.6738779794616014,0.41304437185046505,32.98661630186066,16.419764485083856,9.655740535378063,SAFE,0.37210986018180847,8
scene-0103,17,8e9c2cba0ee74056aa3746e8391d54a9,85,pedestrian,30.686932922049106,0.8935938984960908,1.6738779794616014,0.7523705913888405,40.78699150827052,37.908193934258065,8.15263899365383,SAFE,0.3382287323474884,5
scene-0103,17,8e9c2cba0ee74056aa3746e8391d54a9,87,pedestrian,14.865925143157362,1.5072356713769188,1.6738779794616014,2.7199324049211806,5.465549480663713,3.999641307793283,7.698895227911707,SAFE,0.32300227880477905,8
scene-0103,17,8e9c2cba0ee74056aa3746e8391d54a9,94,car,25.587020234165372,0.42710050902476243,1.6738779794616014,1.919621219776979,13.32920264193478,11.179972882393752,10.274461048390226,SAFE,0.5260523557662964,6
scene-0103,17,8e9c2cba0ee74056aa3746e8391d54a9,102,car,22.111109057421164,0.3159875865034457,1.6738779794616014,0.9410542726622941,23.496103997134643,5.492915757510502,19.35473858869885,SAFE,0.7160947918891907,5
scene-0103,17,8e9c2cba0ee74056aa3746e8391d54a9,108,pedestrian,33.30798684929787,0.7805722026962931,1.6738779794616014,-2.1106508057046476,,0.0,33.30798684929787,SAFE,0.39384743571281433,3
scene-0103,17,8e9c2cba0ee74056aa3746e8391d54a9,114,pedestrian,27.705004073354242,0.6535575510335129,1.6738779794616014,-1.5295855792889863,,0.0,27.705004073354242,SAFE,0.3040737211704254,3
scene-0103,17,8e9c2cba0ee74056aa3746e8391d54a9,116,pedestrian,20.882934337764528,0.8314395397657887,1.6738779794616014,2.011710458591746,10.380685872848309,6.693167943967767,12.446452000933482,SAFE,0.33407944440841675,3
scene-0103,18,fdc39b23ab4242eda6ec5e1e6574fe33,17,pedestrian,25.361194280561577,0.772956955572969,1.7640430287094127,-2.4207071656277614,,0.0,25.361194280561577,SAFE,0.3470492660999298,16
scene-0103,18,fdc39b23ab4242eda6ec5e1e6574fe33,35,pedestrian,27.02138097797002,0.8687695020513172,1.7640430287094127,-2.4717059530666945,,0.0,27.02138097797002,SAFE,0.3353070020675659,16
scene-0103,18,fdc39b23ab4242eda6ec5e1e6574fe33,36,car,34.96091487939836,1.3770098413144423,1.7640430287094127,-0.3890792726084489,,0.0,34.96091487939836,SAFE,0.561928391456604,16
scene-0103,18,fdc39b23ab4242eda6ec5e1e6574fe33,46,car,9.945390128202872,0.046786032199528586,1.7640430287094127,1.6391876697777445,6.067267532308461,4.9719572984328675,4.22565293137697,CAUTION,0.9450459480285645,15
scene-0103,18,fdc39b23ab4242eda6ec5e1e6574fe33,53,car,9.848599073750439,0.024368256224584592,1.7640430287094127,-1.1450496337052838,,0.0,9.848599073750439,SAFE,0.9451338052749634,14
scene-0103,18,fdc39b23ab4242eda6ec5e1e6574fe33,58,pedestrian,12.664877925918477,0.8200889499319963,1.7640430287094127,0.6037852615685485,20.975798403917512,7.490588827727539,10.154782081530357,SAFE,0.42810606956481934,12
scene-0103,18,fdc39b23ab4242eda6ec5e1e6574fe33,59,pedestrian,28.308659935288244,0.4753879887168652,1.7640430287094127,-1.9459899747689717,,0.0,28.308659935288244,SAFE,0.31526997685432434,10
scene-0103,18,fdc39b23ab4242eda6ec5e1e6574fe33,71,car,14.572279521509797,2.898137534662794,1.7640430287094127,0.12648681547667562,115.20789314358974,0.3759368633912469,14.548484565880598,SAFE,0.7046944499015808,11
scene-0103,18,fdc39b23ab4242eda6ec5e1e6574fe33,79,car,16.70857167644216,0.05338185474690422,1.7640430287094127,0.8253799359488374,20.243491450073083,4.3071646909744175,14.824864402807131,SAFE,0.6022663712501526,10
scene-0103,18,fdc39b23ab4242eda6ec5e1e6574fe33,84,pedestrian,13.512010295245561,1.1646981650782189,1.7640430287094127,0.42062606704095246,32.12356854224639,15.658162534741905,9.673737476334153,SAFE,0.37527480721473694,9
scene-0103,18,fdc39b23ab4242eda6ec5e1e6574fe33,89,car,19.659268570622277,0.5539448673069027,1.7640430287094127,2.1941221893382195,8.959969807584788,8.130829517141539,5.980370524268475,SAFE,0.7340843677520752,8
scene-0103,18,fdc39b23ab4242eda6ec5e1e6574fe33,91,car,31.021563993106042,0.04819960189042309,1.7640430287094127,1.7339791852473438,17.89039006756068,16.379135921375344,9.016179252244317,SAFE,0.3347599506378174,6
scene-0103,18,fdc39b23ab4242eda6ec5e1e6574fe33,94,car,24.688842878210917,0.3635164519626955,1.7640430287094127,1.9611292536306457,12.589095202421957,10.69903041315567,9.5662521219248,SAFE,0.8133823275566101,7
scene-0103,18,fdc39b23ab4242eda6ec5e1e6574fe33,96,car,41.5086993781949,0.08079313102638909,1.7640430287094127,1.8009237766135264,23.04855980981507,22.8504564589119,3.8482487725975387,SAFE,0.3106059730052948,6
scene-0103,18,fdc39b23ab4242eda6ec5e1e6574fe33,102,car,21.806490045935067,0.18707914944595117,1.7640430287094127,0.8067136542015868,27.031264355525487,4.752670628714716,19.7968674157194,SAFE,0.5993703603744507,6
scene-0103,18,fdc39b23ab4242eda6ec5e1e6574fe33,108,pedestrian,34.880923518519964,1.0334627754498835,1.7640430287094127,-2.633260397608654,,0.0,34.880923518519964,SAFE,0.3967217206954956,4
scene-0103,18,fdc39b23ab4242eda6ec5e1e6574fe33,113,pedestrian,20.411339678935466,0.712098399109364,1.7640430287094127,1.9464940682925629,10.48620697664905,6.492643074485131,12.596289006154175,SAFE,0.3819214701652527,3
scene-0103,18,fdc39b23ab4242eda6ec5e1e6574fe33,114,pedestrian,28.377518655114503,1.0126021987842773,1.7640430287094127,-1.5487193474007115,,0.0,28.377518655114503,SAFE,0.3606140911579132,4
scene-0103,18,fdc39b23ab4242eda6ec5e1e6574fe33,116,pedestrian,19.449936774680832,1.2384807879464892,1.7640430287094127,2.455676426086983,7.920398863653827,5.339945512759701,11.10178145390445,SAFE,0.33149316906929016,4
scene-0103,19,9ee4020153674b9e9943d395ff8cfdf3,17,pedestrian,27.34274551166757,1.2641794242641846,1.9694634304626384,-3.093141252560602,,0.0,27.34274551166757,SAFE,0.30000239610671997,17
scene-0103,19,9ee4020153674b9e9943d395ff8cfdf3,22,pedestrian,17.08483101494292,0.8635793737822908,1.9694634304626384,-0.964633617401445,,0.0,17.08483101494292,SAFE,0.38073432445526123,13
scene-0103,19,9ee4020153674b9e9943d395ff8cfdf3,30,pedestrian,16.518753122411297,1.055600481670401,1.9694634304626384,-0.8549862025546439,,0.0,16.518753122411297,SAFE,0.31115999817848206,16
scene-0103,19,9ee4020153674b9e9943d395ff8cfdf3,36,car,36.042974539595434,0.8493695375008382,1.9694634304626384,-1.1230379051341535,,0.0,36.042974539595434,SAFE,0.3669532239437103,17
scene-0103,19,9ee4020153674b9e9943d395ff8cfdf3,46,car,9.06392974016065,0.07678138870355468,1.9694634304626384,1.8019397837656492,5.030095801103338,3.9050818295763343,4.286544731797084,CAUTION,0.9547385573387146,16
scene-0103,19,9ee4020153674b9e9943d395ff8cfdf3,53,car,10.51435538466652,0.058290914049986486,1.9694634304626384,-1.410308045929093,,0.0,10.51435538466652,SAFE,0.9431149959564209,15
scene-0103,19,9ee4020153674b9e9943d395ff8cfdf3,58,pedestrian,12.338711861361825,0.9070573097726885,1.9694634304626384,0.669008771006431,18.443273685036957,6.314604971725528,10.005928240638262,SAFE,0.42447689175605774,13
scene-0103,19,9ee4020153674b9e9943d395ff8cfdf3,59,pedestrian,29.20812913303189,0.7254747351980517,1.9694634304626384,-2.101233364452671,,0.0,29.20812913303189,SAFE,0.32483378052711487,11
scene-0103,19,9ee4020153674b9e9943d395ff8cfdf3,71,car,15.947733753726611,3.6099408252405936,1.9694634304626384,-0.7630605772563879,,0.0,15.947733753726611,SAFE,0.8101924061775208,12
scene-0103,19,9ee4020153674b9e9943d395ff8cfdf3,79,car,16.170385568916867,0.06560775179268208,1.9694634304626384,0.9128086656678953,17.714978151620763,3.577848439612449,14.44543705739433,SAFE,0.7755550146102905,11
scene-0103,19,9ee4020153674b9e9943d395ff8cfdf3,89,car,18.26190675567806,0.7003542633256779,1.9694634304626384,2.505681408263893,7.28819980682666,6.494797998097909,6.025354157301208,SAFE,0.884252667427063,9
scene-0103,19,9ee4020153674b9e9943d395ff8cfdf3,94,car,23.83423823607648,0.2573368013753698,1.9694634304626384,2.048780064112228,11.633380592466997,9.847930057370778,9.337319492346895,SAFE,0.7832952737808228,8
scene-0103,19,9ee4020153674b9e9943d395ff8cfdf3,96,car,40.55773902960542,0.057172473479589134,1.9694634304626384,2.0080988277723,20.19708316577151,19.866297099688534,5.190426112772739,SAFE,0.6161127686500549,7
scene-0103,19,9ee4020153674b9e9943d395ff8cfdf3,102,car,21.325444746100057,0.2037688409628043,1.9694634304626384,0.8651919815185258,24.648222824107886,4.295227654919631,19.378468720248875,SAFE,0.4360308349132538,7
scene-0103,19,9ee4020153674b9e9943d395ff8cfdf3,108,pedestrian,36.51240458219014,1.2130649762150194,1.9694634304626384,-3.038152903728623,,0.0,36.51240458219014,SAFE,0.3901612162590027,5
scene-0103,19,9ee4020153674b9e9943d395ff8cfdf3,110,car,25.177971024790647,0.08165059191837937,1.9694634304626384,0.954061578685435,26.390299732520845,5.788184232823932,22.246130307921373,SAFE,0.7114130854606628,3
scene-0103,19,9ee4020153674b9e9943d395ff8cfdf3,113,pedestrian,19.19055392081087,0.8566735091968852,1.9694634304626384,2.1714640821914273,8.837610568001608,5.218972629459672,12.279838252024074,SAFE,0.44793373346328735,4
scene-0103,19,9ee4020153674b9e9943d395ff8cfdf3,114,pedestrian,29.133673246776752,1.1637288145399802,1.9694634304626384,-1.7365612089280102,,0.0,29.133673246776752,SAFE,0.3427163064479828,5
scene-0103,19,9ee4020153674b9e9943d395ff8cfdf3,115,pedestrian,26.479702791118715,0.7008699163247364,1.9694634304626384,-2.5647027193984986,,0.0,26.479702791118715,SAFE,0.3193346858024597,3
scene-0103,19,9ee4020153674b9e9943d395ff8cfdf3,116,pedestrian,18.019528508073833,1.456196254952961,1.9694634304626384,2.653576346762159,6.79065764588266,4.094119172631139,11.355096144952974,SAFE,0.3773603141307831,5
scene-0103,20,5b03af7a953245b5a3b23191ed4da62a,17,pedestrian,28.29043163720134,0.8356553076729418,2.301563473069947,-3.013979868339286,,0.0,28.29043163720134,SAFE,0.3369190990924835,18
scene-0103,20,5b03af7a953245b5a3b23191ed4da62a,22,pedestrian,17.422606812888528,0.9528389192367924,2.301563473069947,-1.192727226252817,,0.0,17.422606812888528,SAFE,0.31988680362701416,14
scene-0103,20,5b03af7a953245b5a3b23191ed4da62a,30,pedestrian,17.03644632878546,1.036273019090406,2.301563473069947,-1.1706519642431203,,0.0,17.03644632878546,SAFE,0.4440726935863495,17
scene-0103,20,5b03af7a953245b5a3b23191ed4da62a,35,pedestrian,29.1602162218852,0.40840127639712204,2.301563473069947,-2.5581058682099824,,0.0,29.1602162218852,SAFE,0.4232092499732971,17
scene-0103,20,5b03af7a953245b5a3b23191ed4da62a,36,car,37.25454447372857,0.48208989273333,2.301563473069947,-1.8198198372615078,,0.0,37.25454447372857,SAFE,0.474648654460907,18
scene-0103,20,5b03af7a953245b5a3b23191ed4da62a,46,car,8.161250375113868,0.06332157729802086,2.301563473069947,1.9917426194991643,4.097542672037647,2.921208914867336,4.372806290632207,CAUTION,0.9567563533782959,17
scene-0103,20,5b03af7a953245b5a3b23191ed4da62a,53,car,11.294465156051803,0.04922007941358204,2.301563473069947,-1.7476461166862631,,0.0,11.294465156051803,SAFE,0.9492926597595215,16
scene-0103,20,5b03af7a953245b5a3b23191ed4da62a,57,pedestrian,46.69173375004407,1.5323636202370634,2.301563473069947,-3.803538958510308,,0.0,46.69173375004407,SAFE,0.41902536153793335,13
scene-0103,20,5b03af7a953245b5a3b23191ed4da62a,58,pedestrian,11.756220452884488,0.9538958973770381,2.301563473069947,0.8925395938386589,13.171651469626138,4.577345042784895,9.496269326007532,SAFE,0.3582552969455719,14
scene-0103,20,5b03af7a953245b5a3b23191ed4da62a,59,pedestrian,30.303784062202094,0.9202504645585852,2.301563473069947,-2.448249920602056,,0.0,30.303784062202094,SAFE,0.3232051134109497,12
scene-0103,20,5b03af7a953245b5a3b23191ed4da62a,71,car,17.53407330532256,4.108679506521885,2.301563473069947,-1.3012259737977385,,0.0,17.53407330532256,SAFE,0.8367376327514648,13
scene-0103,20,5b03af7a953245b5a3b23191ed4da62a,79,car,15.753071451621098,0.03787360549455004,2.301563473069947,0.9168084538841476,17.182511117651337,2.6405832900316897,14.492153269609105,SAFE,0.7755091190338135,12
scene-0103,20,5b03af7a953245b5a3b23191ed4da62a,84,pedestrian,12.908789126658107,0.9720523325197254,2.301563473069947,1.0335747913157585,12.489458174792553,7.492687413198773,8.165041947050865,SAFE,0.39660757780075073,10
scene-0103,20,5b03af7a953245b5a3b23191ed4da62a,85,pedestrian,30.234599203209186,0.7781491750790536,2.301563473069947,1.4494698759833526,20.859073861536693,18.857000271061764,9.366918107670783,SAFE,0.3729534149169922,6
scene-0103,20,5b03af7a953245b5a3b23191ed4da62a,87,pedestrian,10.833268046505353,0.890475349232825,2.301563473069947,2.0801469914231294,5.207933906196595,2.2118113269939896,8.216872454863799,SAFE,0.4361847937107086,9
scene-0103,20,5b03af7a953245b5a3b23191ed4da62a,89,car,16.825980605441977,0.8292524865391026,2.301563473069947,2.8591286322789298,5.885003009476516,5.014043772632311,6.473005172235431,SAFE,0.8270503282546997,10
scene-0103,20,5b03af7a953245b5a3b23191ed4da62a,94,car,22.87315343949739,0.186929016439872,2.301563473069947,2.269521738548564,10.078402445321164,8.384047000509856,9.37847999711502,SAFE,0.6809475421905518,9
scene-0103,20,5b03af7a953245b5a3b23191ed4da62a,96,car,39.374173758880694,0.14873162099443366,2.301563473069947,2.39932206793846,16.410541246224472,15.917556772927432,6.824433742592245,SAFE,0.6626831889152527,8
scene-0103,20,5b03af7a953245b5a3b23191ed4da62a,102,car,21.16193057633993,0.11445639004842308,2.301563473069947,0.699855453121568,30.237573318820747,2.537277350161787,20.254616411494137,SAFE,0.4188488721847534,8
scene-0103,20,5b03af7a953245b5a3b23191ed4da62a,108,pedestrian,38.11125585110772,1.2370720445589178,2.301563473069947,-3.3755386127589966,,0.0,38.11125585110772,SAFE,0.40186449885368347,6
scene-0103,20,5b03af7a953245b5a3b23191ed4da62a,113,pedestrian,17.91467597167838,0.9494038934223854,2.301563473069947,2.4228389973822035,7.394084374172031,4.106963209775019,11.944682564322397,SAFE,0.4694494903087616,5
scene-0103,20,5b03af7a953245b5a3b23191ed4da62a,114,pedestrian,29.96760055611009,1.2595413891214144,2.301563473069947,-2.032980461465286,,0.0,29.96760055611009,SAFE,0.3417535126209259,6
scene-0103,20,5b03af7a953245b5a3b23191ed4da62a,116,pedestrian,16.55639050101757,1.557380083323441,2.301563473069947,2.8164253691763284,5.878512060789856,3.147177640140873,11.285463312789338,SAFE,0.3705067038536072,6
scene-0103,20,5b03af7a953245b5a3b23191ed4da62a,122,pedestrian,37.51737279067376,0.7271455291075124,2.301563473069947,-2.846964095740529,,0.0,37.51737279067376,SAFE,0.4462101459503174,3
scene-0103,21,d0ecf474e0e64950aa265cd44b9c9d75,22,pedestrian,17.996270351142684,1.0606124428071504,2.6401736218896454,-1.417267120264945,,0.0,17.996270351142684,SAFE,0.41331979632377625,15
scene-0103,21,d0ecf474e0e64950aa265cd44b9c9d75,30,pedestrian,17.67749455451007,1.0973772304443263,2.6401736218896454,-1.4241474520027277,,0.0,17.67749455451007,SAFE,0.4793824553489685,18
scene-0103,21,d0ecf474e0e64950aa265cd44b9c9d75,36,car,38.74443329371881,0.2440086752948562,2.6401736218896454,-2.396347712194637,,0.0,38.74443329371881,SAFE,0.5027183294296265,19
scene-0103,21,d0ecf474e0e64950aa265cd44b9c9d75,46,car,7.038357706857676,0.031796441079587,2.6401736218896454,2.106860377763939,3.3406854014349316,2.080078502317715,4.323578864693774,CAUTION,0.9457719922065735,18
scene-0103,21,d0ecf474e0e64950aa265cd44b9c9d75,53,car,12.403648487440048,0.0766940530063331,2.6401736218896454,-2.151751150056508,,0.0,12.403648487440048,SAFE,0.9553273320198059,17
scene-0103,21,d0ecf474e0e64950aa265cd44b9c9d75,57,pedestrian,47.93696272061138,1.153940832227652,2.6401736218896454,-3.7618941953090594,,0.0,47.93696272061138,SAFE,0.3095662295818329,14
scene-0103,21,d0ecf474e0e64950aa265cd44b9c9d75,58,pedestrian,11.383792346629276,1.0698650640243992,2.6401736218896454,0.8526698535614392,13.350762078759262,3.3923371303587393,9.831714623995534,SAFE,0.40537557005882263,15
scene-0103,21,d0ecf474e0e64950aa265cd44b9c9d75,71,car,19.571541356254333,4.7681675027790345,2.6401736218896454,-1.891579060241167,,0.0,19.571541356254333,SAFE,0.8287521004676819,14
scene-0103,21,d0ecf474e0e64950aa265cd44b9c9d75,79,car,15.159524123269154,0.07980086317495223,2.6401736218896454,0.9138355416822667,16.58889748954413,1.9442716613619233,14.243474640174691,SAFE,0.7285509705543518,13
scene-0103,21,d0ecf474e0e64950aa265cd44b9c9d75,84,pedestrian,12.32034237588294,1.0282654610513304,2.6401736218896454,1.2192019842266613,10.105251250634833,5.728596932442895,8.108123252389303,SAFE,0.4148971438407898,11
scene-0103,21,d0ecf474e0e64950aa265cd44b9c9d75,89,car,15.164633015395353,0.882989676880269,2.6401736218896454,3.1113711220197757,4.873938987243376,3.9184822833872146,6.714247817260981,SAFE,0.868847131729126,11
scene-0103,21,d0ecf474e0e64950aa265cd44b9c9d75,91,car,28.516864868503987,0.21473042573230108,2.6401736218896454,2.312648356236881,12.330826168015596,11.204717518574084,8.617788614312666,SAFE,0.32578200101852417,7
scene-0103,21,d0ecf474e0e64950aa265cd44b9c9d75,94,car,22.225697468764306,0.2643460312612194,2.6401736218896454,2.1387712614773697,10.391806673805672,8.377697228966875,9.784787586979391,SAFE,0.42444461584091187,10
scene-0103,21,d0ecf474e0e64950aa265cd44b9c9d75,96,car,38.04305308123199,0.08777183904411834,2.6401736218896454,2.676138375873423,14.215652458111666,13.799932784777427,6.505673345078453,SAFE,0.7315284609794617,9
scene-0103,21,d0ecf474e0e64950aa265cd44b9c9d75,102,car,20.995726787790893,0.13251667401730888,2.6401736218896454,0.506255034820398,41.472628109742075,1.4609920319023657,20.622593870592496,SAFE,0.5422040224075317,9
scene-0103,21,d0ecf474e0e64950aa265cd44b9c9d75,108,pedestrian,40.03793155002613,1.23620806200926,2.6401736218896454,-3.694059050764724,,0.0,40.03793155002613,SAFE,0.4018685519695282,7
scene-0103,21,d0ecf474e0e64950aa265cd44b9c9d75,113,pedestrian,16.209487289323796,1.1567330355924605,2.6401736218896454,2.678711506497068,6.051225467919398,3.0172609031066853,11.477646975664168,SAFE,0.567482590675354,6
scene-0103,21,d0ecf474e0e64950aa265cd44b9c9d75,114,pedestrian,31.152963196096213,1.2992389332172456,2.6401736218896454,-2.3831074387440845,,0.0,31.152963196096213,SAFE,0.4130558669567108,7
scene-0103,21,d0ecf474e0e64950aa265cd44b9c9d75,116,pedestrian,15.00748251964629,1.5628758491933723,2.6401736218896454,2.7485003129629866,5.460244064323085,2.3455342771432743,11.33471519639988,SAFE,0.5810191631317139,7
scene-0103,21,d0ecf474e0e64950aa265cd44b9c9d75,122,pedestrian,39.51301070759363,1.0551347322673428,2.6401736218896454,-3.4951237812300446,,0.0,39.51301070759363,SAFE,0.3173317015171051,4
scene-0103,22,456ec36cb4a44ca78f36fbd90c0c34fa,17,pedestrian,31.260983581548317,0.8568014495625791,3.066267878485644,-3.3728575040991626,,0.0,31.260983581548317,SAFE,0.34812554717063904,19
scene-0103,22,456ec36cb4a44ca78f36fbd90c0c34fa,30,pedestrian,18.328893910280403,1.211849894068496,3.066267878485644,-1.7282293408812168,,0.0,18.328893910280403,SAFE,0.4846102297306061,19
scene-0103,22,456ec36cb4a44ca78f36fbd90c0c34fa,35,pedestrian,31.564675212577626,0.23360237961834493,3.066267878485644,-2.964900406649413,,0.0,31.564675212577626,SAFE,0.33389100432395935,18
scene-0103,22,456ec36cb4a44ca78f36fbd90c0c34fa,36,car,40.482034648153636,0.03366596787185875,3.066267878485644,-3.0973097029602434,,0.0,40.482034648153636,SAFE,0.32857486605644226,20
scene-0103,22,456ec36cb4a44ca78f36fbd90c0c34fa,46,car,5.994578525364287,0.03056439688952216,3.066267878485644,2.1302184701723705,2.814067481481946,1.336710496689366,4.3434429811667385,CAUTION,0.9279493093490601,19
scene-0103,22,456ec36cb4a44ca78f36fbd90c0c34fa,53,car,13.52639238352331,0.04081746897637592,3.066267878485644,-2.572763459346915,,0.0,13.52639238352331,SAFE,0.9236232042312622,18
scene-0103,22,456ec36cb4a44ca78f36fbd90c0c34fa,58,pedestrian,11.11946343135913,1.136253453174086,3.066267878485644,0.7627751209983197,14.577643036922836,2.118362457436834,10.279847174351447,SAFE,0.4078875780105591,16
scene-0103,22,456ec36cb4a44ca78f36fbd90c0c34fa,59,pedestrian,33.00695340538567,0.8868076353701498,3.066267878485644,-3.1040267008941065,,0.0,33.00695340538567,SAFE,0.3202360272407532,13
scene-0103,22,456ec36cb4a44ca78f36fbd90c0c34fa,71,car,21.924930297121918,5.558655597184255,3.066267878485644,-2.3891434460241827,,0.0,21.924930297121918,SAFE,0.4974905550479889,15
scene-0103,22,456ec36cb4a44ca78f36fbd90c0c34fa,79,car,14.739192707401367,0.08052883838072364,3.066267878485644,0.7749717070728168,19.01900749780077,1.1834946530395465,14.273240153775358,SAFE,0.7967128753662109,14
scene-0103,22,456ec36cb4a44ca78f36fbd90c0c34fa,84,pedestrian,11.718584183807044,1.0975527963355831,3.066267878485644,1.4356208271275115,8.162729296184976,4.297120512043843,8.064294826298697,SAFE,0.3995222747325897,12
scene-0103,22,456ec36cb4a44ca78f36fbd90c0c34fa,87,pedestrian,8.506650890203261,0.8899667492832697,3.066267878485644,1.4085733209220386,6.039196372564326,0.7664503211790558,7.948541786140119,SAFE,0.34343862533569336,10
scene-0103,22,456ec36cb4a44ca78f36fbd90c0c34fa,89,car,13.589505781202794,0.8983103939408555,3.066267878485644,3.371634714097896,4.0305391697329105,3.0218194228380217,6.798409976565363,SAFE,0.8783562779426575,12
scene-0103,22,456ec36cb4a44ca78f36fbd90c0c34fa,96,car,36.60966729768357,0.0791209057395947,3.066267878485644,3.1000286354555335,11.80946100915741,11.484511585256046,6.0727951207216355,SAFE,0.7866882681846619,10
scene-0103,22,456ec36cb4a44ca78f36fbd90c0c34fa,102,car,20.408920413678892,0.1136221278212067,3.066267878485644,0.6275928117363896,32.51936611130488,1.3202449771159561,19.990339805980543,SAFE,0.5378748774528503,10
scene-0103,22,456ec36cb4a44ca78f36fbd90c0c34fa,108,pedestrian,42.09985108490264,1.3277387502657496,3.066267878485644,-4.198184418036829,,0.0,42.09985108490264,SAFE,0.30915364623069763,8
scene-0103,22,456ec36cb4a44ca78f36fbd90c0c34fa,113,pedestrian,14.608435960146636,1.3578262016921854,3.066267878485644,2.7915719938836348,5.233050049274703,2.0897393222219436,11.321916149988452,SAFE,0.4245932102203369,7
scene-0103,22,456ec36cb4a44ca78f36fbd90c0c34fa,115,pedestrian,32.4422240650317,0.7345964349570221,3.066267878485644,-3.7255178305593866,,0.0,32.4422240650317,SAFE,0.3634117841720581,4
scene-0103,22,456ec36cb4a44ca78f36fbd90c0c34fa,116,pedestrian,13.68538095278965,1.560342355986373,3.066267878485644,2.561311392774616,5.34311485569295,1.6443980346005032,11.386366992752043,SAFE,0.535138726234436,8
scene-0103,22,456ec36cb4a44ca78f36fbd90c0c34fa,122,pedestrian,41.42339937185031,1.1322406936645348,3.066267878485644,-3.9803097150978837,,0.0,41.42339937185031,SAFE,0.3564562499523163,5
scene-0103,22,456ec36cb4a44ca78f36fbd90c0c34fa,125,truck,42.843750014824174,0.063397266974873,3.066267878485644,2.612184738164909,16.401500777821106,12.200646454542566,21.682756510770517,SAFE,0.362923800945282,3
scene-0103,22,456ec36cb4a44ca78f36fbd90c0c34fa,127,car,23.269882763442507,0.13866006895173483,3.066267878485644,1.271643861826454,18.29905641192662,3.0379675422038837,21.250669057758213,SAFE,0.7234503626823425,3
scene-0103,22,456ec36cb4a44ca78f36fbd90c0c34fa,128,car,28.467811795668112,0.10242667615043148,3.066267878485644,0.11929558245214555,238.632573063531,0.33860519818161244,28.447607573812256,SAFE,0.5885422229766846,3
scene-0103,23,6bfd42cf0aba4f1a94ec11fa43e2dd92,22,pedestrian,19.2563227529153,1.0885110489839378,3.553883109910803,-2.2513042212498258,,0.0,19.2563227529153,SAFE,0.31029605865478516,16
scene-0103,23,6bfd42cf0aba4f1a94ec11fa43e2dd92,30,pedestrian,19.226309644700514,1.237584154713587,3.553883109910803,-2.128693613793507,,0.0,19.226309644700514,SAFE,0.49282917380332947,20
scene-0103,23,6bfd42cf0aba4f1a94ec11fa43e2dd92,46,car,5.015899517675448,0.027686945743439256,3.553883109910803,1.8066438138970113,2.7763632649071703,0.728582951372974,4.307768585605282,CAUTION,0.9458532333374023,20
scene-0103,23,6bfd42cf0aba4f1a94ec11fa43e2dd92,53,car,14.908662956259596,0.016253001055611088,3.553883109910803,-3.0750701991333056,,0.0,14.908662956259596,SAFE,0.9519461989402771,19
scene-0103,23,6bfd42cf0aba4f1a94ec11fa43e2dd92,58,pedestrian,10.893412703341339,1.161480835940663,3.553883109910803,0.5691489092895545,19.139828831331933,1.0503973567745448,10.590278753044648,SAFE,0.38673776388168335,17
scene-0103,23,6bfd42cf0aba4f1a94ec11fa43e2dd92,59,pedestrian,34.58393953528236,0.9729923887809585,3.553883109910803,-3.56445997234784,,0.0,34.58393953528236,SAFE,0.315992534160614,14
scene-0103,23,6bfd42cf0aba4f1a94ec11fa43e2dd92,79,car,14.46640556228107,0.04879612047055967,3.553883109910803,0.45270457345689485,31.955510084234916,0.5101799903268552,14.350460517870316,SAFE,0.7307286262512207,15
scene-0103,23,6bfd42cf0aba4f1a94ec11fa43e2dd92,84,pedestrian,11.055376925533373,1.1830663081404544,3.553883109910803,1.5958276037535883,6.927676209842296,3.1203879935069856,8.195729968495158,SAFE,0.49975520372390747,13
scene-0103,23,6bfd42cf0aba4f1a94ec11fa43e2dd92,87,pedestrian,7.980397963437116,0.9579466763650099,3.553883109910803,0.4422888171372701,18.04340886367085,0.17357973870784385,7.941919008103876,SAFE,0.4574124813079834,11
scene-0103,23,6bfd42cf0aba4f1a94ec11fa43e2dd92,89,car,12.006694455369573,0.8109515008955969,3.553883109910803,3.5199152744670745,3.4110748467340373,2.3153647011770646,6.8049615542136905,SAFE,0.6967058777809143,13
scene-0103,23,6bfd42cf0aba4f1a94ec11fa43e2dd92,91,car,25.03945500362698,0.1845994811065363,3.553883109910803,3.4804964651695647,7.19421934606306,6.2435511659262986,9.102223883205966,SAFE,0.37174126505851746,8
scene-0103,23,6bfd42cf0aba4f1a94ec11fa43e2dd92,96,car,34.96372174247308,0.05655106695742692,3.553883109910803,3.560857468026848,9.818905153158877,9.551617453775506,5.76866885300287,SAFE,0.7897337079048157,11
scene-0103,23,6bfd42cf0aba4f1a94ec11fa43e2dd92,113,pedestrian,13.158319639449068,1.4805552230569274,3.553883109910803,2.537926596918945,5.1846730537531425,1.3210292117370663,11.35895260032628,SAFE,0.4667509198188782,8
scene-0103,23,6bfd42cf0aba4f1a94ec11fa43e2dd92,115,pedestrian,34.5367670400242,0.7992660733463837,3.553883109910803,-4.259276195928329,,0.0,34.5367670400242,SAFE,0.37590113282203674,5
scene-0103,23,6bfd42cf0aba4f1a94ec11fa43e2dd92,116,pedestrian,12.56937440537168,1.523221079933758,3.553883109910803,2.053634574057808,6.1205506394137394,1.004556249816038,11.49167790446392,SAFE,0.5039623975753784,9
scene-0103,23,6bfd42cf0aba4f1a94ec11fa43e2dd92,122,pedestrian,43.66821244365628,1.2295791038601345,3.553883109910803,-4.562241797458279,,0.0,43.66821244365628,SAFE,0.36935731768608093,6
scene-0103,23,6bfd42cf0aba4f1a94ec11fa43e2dd92,124,car,42.98529335274472,0.0433900169572581,3.553883109910803,3.309901539224419,12.986879773715897,11.082068628679131,16.462411248359658,SAFE,0.5059289336204529,3
scene-0103,23,6bfd42cf0aba4f1a94ec11fa43e2dd92,125,truck,41.59105193916169,0.15590792495139216,3.553883109910803,2.9241431983724064,14.22332940545165,10.522960413877655,21.213962033525387,SAFE,0.5628272294998169,4
scene-0103,23,6bfd42cf0aba4f1a94ec11fa43e2dd92,127,car,22.683583766030466,0.10614353141658288,3.553883109910803,1.1699790344423266,19.388025851969775,2.016772937778913,21.47140412935285,SAFE,0.8440912365913391,4
scene-0103,23,6bfd42cf0aba4f1a94ec11fa43e2dd92,128,car,28.36085628789035,0.11071694335567284,3.553883109910803,0.005717124447117694,,0.012231222783041248,28.360821324157403,SAFE,0.7445744276046753,4
scene-0103,24,0af0feb5b1394b928dd13d648de898f5,22,pedestrian,20.273891956868702,1.225152086477149,3.9973279314954806,-2.5718811060238673,,0.0,20.273891956868702,SAFE,0.49005165696144104,17
scene-0103,24,0af0feb5b1394b928dd13d648de898f5,30,pedestrian,20.361099980184168,1.2526517900079133,3.9973279314954806,-2.5321423356194384,,0.0,20.361099980184168,SAFE,0.3755544424057007,21
scene-0103,24,0af0feb5b1394b928dd13d648de898f5,36,car,44.03698367531668,0.030128955618687885,3.9973279314954806,-4.009821243015653,,0.0,44.03698367531668,SAFE,0.42569389939308167,21
scene-0103,24,0af0feb5b1394b928dd13d648de898f5,46,car,4.338154716785168,0.024697507502394335,3.9973279314954806,0.6492468434811431,6.681826427564552,0.1783566779195149,4.279864347371663,CAUTION,0.9379521608352661,21
scene-0103,24,0af0feb5b1394b928dd13d648de898f5,53,car,16.57381826759931,0.016668267751517276,3.9973279314954806,-3.572466787895407,,0.0,16.57381826759931,SAFE,0.8866544961929321,20
scene-0103,24,0af0feb5b1394b928dd13d648de898f5,58,pedestrian,10.777794499993332,1.2574691648601752,3.9973279314954806,0.26521691886650633,40.63765820844259,0.3756504977894595,10.72786441109726,SAFE,0.4896140694618225,18
scene-0103,24,0af0feb5b1394b928dd13d648de898f5,59,pedestrian,36.38743794519039,1.0597778461853844,3.9973279314954806,-3.981257484799035,,0.0,36.38743794519039,SAFE,0.3894873261451721,15
scene-0103,24,0af0feb5b1394b928dd13d648de898f5,71,car,27.2392861198916,5.778547211819588,3.9973279314954806,-1.7905582961188575,,0.0,27.2392861198916,SAFE,0.692392110824585,16
scene-0103,24,0af0feb5b1394b928dd13d648de898f5,79,car,14.357801834601126,0.037821909985525,3.9973279314954806,-0.02010255495865465,,0.0,14.357801834601126,SAFE,0.8729056715965271,16
scene-0103,24,0af0feb5b1394b928dd13d648de898f5,84,pedestrian,10.320913424237729,1.2602062340481661,3.9973279314954806,1.6405059242841147,6.291299087348055,2.251716028523157,8.270204338643396,SAFE,0.4023440182209015,14
scene-0103,24,0af0feb5b1394b928dd13d648de898f5,87,pedestrian,8.093542659531035,1.057814252254828,3.9973279314954806,-1.0814453054246997,,0.0,8.093542659531035,SAFE,0.4135163724422455,12
scene-0103,24,0af0feb5b1394b928dd13d648de898f5,89,car,10.26274262221602,0.7318850465752115,3.9973279314954806,3.5668653618454327,2.8772441853275503,1.6938713393695333,6.581666565887548,SAFE,0.8971167802810669,14
scene-0103,24,0af0feb5b1394b928dd13d648de898f5,91,car,23.148840055194015,0.23425151624672705,3.9973279314954806,3.8656238144064616,5.98838406596177,5.015887759882406,9.328641240315905,SAFE,0.6916010975837708,9
scene-0103,24,0af0feb5b1394b928dd13d648de898f5,94,car,18.350537933376405,0.20136709846909528,3.9973279314954806,3.26662627828232,5.6175810668570305,4.160104101712218,9.347058814960537,SAFE,0.3435404598712921,11
scene-0103,24,0af0feb5b1394b928dd13d648de898f5,96,car,33.19636467184266,0.020651372319478143,3.9973279314954806,3.91803281105852,8.472712269827603,8.205326634255353,5.89723363594843,SAFE,0.8031623363494873,12
scene-0103,24,0af0feb5b1394b928dd13d648de898f5,113,pedestrian,12.007188217733969,1.527014993712848,3.9973279314954806,1.8089579777586635,6.637626946210837,0.7138024352886491,11.343210474707224,SAFE,0.44546425342559814,9
scene-0103,24,0af0feb5b1394b928dd13d648de898f5,116,pedestrian,11.731697601868005,1.53075882900735,3.9973279314954806,1.1407998627452707,10.283747381978408,0.4394895815216665,11.478275630552444,SAFE,0.4890904724597931,10
scene-0103,24,0af0feb5b1394b928dd13d648de898f5,122,pedestrian,46.13338766548459,1.2620621979649869,3.9973279314954806,-5.059455844067644,,0.0,46.13338766548459,SAFE,0.32511839270591736,7
scene-0103,24,0af0feb5b1394b928dd13d648de898f5,124,car,41.22346471339018,0.03208425436976543,3.9973279314954806,3.7001690531792057,11.14096791820113,9.418875609916762,16.207321300957947,SAFE,0.4927636981010437,4
scene-0103,24,0af0feb5b1394b928dd13d648de898f5,125,truck,40.385222091838074,0.3572128964293117,3.9973279314954806,3.0659032903816787,13.17237312035712,9.270922333859104,21.97877737609342,SAFE,0.43273037672042847,5
scene-0103,24,0af0feb5b1394b928dd13d648de898f5,127,car,22.159652253210094,0.08161091760390489,3.9973279314954806,0.9824219971425734,22.556144220775412,1.3631708506005493,21.47961316214199,SAFE,0.8329591155052185,5
scene-0103,24,0af0feb5b1394b928dd13d648de898f5,128,car,28.433025966430154,0.14284089432038638,3.9973279314954806,-0.2935794405365597,,0.0,28.433025966430154,SAFE,0.48670443892478943,5
scene-0103,24,0af0feb5b1394b928dd13d648de898f5,133,pedestrian,50.193452478162705,0.5761162553696056,3.9973279314954806,-3.5137670243715307,,0.0,50.193452478162705,SAFE,0.3027118444442749,3
scene-0103,24,0af0feb5b1394b928dd13d648de898f5,136,car,27.44409331414271,0.012528204981506733,3.9973279314954806,0.5859130209998986,46.83987610875686,1.0006027658617607,27.149377779747734,SAFE,0.7527980208396912,3
scene-0103,25,61d9340c5ad8418dafe7a4af1b96e6b9,30,pedestrian,21.77756509988278,1.2127673912530472,4.461602049053151,-3.0161017969096826,,0.0,21.77756509988278,SAFE,0.32839685678482056,22
scene-0103,25,61d9340c5ad8418dafe7a4af1b96e6b9,46,car,4.4807963819704195,0.041442541334036374,4.461602049053151,-1.3385533486345678,,0.0,4.4807963819704195,SAFE,0.9544212818145752,22
scene-0103,25,61d9340c5ad8418dafe7a4af1b96e6b9,53,car,18.478194186679875,0.02128376491597458,4.461602049053151,-4.0867092145904,,0.0,18.478194186679875,SAFE,0.876801609992981,21
scene-0103,25,61d9340c5ad8418dafe7a4af1b96e6b9,58,pedestrian,10.700247037514224,1.3250736775434644,4.461602049053151,-0.10807242970893327,,0.0,10.700247037514224,SAFE,0.40300697088241577,19
scene-0103,25,61d9340c5ad8418dafe7a4af1b96e6b9,59,pedestrian,38.50227691543315,1.2311269191863121,4.461602049053151,-4.481286246344943,,0.0,38.50227691543315,SAFE,0.3105296790599823,16
scene-0103,25,61d9340c5ad8418dafe7a4af1b96e6b9,79,car,14.560754704867875,0.01726040260188312,4.461602049053151,-0.6990776623429371,,0.0,14.560754704867875,SAFE,0.685509204864502,17
scene-0103,25,61d9340c5ad8418dafe7a4af1b96e6b9,84,pedestrian,9.5161949973011,1.2720783439595469,4.461602049053151,1.5724629306766302,6.051777000050669,1.4660957508048538,8.283689394518422,SAFE,0.5089182257652283,15
scene-0103,25,61d9340c5ad8418dafe7a4af1b96e6b9,87,pedestrian,9.102255823178664,1.1717633688978275,4.461602049053151,-2.8106895438336723,,0.0,9.102255823178664,SAFE,0.5143843293190002,13
scene-0103,25,61d9340c5ad8418dafe7a4af1b96e6b9,89,car,8.578357336557335,0.6182192721553424,4.461602049053151,3.3407389073599187,2.5678023857711594,1.1417037716736476,6.392902971624941,SAFE,0.903011679649353,15
scene-0103,25,61d9340c5ad8418dafe7a4af1b96e6b9,91,car,21.15563613938384,0.2066392586470889,4.461602049053151,4.2039426637717225,5.032332225103013,4.087502767188173,9.16680829712712,SAFE,0.663167417049408,10
scene-0103,25,61d9340c5ad8418dafe7a4af1b96e6b9,96,car,31.207370902538702,0.06496533974594898,4.461602049053151,4.3207498506306345,7.222674762803923,6.975472268879571,5.77343893961285,CAUTION,0.761259913444519,13
scene-0103,25,61d9340c5ad8418dafe7a4af1b96e6b9,102,car,19.854545482558084,0.129672368338902,4.461602049053151,-0.3529743138247874,,0.0,19.854545482558084,SAFE,0.5335351824760437,11
scene-0103,25,61d9340c5ad8418dafe7a4af1b96e6b9,116,pedestrian,11.406888455162358,0.9615262044640867,4.461602049053151,0.2757958494877353,41.35989891200167,0.10790760908090694,11.391998501523945,SAFE,0.3830191493034363,11
scene-0103,25,61d9340c5ad8418dafe7a4af1b96e6b9,122,pedestrian,49.180039390194814,1.4349862684384358,4.461602049053151,-5.771315305454763,,0.0,49.180039390194814,SAFE,0.32783186435699463,8
scene-0103,25,61d9340c5ad8418dafe7a4af1b96e6b9,124,car,39.347937709254886,0.025851753846620407,4.461602049053151,4.060289839742983,9.690918447276566,8.108372856871739,15.900750418309526,SAFE,0.3897584080696106,5
scene-0103,25,61d9340c5ad8418dafe7a4af1b96e6b9,127,car,21.828661475362328,0.018935049642270645,4.461602049053151,0.6107033977816232,35.743474745113296,0.668226796245746,21.623654612877587,SAFE,0.7524082064628601,6
scene-0103,25,61d9340c5ad8418dafe7a4af1b96e6b9,136,car,27.144209990685233,0.07383085421942653,4.461602049053151,0.3826445987607219,70.93843759613408,0.5214534614779169,27.044260299361934,SAFE,0.8259950280189514,4
scene-0103,25,61d9340c5ad8418dafe7a4af1b96e6b9,138,pedestrian,37.49153891558261,0.7786282392710452,4.461602049053151,-4.331670251513856,,0.0,37.49153891558261,SAFE,0.37572622299194336,3
scene-0103,25,61d9340c5ad8418dafe7a4af1b96e6b9,141,car,23.188954616558462,0.258742191240536,4.461602049053151,3.192131789623426,7.264410163746419,3.3720405957441257,16.974149625867145,SAFE,0.572363555431366,3
scene-0103,25,61d9340c5ad8418dafe7a4af1b96e6b9,142,car,25.17580455184323,0.14127127020441316,4.461602049053151,2.926580082515278,8.602465622675062,3.5294019479037586,19.333346836579604,SAFE,0.5334100723266602,3
scene-0103,25,61d9340c5ad8418dafe7a4af1b96e6b9,144,truck,48.25683695194287,0.08287415909712902,4.461602049053151,4.4782878101187285,10.77573371745026,10.503905334497743,7.664482334403415,SAFE,0.4446631669998169,3
scene-0103,26,9e7683e8586542a1b6032980c45f15ce,22,pedestrian,22.983025325507423,1.1184392177296159,4.972326685467168,-3.647947946982138,,0.0,22.983025325507423,SAFE,0.357690691947937,18
scene-0103,26,9e7683e8586542a1b6032980c45f15ce,30,pedestrian,23.353893870311104,1.238835672451293,4.972326685467168,-3.49053181811478,,0.0,23.353893870311104,SAFE,0.3929102122783661,23
scene-0103,26,9e7683e8586542a1b6032980c45f15ce,36,car,48.36360195480092,0.056115237830287906,4.972326685467168,-4.9198578369764805,,0.0,48.36360195480092,SAFE,0.34996384382247925,22
scene-0103,26,9e7683e8586542a1b6032980c45f15ce,46,car,5.612088457654025,0.0633087910704012,4.972326685467168,-3.190833117958668,,0.0,5.612088457654025,SAFE,0.946293830871582,23
scene-0103,26,9e7683e8586542a1b6032980c45f15ce,53,car,20.685606066623667,0.03452127751251147,4.972326685467168,-4.66227253070585,,0.0,20.685606066623667,SAFE,0.8647845983505249,22
scene-0103,26,9e7683e8586542a1b6032980c45f15ce,58,pedestrian,11.056640538412733,1.3596692138092383,4.972326685467168,-0.7904958975831682,,0.0,11.056640538412733,SAFE,0.37330004572868347,20
scene-0103,26,9e7683e8586542a1b6032980c45f15ce,71,car,32.080379324603186,6.053045308709712,4.972326685467168,-1.0881260867187348,,0.0,32.080379324603186,SAFE,0.4246496856212616,17
scene-0103,26,9e7683e8586542a1b6032980c45f15ce,79,car,15.28347087025488,0.09629530918471212,4.972326685467168,-1.6384101017485555,,0.0,15.28347087025488,SAFE,0.5975603461265564,18
scene-0103,26,9e7683e8586542a1b6032980c45f15ce,84,pedestrian,8.850646752833995,1.3118006913092677,4.972326685467168,1.2302434875596802,7.194223616976996,0.8111137273062596,8.336796522094012,SAFE,0.4822133183479309,16
scene-0103,26,9e7683e8586542a1b6032980c45f15ce,87,pedestrian,11.022776996385819,1.313996612781798,4.972326685467168,-4.393108646485757,,0.0,11.022776996385819,SAFE,0.43511319160461426,14
scene-0103,26,9e7683e8586542a1b6032980c45f15ce,89,car,7.143594592147192,0.49561223706978164,4.972326685467168,2.5369122183874024,2.8158619523256676,0.621996042586749,6.305451068762277,SAFE,0.9138990640640259,16
scene-0103,26,9e7683e8586542a1b6032980c45f15ce,91,car,19.030280432279064,0.18765590371244467,4.972326685467168,4.495906691558259,4.232801465388789,3.225880129976812,9.281731696193992,SAFE,0.6827957034111023,11
scene-0103,26,9e7683e8586542a1b6032980c45f15ce,94,car,14.143579502760732,0.16450816206275326,4.972326685467168,3.950350961835706,3.5803349219858402,2.1351524882233797,8.985843401576398,SAFE,0.8437630534172058,12
scene-0103,26,9e7683e8586542a1b6032980c45f15ce,96,car,28.894164150042823,0.05095519924460627,4.972326685467168,4.830356972298485,5.981786504754694,5.721356271048778,6.028931947757079,SAFE,0.7248229384422302,14
scene-0103,26,9e7683e8586542a1b6032980c45f15ce,102,car,20.2233801379115,0.11639602313608734,4.972326685467168,-0.980727245437836,,0.0,20.2233801379115,SAFE,0.4199279844760895,12
scene-0103,26,9e7683e8586542a1b6032980c45f15ce,124,car,37.165276120478424,0.13909510754735513,4.972326685467168,4.519620646976479,8.22309636658137,6.911845196480329,14.8409813126055,SAFE,0.45394766330718994,6
scene-0103,26,9e7683e8586542a1b6032980c45f15ce,127,car,21.692520196894275,0.018976877298297078,4.972326685467168,0.10075506029246917,215.2995604779134,0.08836513181832578,21.68806812294054,SAFE,0.596502959728241,7
scene-0103,26,9e7683e8586542a1b6032980c45f15ce,136,car,27.093740091785758,0.04129963094666176,4.972326685467168,-0.05887034227513821,,0.0,27.093740091785758,SAFE,0.8085772395133972,5
scene-0103,26,9e7683e8586542a1b6032980c45f15ce,138,pedestrian,39.70109962329314,0.9378677844630973,4.972326685467168,-4.8160584262879045,,0.0,39.70109962329314,SAFE,0.3640415370464325,4
scene-0103,26,9e7683e8586542a1b6032980c45f15ce,141,car,21.678061546633074,0.2076198123882535,4.972326685467168,3.1447836683332535,6.893339521227711,2.6256501418142757,17.056974934059415,SAFE,0.6030107736587524,4
scene-0103,26,9e7683e8586542a1b6032980c45f15ce,142,car,23.617929391352526,0.09432325960226581,4.972326685467168,3.051626433626765,7.73945628832535,2.810494239118717,18.84795912101261,SAFE,0.42152419686317444,4
scene-0103,26,9e7683e8586542a1b6032980c45f15ce,143,car,33.08118282483642,0.1671177841792276,4.972326685467168,-0.3761652358513623,,0.0,33.08118282483642,SAFE,0.36406347155570984,3
scene-0103,26,9e7683e8586542a1b6032980c45f15ce,145,car,18.85544001832064,0.18242506804118208,4.972326685467168,3.8705077356527955,4.871567583920744,2.7470399752923713,12.451838961547617,SAFE,0.8509569764137268,3
scene-0103,26,9e7683e8586542a1b6032980c45f15ce,146,car,25.675611351157887,0.2000768686471117,4.972326685467168,2.771442557249202,9.264349096465576,3.096021632278,20.950628122311837,SAFE,0.5368502140045166,3
scene-0103,27,cc57c1ea80fe46a7abddfdb15654c872,22,pedestrian,24.803348777887244,1.175317129677845,5.430511753819449,-4.047604322340372,,0.0,24.803348777887244,SAFE,0.44793057441711426,19
scene-0103,27,cc57c1ea80fe46a7abddfdb15654c872,30,pedestrian,25.137419094209438,1.2875175630971987,5.430511753819449,-3.8968459972081875,,0.0,25.137419094209438,SAFE,0.5023089051246643,24
scene-0103,27,cc57c1ea80fe46a7abddfdb15654c872,36,car,50.8512277171072,0.12372071904795998,5.430511753819449,-5.327541634636267,,0.0,50.8512277171072,SAFE,0.30363258719444275,23
scene-0103,27,cc57c1ea80fe46a7abddfdb15654c872,46,car,7.625914974646048,0.02511213767842771,5.430511753819449,-4.471128602482465,,0.0,7.625914974646048,SAFE,0.9412994980812073,24
scene-0103,27,cc57c1ea80fe46a7abddfdb15654c872,53,car,23.17863634181325,0.046219054858034764,5.430511753819449,-5.181638924614868,,0.0,23.17863634181325,SAFE,0.861830472946167,23
scene-0103,27,cc57c1ea80fe46a7abddfdb15654c872,58,pedestrian,11.764362496466989,1.3590449594505143,5.430511753819449,-1.601565661690457,,0.0,11.764362496466989,SAFE,0.35412296652793884,21
scene-0103,27,cc57c1ea80fe46a7abddfdb15654c872,79,car,16.362314823504725,0.11328916803270914,5.430511753819449,-2.584864720188789,,0.0,16.362314823504725,SAFE,0.8058720827102661,19
scene-0103,27,cc57c1ea80fe46a7abddfdb15654c872,84,pedestrian,8.48255567054295,1.3457940863514777,5.430511753819449,0.4648663176382952,18.247301102901343,0.23626921907827206,8.427459941270607,SAFE,0.34126004576683044,17
scene-0103,27,cc57c1ea80fe46a7abddfdb15654c872,87,pedestrian,13.613982681720492,1.3741089850217423,5.430511753819449,-5.546603098559795,,0.0,13.613982681720492,SAFE,0.46682801842689514,15
scene-0103,27,cc57c1ea80fe46a7abddfdb15654c872,89,car,6.249978353032542,0.36133937717222936,5.430511753819449,0.7338110190167981,8.517149771621881,0.13948495563459215,6.198589286693814,SAFE,0.8622742891311646,17
scene-0103,27,cc57c1ea80fe46a7abddfdb15654c872,91,car,16.828241252921387,0.09573369636280617,5.430511753819449,4.614779546061403,3.6465970009951754,2.552262910625675,9.21870268206076,SAFE,0.7429929971694946,12
scene-0103,27,cc57c1ea80fe46a7abddfdb15654c872,94,car,11.995465124532325,0.31983421845719073,5.430511753819449,3.7321090111334487,3.2141250667512735,1.3559465066252447,9.120726416326535,SAFE,0.8743425011634827,13
scene-0103,27,cc57c1ea80fe46a7abddfdb15654c872,96,car,26.203826852551828,0.051439600105078656,5.430511753819449,5.351776904300946,4.896285349916804,4.671310140088689,5.616925890056853,CAUTION,0.7956352829933167,15
scene-0103,27,cc57c1ea80fe46a7abddfdb15654c872,102,car,21.018800112879532,0.058426095828886644,5.430511753819449,-1.7802223956174963,,0.0,21.018800112879532,SAFE,0.6951709389686584,13
scene-0103,27,cc57c1ea80fe46a7abddfdb15654c872,113,pedestrian,11.50624067322125,0.6968677452129847,5.430511753819449,-2.3415331586682546,,0.0,11.50624067322125,SAFE,0.3013652563095093,10
scene-0103,27,cc57c1ea80fe46a7abddfdb15654c872,116,pedestrian,12.76137663657871,0.8114572754228494,5.430511753819449,-2.8204199936079517,,0.0,12.76137663657871,SAFE,0.4285264015197754,12
scene-0103,27,cc57c1ea80fe46a7abddfdb15654c872,127,car,21.817693466832534,0.035534939872953385,5.430511753819449,-0.555633932053067,,0.0,21.817693466832534,SAFE,0.7404966354370117,8
scene-0103,27,cc57c1ea80fe46a7abddfdb15654c872,128,car,29.867610212779297,0.047134556117529515,5.430511753819449,-1.7092264863319786,,0.0,29.867610212779297,SAFE,0.3957594037055969,6
scene-0103,27,cc57c1ea80fe46a7abddfdb15654c872,136,car,27.220981243253572,0.0886514775558251,5.430511753819449,-0.5531996306358513,,0.0,27.220981243253572,SAFE,0.4553285837173462,6
scene-0103,27,cc57c1ea80fe46a7abddfdb15654c872,138,pedestrian,42.85000498761581,0.4233445182520231,5.430511753819449,-5.619548691663435,,0.0,42.85000498761581,SAFE,0.3092110753059387,5
scene-0103,27,cc57c1ea80fe46a7abddfdb15654c872,141,car,20.1413474291429,0.1905358605542262,5.430511753819449,2.9684716148647383,6.785090121220736,1.9559502098927346,16.99204324687422,SAFE,0.687870442867279,5
scene-0103,27,cc57c1ea80fe46a7abddfdb15654c872,142,car,22.08609947823588,0.17636446827714045,5.430511753819449,2.8918101267695318,7.637465293376114,2.0316766122654437,18.921813615264988,SAFE,0.5260294079780579,5
scene-0103,27,cc57c1ea80fe46a7abddfdb15654c872,144,truck,42.530655821400494,0.508561992036874,5.430511753819449,5.789329087867435,7.346387668742311,7.005945091002776,9.155605966930777,SAFE,0.5745199918746948,4
scene-0103,27,cc57c1ea80fe46a7abddfdb15654c872,145,car,16.95781785310167,0.08422562652873805,5.430511753819449,3.7873697226413885,4.477465654257526,2.1139708103342496,12.320580315485243,SAFE,0.9132921099662781,4
scene-0103,27,cc57c1ea80fe46a7abddfdb15654c872,146,car,24.196354144813963,0.0965630053494152,5.430511753819449,2.7173889196328576,8.904266139453862,2.173340243920593,21.037216231103457,SAFE,0.5827449560165405,4
scene-0103,27,cc57c1ea80fe46a7abddfdb15654c872,147,car,30.840032817637773,0.15726847661183901,5.430511753819449,5.41415864491511,5.696181962935687,5.446969498681229,6.450713952725134,SAFE,0.5152236819267273,3
scene-0103,27,cc57c1ea80fe46a7abddfdb15654c872,149,car,26.52862663255915,0.16163793162761625,5.430511753819449,2.47294838073196,10.727529470189356,2.1031640949222545,23.786387136145507,SAFE,0.7232986092567444,3
scene-0103,27,cc57c1ea80fe46a7abddfdb15654c872,152,car,36.3288979019456,0.10832900190502132,5.430511753819449,5.297384693085723,6.857893093805887,6.651772465597343,6.298216659797655,SAFE,0.34709489345550537,3
scene-0103,28,4cf5d6c3f6ab42aab23f67b5a9782d1a,22,pedestrian,26.53271337446993,1.2938231816544468,5.827890646836949,-4.343502826959076,,0.0,26.53271337446993,SAFE,0.48473507165908813,20
scene-0103,28,4cf5d6c3f6ab42aab23f67b5a9782d1a,30,pedestrian,26.952637221190237,1.3113183651271298,5.827890646836949,-4.279020054894769,,0.0,26.952637221190237,SAFE,0.30933812260627747,25
scene-0103,28,4cf5d6c3f6ab42aab23f67b5a9782d1a,46,car,9.849725981519724,0.018817065204041316,5.827890646836949,-5.231397682581015,,0.0,9.849725981519724,SAFE,0.9068724513053894,25
scene-0103,28,4cf5d6c3f6ab42aab23f67b5a9782d1a,53,car,25.51584816603529,0.015787035332277804,5.827890646836949,-5.5610396121950885,,0.0,25.51584816603529,SAFE,0.8887801170349121,24
scene-0103,28,4cf5d6c3f6ab42aab23f67b5a9782d1a,58,pedestrian,12.99465073056644,1.3600772462394186,5.827890646836949,-2.4944113947193065,,0.0,12.99465073056644,SAFE,0.35682913661003113,22
scene-0103,28,4cf5d6c3f6ab42aab23f67b5a9782d1a,59,pedestrian,45.32723282382735,0.34772290841616593,5.827890646836949,-5.617480722217598,,0.0,45.32723282382735,SAFE,0.3733620047569275,17
scene-0103,28,4cf5d6c3f6ab42aab23f67b5a9782d1a,79,car,17.56194752081894,0.020518373594830285,5.827890646836949,-3.326446435199988,,0.0,17.56194752081894,SAFE,0.7946999073028564,20
scene-0103,28,4cf5d6c3f6ab42aab23f67b5a9782d1a,84,pedestrian,8.51313043991496,1.364521289492919,5.827890646836949,-0.49531054581957545,,0.0,8.51313043991496,SAFE,0.5624479055404663,18
scene-0103,28,4cf5d6c3f6ab42aab23f67b5a9782d1a,87,pedestrian,16.41796593667724,1.4550086132355484,5.827890646836949,-6.382892882579441,,0.0,16.41796593667724,SAFE,0.47037407755851746,16
scene-0103,28,4cf5d6c3f6ab42aab23f67b5a9782d1a,89,car,6.306020302182636,0.22657405755450125,5.827890646836949,-1.5466142780448315,,0.0,6.306020302182636,SAFE,0.9333187341690063,18
scene-0103,28,4cf5d6c3f6ab42aab23f67b5a9782d1a,91,car,14.758342438889054,0.041197677969197294,5.827890646836949,4.618700717542981,3.195345042131259,1.9788905668140593,9.105978753869069,SAFE,0.6057913303375244,13
scene-0103,28,4cf5d6c3f6ab42aab23f67b5a9782d1a,94,car,10.486868431541302,0.3532702832431821,5.827890646836949,2.9190505778851263,3.5925614002684103,0.8013216069175824,9.243624472175073,SAFE,0.8971685171127319,14
scene-0103,28,4cf5d6c3f6ab42aab23f67b5a9782d1a,96,car,23.62673163691284,0.10638313256067825,5.827890646836949,5.762421937909733,4.100139124050889,3.866127349032591,5.644470494639437,CAUTION,0.6746326684951782,16
scene-0103,28,4cf5d6c3f6ab42aab23f67b5a9782d1a,102,car,22.04265234685177,0.027747607774878343,5.827890646836949,-2.5596145276090674,,0.0,22.04265234685177,SAFE,0.8081350922584534,14
scene-0103,28,4cf5d6c3f6ab42aab23f67b5a9782d1a,116,pedestrian,14.374745026228608,0.9183446136169,5.827890646836949,-4.149941018703701,,0.0,14.374745026228608,SAFE,0.47111013531684875,13
scene-0103,28,4cf5d6c3f6ab42aab23f67b5a9782d1a,124,car,32.4695899965598,0.05689646876155347,5.827890646836949,5.165628022134697,6.285700375138846,4.875736455434684,15.378145537646018,SAFE,0.46333110332489014,7
scene-0103,28,4cf5d6c3f6ab42aab23f67b5a9782d1a,128,car,30.72836134273903,0.06990126695514744,5.827890646836949,-2.2517477520250346,,0.0,30.72836134273903,SAFE,0.6221532225608826,7
scene-0103,28,4cf5d6c3f6ab42aab23f67b5a9782d1a,138,pedestrian,45.620915059824775,0.5546333266450308,5.827890646836949,-6.104898279939151,,0.0,45.620915059824775,SAFE,0.31415796279907227,6
scene-0103,28,4cf5d6c3f6ab42aab23f67b5a9782d1a,141,car,18.770109593271645,0.08210875180363376,5.827890646836949,2.7211289947116457,6.897912458303245,1.4753515785082048,16.642178944548245,SAFE,0.48936620354652405,6
scene-0103,28,4cf5d6c3f6ab42aab23f67b5a9782d1a,142,car,20.907481843976466,0.08180801032109491,5.827890646836949,2.541828883532248,8.225369527992152,1.5216591531445367,18.87476880934773,SAFE,0.6440746188163757,6
scene-0103,28,4cf5d6c3f6ab42aab23f67b5a9782d1a,144,truck,39.760515541780435,0.5543774415176529,5.827890646836949,6.193527560248654,6.419688159131103,6.067490218738756,9.312975204468676,SAFE,0.552371621131897,5
scene-0103,28,4cf5d6c3f6ab42aab23f67b5a9782d1a,145,car,15.348824127519226,0.032814319895977884,5.827890646836949,3.4991283026276796,4.386470800739997,1.5654321090624919,12.308978406161481,SAFE,0.8078035116195679,5
scene-0103,28,4cf5d6c3f6ab42aab23f67b5a9782d1a,146,car,23.132201951190446,0.024017716766805353,5.827890646836949,2.3448683599689457,9.865032232127861,1.5840334084791978,21.19381223238045,SAFE,0.35822927951812744,5
scene-0103,28,4cf5d6c3f6ab42aab23f67b5a9782d1a,147,car,28.183890670640633,0.19366979250823668,5.827890646836949,5.899195629999715,4.777581968516951,4.585475401605426,5.651555247616613,CAUTION,0.733969509601593,4
scene-0103,28,4cf5d6c3f6ab42aab23f67b5a9782d1a,149,car,25.48179534768139,0.12681159071227602,5.827890646836949,2.1750462890486215,11.715518642514631,1.566016538674952,23.717648730750742,SAFE,0.593781590461731,4
scene-0103,28,4cf5d6c3f6ab42aab23f67b5a9782d1a,150,pedestrian,20.900338743268694,0.8733913905271431,5.827890646836949,4.556237090505276,4.58719296825506,3.8773804246196555,8.221511242343778,SAFE,0.5781940221786499,3
scene-0103,28,4cf5d6c3f6ab42aab23f67b5a9782d1a,152,car,33.90431394045131,0.13134797723646818,5.827890646836949,5.633032386719407,6.018838808806613,5.827194863600008,6.049871577453523,SAFE,0.6387506127357483,4
scene-0103,28,4cf5d6c3f6ab42aab23f67b5a9782d1a,157,pedestrian,44.66588593032155,1.518710361302096,5.827890646836949,-6.071797966716998,,0.0,44.66588593032155,SAFE,0.3465114235877991,3
scene-0103,28,4cf5d6c3f6ab42aab23f67b5a9782d1a,161,pedestrian,26.30896959141859,0.35977760119241103,5.827890646836949,0.8206306453167578,32.05945298479989,0.5859578760328551,26.067433353785454,SAFE,0.4020655155181885,3
scene-0103,29,6d9984d09d52479e837da2fd09e192cc,22,pedestrian,28.836375924057897,1.401170307973934,6.179109346899469,-4.59744980611395,,0.0,28.836375924057897,SAFE,0.5028413534164429,21
scene-0103,29,6d9984d09d52479e837da2fd09e192cc,30,pedestrian,29.462723457623724,1.2614471552245397,6.179109346899469,-4.687962296834414,,0.0,29.462723457623724,SAFE,0.3403668701648712,26
scene-0103,29,6d9984d09d52479e837da2fd09e192cc,46,car,12.850018976964193,0.021850250245063946,6.179109346899469,-5.788297318653853,,0.0,12.850018976964193,SAFE,0.9310547709465027,26
scene-0103,29,6d9984d09d52479e837da2fd09e192cc,53,car,28.687814000667323,0.02177526634282483,6.179109346899469,-5.9697911648950726,,0.0,28.687814000667323,SAFE,0.7531207203865051,25
scene-0103,29,6d9984d09d52479e837da2fd09e192cc,59,pedestrian,48.54207507907791,0.4410571568448088,6.179109346899469,-5.988252146949544,,0.0,48.54207507907791,SAFE,0.3428029417991638,18
scene-0103,29,6d9984d09d52479e837da2fd09e192cc,79,car,19.708788484612487,0.07217585162856413,6.179109346899469,-4.258178598029946,,0.0,19.708788484612487,SAFE,0.7054213285446167,21
scene-0103,29,6d9984d09d52479e837da2fd09e192cc,84,pedestrian,9.177711648045596,1.38417962484104,6.179109346899469,-1.8023819422771086,,0.0,9.177711648045596,SAFE,0.6147980093955994,19
scene-0103,29,6d9984d09d52479e837da2fd09e192cc,87,pedestrian,20.125870465300114,1.5135296185811837,6.179109346899469,-7.047669439316899,,0.0,20.125870465300114,SAFE,0.3589897155761719,17
scene-0103,29,6d9984d09d52479e837da2fd09e192cc,89,car,7.828635580988636,0.17382118011741293,6.179109346899469,-3.9822771938443347,,0.0,7.828635580988636,SAFE,0.8687434196472168,19
scene-0103,29,6d9984d09d52479e837da2fd09e192cc,91,car,12.34870535993425,0.042988636934956345,6.179109346899469,4.144552126339742,2.9795029676318725,1.3237063401374172,9.205619375552045,SAFE,0.904205858707428,14
scene-0103,29,6d9984d09d52479e837da2fd09e192cc,94,car,9.425406337206537,0.24457690734635493,6.179109346899469,1.069730306511273,8.811011784779428,0.24434630250838968,9.293795141452929,SAFE,0.9213469624519348,15
scene-0103,29,6d9984d09d52479e837da2fd09e192cc,96,car,20.331891375777953,0.14109959609075945,6.179109346899469,6.093525623982857,3.3366383651126093,3.117931372053626,5.205405253875282,CAUTION,0.5916242599487305,17
scene-0103,29,6d9984d09d52479e837da2fd09e192cc,102,car,23.80792365588808,0.06185059306149945,6.179109346899469,-3.483528433381781,,0.0,23.80792365588808,SAFE,0.6903322339057922,15
scene-0103,29,6d9984d09d52479e837da2fd09e192cc,113,pedestrian,17.916910221688866,1.5692016302923355,6.179109346899469,-6.225825545488281,,0.0,17.916910221688866,SAFE,0.3542731702327728,11
scene-0103,29,6d9984d09d52479e837da2fd09e192cc,116,pedestrian,17.22614577089493,1.057397264073746,6.179109346899469,-5.474743526729637,,0.0,17.22614577089493,SAFE,0.4368084669113159,14
scene-0103,29,6d9984d09d52479e837da2fd09e192cc,124,car,29.699366242859263,0.037374780355364075,6.179109346899469,5.2622939193942635,5.643806046903196,4.067082236957121,15.697805894274714,SAFE,0.5208356380462646,8
scene-0103,29,6d9984d09d52479e837da2fd09e192cc,127,car,23.289404045691274,0.08177672985584195,6.179109346899469,-2.2622534268718697,,0.0,23.289404045691274,SAFE,0.5171858668327332,9
scene-0103,29,6d9984d09d52479e837da2fd09e192cc,128,car,32.149721061198086,0.10419108840524237,6.179109346899469,-2.921697069167066,,0.0,32.149721061198086,SAFE,0.47674864530563354,8
scene-0103,29,6d9984d09d52479e837da2fd09e192cc,136,car,28.4432437939237,0.04602414379349886,6.179109346899469,-1.9484950828810148,,0.0,28.4432437939237,SAFE,0.5400828123092651,7
scene-0103,29,6d9984d09d52479e837da2fd09e192cc,141,car,17.451622926180864,0.03083332155001032,6.179109346899469,2.011893474978301,8.674228105625268,0.9277212404762977,16.492001151751385,SAFE,0.5337924957275391,7
scene-0103,29,6d9984d09d52479e837da2fd09e192cc,142,car,19.74807739223528,0.03734023811322225,6.179109346899469,1.8501605853306522,10.673709919458691,0.9685787311938812,18.830759112589096,SAFE,0.30784428119659424,7
scene-0103,29,6d9984d09d52479e837da2fd09e192cc,144,truck,36.42822315724475,0.4575946409906177,6.179109346899469,6.409577777129346,5.683404496194418,5.313965805122675,9.287629740558184,SAFE,0.44875144958496094,6
scene-0103,29,6d9984d09d52479e837da2fd09e192cc,145,car,13.642521425186242,0.07770968490549024,6.179109346899469,2.6578363663049798,5.132942568677608,0.926873462816272,12.349507661838635,SAFE,0.9160364270210266,6
scene-0103,29,6d9984d09d52479e837da2fd09e192cc,146,car,22.027459557206573,0.08648798567972968,6.179109346899469,1.7439520893172695,12.630771047058973,1.0338745561851381,21.10670166015015,SAFE,0.39191102981567383,6
scene-0103,29,6d9984d09d52479e837da2fd09e192cc,147,car,25.003330221153995,0.1009952930555186,6.179109346899469,6.118969791743359,4.086199323110285,3.9156467541266298,5.108192036006106,CAUTION,0.5671495199203491,5
scene-0103,29,6d9984d09d52479e837da2fd09e192cc,149,car,24.489237966267947,0.0717895031347352,6.179109346899469,1.5622176283456222,15.67594522166664,0.9856721152246162,23.706821934635858,SAFE,0.5150994658470154,5
scene-0103,29,6d9984d09d52479e837da2fd09e192cc,150,pedestrian,18.64219351633942,1.0691345442495699,6.179109346899469,4.571248291715489,4.0781406580178166,3.263576826125509,8.331601180202084,SAFE,0.47634074091911316,4
scene-0103,29,6d9984d09d52479e837da2fd09e192cc,152,car,30.710389410767863,0.10387269400458983,6.179109346899469,5.979861026998583,5.135635974166117,4.9700487879212325,5.514441964027506,CAUTION,0.5821509957313538,5
scene-0103,29,6d9984d09d52479e837da2fd09e192cc,156,pedestrian,12.184793586149597,0.3611592865027075,6.179109346899469,0.9819307201469347,12.409015561022759,0.28124847020289717,12.045918926430769,SAFE,0.3379075229167938,3
scene-0103,29,6d9984d09d52479e837da2fd09e192cc,161,pedestrian,26.11007025853117,0.6396919227502667,6.179109346899469,-0.049003181055796485,,0.0,26.11007025853117,SAFE,0.42121273279190063,4
scene-0103,30,38a28a3aaf2647f2a8c0e90e31267bf8,22,pedestrian,31.133035181587527,1.4706258273587562,6.60744236400861,-4.961096467831652,,0.0,31.133035181587527,SAFE,0.4552345871925354,22
scene-0103,30,38a28a3aaf2647f2a8c0e90e31267bf8,30,pedestrian,31.96867544766874,1.2278905774813542,6.60744236400861,-5.157176127410671,,0.0,31.96867544766874,SAFE,0.3380581736564636,27
scene-0103,30,38a28a3aaf2647f2a8c0e90e31267bf8,46,car,15.846838841816943,0.04256497588782934,6.60744236400861,-6.301186639105047,,0.0,15.846838841816943,SAFE,0.9080533981323242,27
scene-0103,30,38a28a3aaf2647f2a8c0e90e31267bf8,53,car,31.75722109250614,0.09685253924605929,6.60744236400861,-6.405932743158562,,0.0,31.75722109250614,SAFE,0.7220214009284973,26
scene-0103,30,38a28a3aaf2647f2a8c0e90e31267bf8,79,car,22.062101820538,0.08990429144773585,6.60744236400861,-5.063676364662946,,0.0,22.062101820538,SAFE,0.6716930270195007,22
scene-0103,30,38a28a3aaf2647f2a8c0e90e31267bf8,84,pedestrian,10.361905875261499,1.396628386608782,6.60744236400861,-2.9547237712517775,,0.0,10.361905875261499,SAFE,0.5975759625434875,20
scene-0103,30,38a28a3aaf2647f2a8c0e90e31267bf8,87,pedestrian,23.79878103576967,1.5058744830079773,6.60744236400861,-7.627306212914606,,0.0,23.79878103576967,SAFE,0.3041810393333435,18
scene-0103,30,38a28a3aaf2647f2a8c0e90e31267bf8,89,car,10.19371494729875,0.16320638132515314,6.60744236400861,-5.41018709622036,,0.0,10.19371494729875,SAFE,0.7939749956130981,20
scene-0103,30,38a28a3aaf2647f2a8c0e90e31267bf8,91,car,10.473235592918659,0.02951210715620688,6.60744236400861,3.1716086214609573,3.302184109997251,0.7540895234091457,9.200003741427924,SAFE,0.8838016986846924,15
scene-0103,30,38a28a3aaf2647f2a8c0e90e31267bf8,94,car,9.479496219517188,0.12679964521558623,6.60744236400861,-1.1660058919454164,,0.0,9.479496219517188,SAFE,0.8546165823936462,16
scene-0103,30,38a28a3aaf2647f2a8c0e90e31267bf8,96,car,17.26920202677947,0.09602721408076423,6.60744236400861,6.381502240113015,2.7061342889184097,2.46052854230459,5.202557156355729,CAUTION,0.8343578577041626,18
scene-0103,30,38a28a3aaf2647f2a8c0e90e31267bf8,102,car,25.769357729199694,0.06818980868680491,6.60744236400861,-4.302871760708036,,0.0,25.769357729199694,SAFE,0.7604818344116211,16
scene-0103,30,38a28a3aaf2647f2a8c0e90e31267bf8,113,pedestrian,21.484408304935904,1.6810082229431915,6.60744236400861,-7.207616008360217,,0.0,21.484408304935904,SAFE,0.32046183943748474,12
scene-0103,30,38a28a3aaf2647f2a8c0e90e31267bf8,116,pedestrian,20.448709833895883,1.238256415723687,6.60744236400861,-6.565057351482414,,0.0,20.448709833895883,SAFE,0.38915348052978516,15
scene-0103,30,38a28a3aaf2647f2a8c0e90e31267bf8,124,car,27.01647173154358,0.08120614387380089,6.60744236400861,5.41049544347634,4.993345251610639,3.300385194434035,15.7309948579641,SAFE,0.4867376387119293,9
scene-0103,30,38a28a3aaf2647f2a8c0e90e31267bf8,127,car,24.606505370910632,0.07053882582795769,6.60744236400861,-3.1744733327089483,,0.0,24.606505370910632,SAFE,0.5207380056381226,10
scene-0103,30,38a28a3aaf2647f2a8c0e90e31267bf8,128,car,33.96072027072342,0.08511259106653603,6.60744236400861,-3.7232441642489857,,0.0,33.96072027072342,SAFE,0.6431665420532227,9
scene-0103,30,38a28a3aaf2647f2a8c0e90e31267bf8,141,car,15.655669496921394,0.662508783646239,6.60744236400861,1.8073536255063543,8.662206043122994,0.6697013369127042,15.038303307920463,SAFE,0.3648260235786438,8
scene-0103,30,38a28a3aaf2647f2a8c0e90e31267bf8,142,car,19.092984227324642,0.15421444661421774,6.60744236400861,1.0074450109421358,18.951887219600593,0.4616149446084612,18.859024960184833,SAFE,0.49156075716018677,8
scene-0103,30,38a28a3aaf2647f2a8c0e90e31267bf8,145,car,12.635877885309705,0.0324254862871938,6.60744236400861,1.4517956768398395,8.703619997556778,0.4234970725088529,12.324628908361182,SAFE,0.9281354546546936,7
scene-0103,30,38a28a3aaf2647f2a8c0e90e31267bf8,146,car,21.48038615401916,0.30969363559109225,6.60744236400861,0.9968975276563978,21.547235857347655,0.539439747152127,21.209798791071275,SAFE,0.32298409938812256,7
scene-0103,30,38a28a3aaf2647f2a8c0e90e31267bf8,147,car,21.86668709099978,0.07977090647636184,6.60744236400861,6.4860216274660765,3.371355870662204,3.188363627415581,5.094446806441084,CAUTION,0.8852284550666809,6
scene-0103,30,38a28a3aaf2647f2a8c0e90e31267bf8,149,car,23.87845554468886,0.07572956650048242,6.60744236400861,0.8488575875848836,28.130107916719393,0.4569939096339445,23.68369994562932,SAFE,0.35323280096054077,6
scene-0103,30,38a28a3aaf2647f2a8c0e90e31267bf8,150,pedestrian,16.623521426909324,1.30275926687856,6.60744236400861,4.5931691365398315,3.619183385751022,2.7133327575282458,8.316604093442546,SAFE,0.4824327528476715,5
scene-0103,30,38a28a3aaf2647f2a8c0e90e31267bf8,152,car,27.52285495877633,0.03975219830654683,6.60744236400861,6.448296043170913,4.268236875992145,4.111811876785357,5.268928502391604,CAUTION,0.9060267210006714,6
scene-0103,30,38a28a3aaf2647f2a8c0e90e31267bf8,153,car,33.54190639078349,0.06917385480163267,6.60744236400861,6.522267924826549,5.142675335845773,4.990724253304318,5.7656076861618395,CAUTION,0.5550867319107056,3
scene-0103,30,38a28a3aaf2647f2a8c0e90e31267bf8,158,car,29.823878708418547,0.053313769926098674,6.60744236400861,4.8266782966597415,6.178965506994301,3.250576194953183,20.531498399362835,SAFE,0.468323677778244,3
scene-0103,30,38a28a3aaf2647f2a8c0e90e31267bf8,161,pedestrian,26.433744278145237,0.8535454131374466,6.60744236400861,-1.0790062908852933,,0.0,26.433744278145237,SAFE,0.42583417892456055,5
scene-0103,30,38a28a3aaf2647f2a8c0e90e31267bf8,165,car,19.80698327753871,0.11002327025232976,6.60744236400861,-2.291498996302469,,0.0,19.80698327753871,SAFE,0.7620806694030762,3
scene-0103,30,38a28a3aaf2647f2a8c0e90e31267bf8,168,car,31.088946694119763,0.1258712328120136,6.60744236400861,3.7865610302822565,8.210338205430256,2.6644122455897037,25.551271593363207,SAFE,0.45672738552093506,3
scene-0103,30,38a28a3aaf2647f2a8c0e90e31267bf8,172,car,25.696781796848953,0.20156316060321505,6.60744236400861,-1.6651412671386403,,0.0,25.696781796848953,SAFE,0.6680163741111755,3
scene-0103,31,6402fd1ffaf041d0b9162bd92a7ba0a2,22,pedestrian,33.61366818206666,1.5340174009079701,6.96226062116917,-5.269694754219953,,0.0,33.61366818206666,SAFE,0.41683444380760193,23
scene-0103,31,6402fd1ffaf041d0b9162bd92a7ba0a2,30,pedestrian,34.53418439859866,1.3035069885159063,6.96226062116917,-5.4618106486721025,,0.0,34.53418439859866,SAFE,0.39300158619880676,28
scene-0103,31,6402fd1ffaf041d0b9162bd92a7ba0a2,46,car,19.025404371933718,0.10030833425906314,6.96226062116917,-6.676728410292556,,0.0,19.025404371933718,SAFE,0.9188781976699829,28
scene-0103,31,6402fd1ffaf041d0b9162bd92a7ba0a2,53,car,35.00648725995105,0.11001552004126426,6.96226062116917,-6.740038692935518,,0.0,35.00648725995105,SAFE,0.5613310933113098,27
scene-0103,31,6402fd1ffaf041d0b9162bd92a7ba0a2,79,car,24.524002310714238,0.08409822005743049,6.96226062116917,-5.57004063652372,,0.0,24.524002310714238,SAFE,0.5922952890396118,23
scene-0103,31,6402fd1ffaf041d0b9162bd92a7ba0a2,84,pedestrian,12.136870621764547,1.3917530919504248,6.96226062116917,-3.9702973225898157,,0.0,12.136870621764547,SAFE,0.4239821434020996,21
scene-0103,31,6402fd1ffaf041d0b9162bd92a7ba0a2,87,pedestrian,27.748132172327548,1.5155959960753356,6.96226062116917,-8.10710685540823,,0.0,27.748132172327548,SAFE,0.3018423318862915,19
scene-0103,31,6402fd1ffaf041d0b9162bd92a7ba0a2,89,car,13.273026562271088,0.25135806831485974,6.96226062116917,-6.3333832763595,,0.0,13.273026562271088,SAFE,0.639126181602478,21
scene-0103,31,6402fd1ffaf041d0b9162bd92a7ba0a2,91,car,9.379168010987023,0.05594938736534506,6.96226062116917,1.2700620900755477,7.3848106201084365,0.24970106260700844,9.21923652621686,SAFE,0.8768123984336853,16
scene-0103,31,6402fd1ffaf041d0b9162bd92a7ba0a2,94,car,10.53055915842651,0.01891247771992408,6.96226062116917,-3.240995567601609,,0.0,10.53055915842651,SAFE,0.9013082981109619,17
scene-0103,31,6402fd1ffaf041d0b9162bd92a7ba0a2,96,car,14.057955341488206,0.0699673629118656,6.96226062116917,6.512043034826274,2.1587626596302494,1.8545541466020414,5.277222340028217,CAUTION,0.8548018932342529,19
scene-0103,31,6402fd1ffaf041d0b9162bd92a7ba0a2,102,car,28.11704372522071,0.07059397938580982,6.96226062116917,-4.998932845749989,,0.0,28.11704372522071,SAFE,0.5161467790603638,17
scene-0103,31,6402fd1ffaf041d0b9162bd92a7ba0a2,113,pedestrian,25.17551107879313,1.6495135686172284,6.96226062116917,-7.7956686533690736,,0.0,25.17551107879313,SAFE,0.39298564195632935,13
scene-0103,31,6402fd1ffaf041d0b9162bd92a7ba0a2,124,car,24.211131929280906,0.06778348693531772,6.96226062116917,5.406265148903104,4.478347114401739,2.6485766900834053,15.475850288937174,SAFE,0.7987872362136841,10
scene-0103,31,6402fd1ffaf041d0b9162bd92a7ba0a2,127,car,26.41534233061254,0.05954297010648368,6.96226062116917,-4.001232259048938,,0.0,26.41534233061254,SAFE,0.41626009345054626,11
scene-0103,31,6402fd1ffaf041d0b9162bd92a7ba0a2,128,car,35.96548435196974,0.055699653050968086,6.96226062116917,-4.334678072696092,,0.0,35.96548435196974,SAFE,0.4273490607738495,10
scene-0103,31,6402fd1ffaf041d0b9162bd92a7ba0a2,141,car,14.940385214928707,0.737177170930083,6.96226062116917,0.4384964207912776,34.07185214412563,0.13649616757624666,14.91042864189381,SAFE,0.49182432889938354,9
scene-0103,31,6402fd1ffaf041d0b9162bd92a7ba0a2,142,car,17.354933593538924,0.9071176495635234,6.96226062116917,0.7473924569755321,23.220643226410143,0.2711691258486864,17.253301128288342,SAFE,0.4291856586933136,9
scene-0103,31,6402fd1ffaf041d0b9162bd92a7ba0a2,144,truck,30.13978880559356,0.08931337221879918,6.96226062116917,6.739819293472357,4.471898650871029,4.085704301529593,8.857214985855304,SAFE,0.36155492067337036,7
scene-0103,31,6402fd1ffaf041d0b9162bd92a7ba0a2,145,car,12.343398245890748,0.028590355498440915,6.96226062116917,-0.39553404973769846,,0.0,12.343398245890748,SAFE,0.9195740222930908,8
scene-0103,31,6402fd1ffaf041d0b9162bd92a7ba0a2,146,car,19.595796190479398,0.9684504812980689,6.96226062116917,0.9482797375174865,20.66457334813404,0.39093177724164146,19.409554816001283,SAFE,0.6207561492919922,8
scene-0103,31,6402fd1ffaf041d0b9162bd92a7ba0a2,147,car,18.572419193712598,0.057015209963947426,6.96226062116917,6.727923823506978,2.76049784167021,2.5457154858379316,5.180528560245072,CAUTION,0.8856252431869507,7
scene-0103,31,6402fd1ffaf041d0b9162bd92a7ba0a2,149,car,22.088789902390698,0.9601471830831031,6.96226062116917,0.9723299032856008,22.717382061119842,0.45285836886508724,21.867517750019566,SAFE,0.49450308084487915,7
scene-0103,31,6402fd1ffaf041d0b9162bd92a7ba0a2,150,pedestrian,14.381199930073112,1.3805407046332503,6.96226062116917,4.570414042914828,3.146585800550656,2.1096596060024813,8.255611693693753,SAFE,0.48899388313293457,6
scene-0103,31,6402fd1ffaf041d0b9162bd92a7ba0a2,152,car,24.154926575244872,0.023347996702629034,6.96226062116917,6.786495340767465,3.559263708639526,3.3846930499383023,5.349476250714316,CAUTION,0.8881373405456543,7
scene-0103,31,6402fd1ffaf041d0b9162bd92a7ba0a2,158,car,27.474238785036544,0.031977628841418027,6.96226062116917,4.6223696162434305,5.943756355720571,2.6112306288549503,20.57225621487173,SAFE,0.6688737869262695,4
scene-0103,31,6402fd1ffaf041d0b9162bd92a7ba0a2,161,pedestrian,27.2743912557654,0.9178554687968514,6.96226062116917,-2.217498040333595,,0.0,27.2743912557654,SAFE,0.39033836126327515,6
scene-0103,31,6402fd1ffaf041d0b9162bd92a7ba0a2,165,car,21.24888439783182,0.04725745629530661,6.96226062116917,-3.3920614010073913,,0.0,21.24888439783182,SAFE,0.8776372075080872,4
scene-0103,31,6402fd1ffaf041d0b9162bd92a7ba0a2,166,car,31.24928103479143,0.04580736444264539,6.96226062116917,3.2973197620311017,9.477176400854226,2.0994501572814293,27.5715902581576,SAFE,0.4705664813518524,3
scene-0103,31,6402fd1ffaf041d0b9162bd92a7ba0a2,168,car,28.83469078292154,0.33060123421327303,6.96226062116917,3.840772470276155,7.507523813522934,2.161646484926231,24.331923013520008,SAFE,0.4384080171585083,4
scene-0103,31,6402fd1ffaf041d0b9162bd92a7ba0a2,172,car,26.80769575364849,0.06046033237679535,6.96226062116917,-2.632889825298063,,0.0,26.80769575364849,SAFE,0.790584146976471,4
scene-0103,31,6402fd1ffaf041d0b9162bd92a7ba0a2,176,car,32.468711820812885,0.11347575247378738,6.96226062116917,-2.368239878010448,,0.0,32.468711820812885,SAFE,0.40571707487106323,3
scene-0103,31,6402fd1ffaf041d0b9162bd92a7ba0a2,177,car,40.37661756168505,0.38684722438029157,6.96226062116917,2.8590257523839298,14.122509224695854,2.3786395606071906,36.81964629188501,SAFE,0.34762075543403625,3
scene-0103,31,6402fd1ffaf041d0b9162bd92a7ba0a2,179,car,35.81166243335359,0.06121499280356039,6.96226062116917,2.79601458678082,12.808110015829783,2.1005148723527944,32.743713258768295,SAFE,0.3760872483253479,3
scene-0103,31,6402fd1ffaf041d0b9162bd92a7ba0a2,182,car,30.566976702881043,0.17016277117662096,6.96226062116917,6.512223409197556,4.693785022748097,4.311247757908994,8.726252243803824,SAFE,0.4197477698326111,3
scene-0103,32,ce94ef7a0522468e81c0e2b3a2f1e12d,46,car,22.50286906477954,0.07057573735177745,7.3108802972968965,-7.104238726475943,,0.0,22.50286906477954,SAFE,0.8312630653381348,29
scene-0103,32,ce94ef7a0522468e81c0e2b3a2f1e12d,53,car,38.514369953346936,0.031278889844583595,7.3108802972968965,-7.150539361715403,,0.0,38.514369953346936,SAFE,0.6042335629463196,28
scene-0103,32,ce94ef7a0522468e81c0e2b3a2f1e12d,79,car,27.54899304547965,0.027695960294723022,7.3108802972968965,-6.221517324876217,,0.0,27.54899304547965,SAFE,0.5122113227844238,24
scene-0103,32,ce94ef7a0522468e81c0e2b3a2f1e12d,84,pedestrian,14.33341654220353,1.3697441278217009,7.3108802972968965,-4.7713703071286915,,0.0,14.33341654220353,SAFE,0.5283125042915344,22
scene-0103,32,ce94ef7a0522468e81c0e2b3a2f1e12d,87,pedestrian,31.906711185109533,1.5114451869917402,7.3108802972968965,-8.536543831057209,,0.0,31.906711185109533,SAFE,0.3312056362628937,20
scene-0103,32,ce94ef7a0522468e81c0e2b3a2f1e12d,89,car,16.865599916023697,0.4285649169822176,7.3108802972968965,-7.115695159511075,,0.0,16.865599916023697,SAFE,0.7698354721069336,22
scene-0103,32,ce94ef7a0522468e81c0e2b3a2f1e12d,91,car,9.390016076376739,0.04474931055898315,7.3108802972968965,-1.4144196277562644,,0.0,9.390016076376739,SAFE,0.9074677228927612,17
scene-0103,32,ce94ef7a0522468e81c0e2b3a2f1e12d,94,car,12.491730201796951,0.04116458483518126,7.3108802972968965,-4.857100676010774,,0.0,12.491730201796951,SAFE,0.9014750123023987,18
scene-0103,32,ce94ef7a0522468e81c0e2b3a2f1e12d,96,car,10.842030500762444,0.05970986939113781,7.3108802972968965,6.431549463129366,1.685757151199315,1.2873922344440236,5.27052237431624,CAUTION,0.826709508895874,20
scene-0103,32,ce94ef7a0522468e81c0e2b3a2f1e12d,102,car,30.713778765694308,0.06074042851357956,7.3108802972968965,-5.639135766011261,,0.0,30.713778765694308,SAFE,0.5162926912307739,18
scene-0103,32,ce94ef7a0522468e81c0e2b3a2f1e12d,124,car,21.627611971155794,0.018854882764300675,7.3108802972968965,5.13852199326256,4.20891688300899,2.075507762497987,15.397863598032824,SAFE,0.7126805782318115,11
scene-0103,32,ce94ef7a0522468e81c0e2b3a2f1e12d,142,car,16.991066370412934,1.136654617892,7.3108802972968965,-0.5561102287524915,,0.0,16.991066370412934,SAFE,0.5430916547775269,10
scene-0103,32,ce94ef7a0522468e81c0e2b3a2f1e12d,144,truck,26.67287883477101,0.11482057222883295,7.3108802972968965,7.0006322495554905,3.8100671316458055,3.386373366253733,8.894665390414277,SAFE,0.32294368743896484,8
scene-0103,32,ce94ef7a0522468e81c0e2b3a2f1e12d,145,car,12.998003287286204,0.005743099871860227,7.3108802972968965,-2.3459195112490447,,0.0,12.998003287286204,SAFE,0.8672184944152832,9
scene-0103,32,ce94ef7a0522468e81c0e2b3a2f1e12d,146,car,19.22895041534987,1.122745555690116,7.3108802972968965,-0.3151500204445279,,0.0,19.22895041534987,SAFE,0.5169053673744202,9
scene-0103,32,ce94ef7a0522468e81c0e2b3a2f1e12d,147,car,15.162009432343924,0.06730280919038895,7.3108802972968965,6.921812429397066,2.190468116118054,1.9367770628007364,5.159895072570574,CAUTION,0.9045142531394958,8
scene-0103,32,ce94ef7a0522468e81c0e2b3a2f1e12d,149,car,21.59538026914856,1.147577119768221,7.3108802972968965,-0.028468741425345723,,0.0,21.59538026914856,SAFE,0.5031391978263855,8
scene-0103,32,ce94ef7a0522468e81c0e2b3a2f1e12d,150,pedestrian,12.23129630549253,1.4850164800155463,7.3108802972968965,4.356749840587734,2.8074359908262494,1.5694750764656584,8.1221503054811,SAFE,0.31568706035614014,7
scene-0103,32,ce94ef7a0522468e81c0e2b3a2f1e12d,152,car,20.64011148815104,0.035381347173439485,7.3108802972968965,7.105347440395267,2.9048701222980364,2.717480784905848,5.242290900159059,CAUTION,0.929472804069519,8
scene-0103,32,ce94ef7a0522468e81c0e2b3a2f1e12d,158,car,25.384892694091814,0.09890835931701106,7.3108802972968965,4.173053364144099,6.083050102403448,2.001478254708568,20.793536451144654,SAFE,0.6524382829666138,5
scene-0103,32,ce94ef7a0522468e81c0e2b3a2f1e12d,165,car,23.202083546391055,0.04257587424254232,7.3108802972968965,-4.373142124977713,,0.0,23.202083546391055,SAFE,0.8433675169944763,5
scene-0103,32,ce94ef7a0522468e81c0e2b3a2f1e12d,168,car,27.413530690972667,0.12071161280836312,7.3108802972968965,2.984111602176389,9.186496467149311,1.481227548930114,25.106369579734626,SAFE,0.33293241262435913,5
scene-0103,32,ce94ef7a0522468e81c0e2b3a2f1e12d,170,car,34.61621035268482,0.1236780677558586,7.3108802972968965,6.956612802840289,4.976015100129117,4.660138114412318,8.721630210497539,SAFE,0.6847162842750549,3
scene-0103,32,ce94ef7a0522468e81c0e2b3a2f1e12d,172,car,28.308177683976727,0.08756158802401404,7.3108802972968965,-3.4970606905267223,,0.0,28.308177683976727,SAFE,0.7577167749404907,5
scene-0103,32,ce94ef7a0522468e81c0e2b3a2f1e12d,176,car,33.73274260276437,0.06289940803580436,7.3108802972968965,-3.025929694692536,,0.0,33.73274260276437,SAFE,0.4183095097541809,4
scene-0103,32,ce94ef7a0522468e81c0e2b3a2f1e12d,178,car,26.795918825521795,0.08699790336128618,7.3108802972968965,7.081639677056369,3.783857983107674,3.633569027322517,5.3402891554346885,CAUTION,0.8926438689231873,3
scene-0103,32,ce94ef7a0522468e81c0e2b3a2f1e12d,182,car,26.736177340444655,0.4087758679027153,7.3108802972968965,7.242771422064751,3.6914291204875234,3.254821611859508,9.194913465967915,SAFE,0.44628018140792847,4
scene-0103,32,ce94ef7a0522468e81c0e2b3a2f1e12d,183,bicycle,19.167818296531394,3.393257419522948,7.3108802972968965,10.093001301822783,1.899119768573666,1.6888442380630828,6.378093407229078,SAFE,0.7459694147109985,3
scene-0103,33,9fcdc52b791045e99c623c5fc643331f,46,car,26.2365829713073,0.037642464547478584,7.6446264528450705,-7.508012056909928,,0.0,26.2365829713073,SAFE,0.7717244029045105,30
scene-0103,33,9fcdc52b791045e99c623c5fc643331f,53,car,42.20173882501259,0.04723464933917621,7.6446264528450705,-7.507843507980493,,0.0,42.20173882501259,SAFE,0.4954341650009155,29
scene-0103,33,9fcdc52b791045e99c623c5fc643331f,79,car,30.529742584196224,0.25246789636870537,7.6446264528450705,-6.622004397406934,,0.0,30.529742584196224,SAFE,0.7657352089881897,25
scene-0103,33,9fcdc52b791045e99c623c5fc643331f,84,pedestrian,16.865812427909873,1.3925203097469327,7.6446264528450705,-5.370728275756661,,0.0,16.865812427909873,SAFE,0.49990442395210266,23
scene-0103,33,9fcdc52b791045e99c623c5fc643331f,89,car,20.692372495057576,0.5330578920126722,7.6446264528450705,-7.672786633316104,,0.0,20.692372495057576,SAFE,0.6267896294593811,23
scene-0103,33,9fcdc52b791045e99c623c5fc643331f,91,car,10.752550409970654,0.08332793453810985,7.6446264528450705,-3.918378716378473,,0.0,10.752550409970654,SAFE,0.9085034728050232,18
scene-0103,33,9fcdc52b791045e99c623c5fc643331f,94,car,15.269475916449862,0.03262020089874471,7.6446264528450705,-6.0686781391314515,,0.0,15.269475916449862,SAFE,0.8597367405891418,19
scene-0103,33,9fcdc52b791045e99c623c5fc643331f,96,car,7.850722982650181,0.005012292270612032,7.6446264528450705,5.623452286662795,1.3960682126297805,0.7558136954047103,5.316583750710953,CAUTION,0.813208281993866,21
scene-0103,33,9fcdc52b791045e99c623c5fc643331f,102,car,33.64091099670724,0.07686407011486694,7.6446264528450705,-6.228180365680459,,0.0,33.64091099670724,SAFE,0.3569818437099457,19
scene-0103,33,9fcdc52b791045e99c623c5fc643331f,124,car,19.105686099635108,0.05433621534543709,7.6446264528450705,4.623636038166125,4.132177779982225,1.4952805175971553,15.262291491294661,SAFE,0.7713326811790466,12
scene-0103,33,9fcdc52b791045e99c623c5fc643331f,142,car,18.019460355491944,0.9232340991165421,7.6446264528450705,-2.36246013595945,,0.0,18.019460355491944,SAFE,0.741061806678772,11
scene-0103,33,9fcdc52b791045e99c623c5fc643331f,144,truck,23.120368497668032,0.1034082499072351,7.6446264528450705,7.147030955296291,3.234961292637852,2.75695934241978,8.887406436500136,SAFE,0.5498889684677124,9
scene-0103,33,9fcdc52b791045e99c623c5fc643331f,145,car,14.619853674774777,0.03754049525236946,7.6446264528450705,-4.07095170995721,,0.0,14.619853674774777,SAFE,0.7752243280410767,10
scene-0103,33,9fcdc52b791045e99c623c5fc643331f,146,car,20.11913177274454,0.9062451318539546,7.6446264528450705,-2.011407998591011,,0.0,20.11913177274454,SAFE,0.7830476760864258,10
scene-0103,33,9fcdc52b791045e99c623c5fc643331f,147,car,11.645296867042287,0.08007897682554108,7.6446264528450705,6.925338007188211,1.6815492406226176,1.3527786342741277,5.1492296454030555,CAUTION,0.8971120119094849,9
scene-0103,33,9fcdc52b791045e99c623c5fc643331f,149,car,22.204001261110715,0.9781282093863024,7.6446264528450705,-1.4875945300947686,,0.0,22.204001261110715,SAFE,0.505779504776001,9
scene-0103,33,9fcdc52b791045e99c623c5fc643331f,150,pedestrian,10.209710901096374,1.5043873636240128,7.6446264528450705,3.723696067579545,2.7418217587593903,1.0081535223291156,8.118519377158304,SAFE,0.5096214413642883,8
scene-0103,33,9fcdc52b791045e99c623c5fc643331f,152,car,16.96765387079408,0.06017713654706303,7.6446264528450705,7.35177743319264,2.3079662061294983,2.1045248690540275,5.037634728849913,CAUTION,0.9415656328201294,9
scene-0103,33,9fcdc52b791045e99c623c5fc643331f,153,car,23.015087537250935,0.05563659637516927,7.6446264528450705,7.456866256546034,3.0864289026301184,2.9434026347047735,4.954415157442375,CAUTION,0.9219566583633423,4
scene-0103,33,9fcdc52b791045e99c623c5fc643331f,158,car,23.241261269981532,0.08870897029863603,7.6446264528450705,3.642823394065384,6.38001318094214,1.4168038284393565,20.498883260076795,SAFE,0.45164161920547485,6
scene-0103,33,9fcdc52b791045e99c623c5fc643331f,165,car,25.65640512567333,0.04050910776417889,7.6446264528450705,-5.238746374916562,,0.0,25.65640512567333,SAFE,0.7401883602142334,6
scene-0103,33,9fcdc52b791045e99c623c5fc643331f,170,car,31.104218496404787,0.14866920447158352,7.6446264528450705,7.177885178896706,4.33334021389093,3.973093832108395,8.968250165760912,SAFE,0.37778952717781067,4
scene-0103,33,9fcdc52b791045e99c623c5fc643331f,183,bicycle,13.138220734150305,4.575201300212206,7.6446264528450705,10.508238211432351,1.2502781598400279,0.9251223930551654,6.700064168803433,SAFE,0.5087727904319763,4
scene-0103,33,9fcdc52b791045e99c623c5fc643331f,184,car,20.861278423500885,0.20604820124109166,7.6446264528450705,6.002572151287795,3.475389865830316,2.261231426986218,12.330390635072408,SAFE,0.5515351295471191,3
scene-0103,33,9fcdc52b791045e99c623c5fc643331f,185,car,22.408126217593495,0.30290960620221025,7.6446264528450705,5.476130717993708,4.0919633536073015,2.2765697935146645,14.925368741817069,SAFE,0.6261230707168579,3
scene-0103,33,9fcdc52b791045e99c623c5fc643331f,186,car,24.613785715133265,0.23885086056064125,7.6446264528450705,-1.9550140717317954,,0.0,24.613785715133265,SAFE,0.6574093699455261,3
scene-0103,33,9fcdc52b791045e99c623c5fc643331f,187,car,39.85020255862744,0.1627367798551967,7.6446264528450705,7.517165926144505,5.301226945121629,5.235554885797684,4.43539857258132,CAUTION,0.49288737773895264,3
scene-0103,34,1c9a906c40f6417bbe1cea06d6e55501,46,car,30.028271375358734,0.055237097370816626,7.852211966708259,-7.719918745170222,,0.0,30.028271375358734,SAFE,0.6658504605293274,31
scene-0103,34,1c9a906c40f6417bbe1cea06d6e55501,53,car,46.02818879241398,0.032132706118248755,7.852211966708259,-7.729360376825179,,0.0,46.02818879241398,SAFE,0.41187310218811035,30
scene-0103,34,1c9a906c40f6417bbe1cea06d6e55501,79,car,33.635486496013506,0.5619129925477128,7.852211966708259,-6.839759331824368,,0.0,33.635486496013506,SAFE,0.618018388748169,26
scene-0103,34,1c9a906c40f6417bbe1cea06d6e55501,84,pedestrian,19.710260812198616,1.367778895603589,7.852211966708259,-5.831245168391771,,0.0,19.710260812198616,SAFE,0.481168657541275,24
scene-0103,34,1c9a906c40f6417bbe1cea06d6e55501,89,car,25.106416664518925,0.8352269069282864,7.852211966708259,-8.25528955534343,,0.0,25.106416664518925,SAFE,0.3938213884830475,24
scene-0103,34,1c9a906c40f6417bbe1cea06d6e55501,91,car,13.10603393641402,0.10838824503415716,7.852211966708259,-5.518383445863588,,0.0,13.10603393641402,SAFE,0.8471018075942993,19
scene-0103,34,1c9a906c40f6417bbe1cea06d6e55501,94,car,18.495725871078537,0.042998183372268926,7.852211966708259,-6.77221211897507,,0.0,18.495725871078537,SAFE,0.8719202876091003,20
scene-0103,34,1c9a906c40f6417bbe1cea06d6e55501,96,car,5.5859939385607,0.05174522862459941,7.852211966708259,2.557257126276225,2.184369292068334,0.2286854467605225,5.285508224966373,CAUTION,0.9112522006034851,22
scene-0103,34,1c9a906c40f6417bbe1cea06d6e55501,124,car,16.950744330997804,0.11296621248772373,7.852211966708259,3.5423127558781027,4.78521957240218,0.951721978354301,15.171741544453843,SAFE,0.728032112121582,13
scene-0103,34,1c9a906c40f6417bbe1cea06d6e55501,142,car,19.927226865920815,0.6603554105374597,7.852211966708259,-3.955108910208993,,0.0,19.927226865920815,SAFE,0.7496626973152161,12
scene-0103,34,1c9a906c40f6417bbe1cea06d6e55501,144,truck,19.59084004767887,0.07737759431708927,7.852211966708259,7.0522422335059005,2.7779590375669247,2.1993545860165034,8.940895631137014,SAFE,0.3369356691837311,10
scene-0103,34,1c9a906c40f6417bbe1cea06d6e55501,145,car,16.985547650822312,0.05395298552136808,7.852211966708259,-5.359154140660916,,0.0,16.985547650822312,SAFE,0.7984729409217834,11
scene-0103,34,1c9a906c40f6417bbe1cea06d6e55501,146,car,21.883192339357283,0.6129472354881264,7.852211966708259,-3.581383915832896,,0.0,21.883192339357283,SAFE,0.8575660586357117,11
scene-0103,34,1c9a906c40f6417bbe1cea06d6e55501,147,car,8.40652874642657,0.03421785828615468,7.852211966708259,6.15364085388815,1.3661064963053446,0.833232831395214,5.250329417745738,CAUTION,0.9205612540245056,10
scene-0103,34,1c9a906c40f6417bbe1cea06d6e55501,149,car,23.69899420864391,0.6676563418837447,7.852211966708259,-2.960304373944201,,0.0,23.69899420864391,SAFE,0.6276397109031677,10
scene-0103,34,1c9a906c40f6417bbe1cea06d6e55501,150,pedestrian,8.721563882257179,1.5498290489567046,7.852211966708259,2.2386936277738996,3.8958273584446133,0.491541099775153,8.15281430365185,SAFE,0.4258085787296295,9
scene-0103,34,1c9a906c40f6417bbe1cea06d6e55501,152,car,13.326770558067217,0.032218414444278344,7.852211966708259,7.288788496810289,1.8283930949429061,1.5679310513542095,5.0299348084046,CAUTION,0.9172521829605103,10
scene-0103,34,1c9a906c40f6417bbe1cea06d6e55501,153,car,19.277435682984446,0.05777012851884743,7.852211966708259,7.563118080724232,2.548874085691714,2.3797865505409086,4.965132796574475,CAUTION,0.939502477645874,5
scene-0103,34,1c9a906c40f6417bbe1cea06d6e55501,158,car,21.776147158111346,0.0726053672346943,7.852211966708259,2.532380186320016,8.599082900642905,0.8939024386476416,20.613245809028513,SAFE,0.6217309832572937,7
scene-0103,34,1c9a906c40f6417bbe1cea06d6e55501,165,car,28.530197752886444,0.04076699410670708,7.852211966708259,-5.9659769454368545,,0.0,28.530197752886444,SAFE,0.5313650965690613,7
scene-0103,34,1c9a906c40f6417bbe1cea06d6e55501,170,car,27.4371531427832,0.13679547378122656,7.852211966708259,7.305654479014797,3.755605089399633,3.363957823861104,8.860263487870505,SAFE,0.6154691576957703,5
scene-0103,34,1c9a906c40f6417bbe1cea06d6e55501,182,car,19.592632935697157,0.14739851143997823,7.852211966708259,7.113923215817683,2.7541248817717463,2.17955232933578,8.9489776943124,SAFE,0.3435198962688446,5
scene-0103,34,1c9a906c40f6417bbe1cea06d6e55501,184,car,17.75366839974194,0.10435257699020783,7.852211966708259,5.6694025709233875,3.1314884024632534,1.600873506224798,12.412111490950016,SAFE,0.6651800274848938,4
scene-0103,34,1c9a906c40f6417bbe1cea06d6e55501,185,car,19.78311777674258,0.2282254464564217,7.852211966708259,4.898366389583883,4.038717442372284,1.6575151177319563,15.190467870124994,SAFE,0.7906842231750488,4
scene-0103,34,1c9a906c40f6417bbe1cea06d6e55501,186,car,25.784541118984528,0.4014730318170446,7.852211966708259,-2.912819510018614,,0.0,25.784541118984528,SAFE,0.5279557704925537,4
scene-0103,34,1c9a906c40f6417bbe1cea06d6e55501,187,car,35.92183359803899,0.13142706473718066,7.852211966708259,7.810885859838505,4.598944888279508,4.526135052183831,4.519854149257828,CAUTION,0.6922765374183655,4
scene-0103,34,1c9a906c40f6417bbe1cea06d6e55501,190,car,24.895271293346205,0.16575468179465697,7.852211966708259,7.822916548122102,3.182351638318619,3.0372483537774744,5.31595629741626,CAUTION,0.9029969573020935,3
scene-0103,35,a771effa2a2648d78096c3e92b95b129,53,car,50.54131423059547,0.13418680356671414,7.995677365084096,-7.784875541278184,,0.0,50.54131423059547,SAFE,0.5544178485870361,31
scene-0103,35,a771effa2a2648d78096c3e92b95b129,87,pedestrian,46.185387808727675,0.7416917123457748,7.995677365084096,-8.604560123754146,,0.0,46.185387808727675,SAFE,0.37433135509490967,21
scene-0103,35,a771effa2a2648d78096c3e92b95b129,89,car,30.473836107456222,1.2139227097708634,7.995677365084096,-8.651531143341982,,0.0,30.473836107456222,SAFE,0.6099560856819153,25
scene-0103,35,a771effa2a2648d78096c3e92b95b129,91,car,16.781935011243803,0.08587376149238148,7.995677365084096,-6.624044946510601,,0.0,16.781935011243803,SAFE,0.7366425395011902,20
scene-0103,35,a771effa2a2648d78096c3e92b95b129,94,car,22.71315747136507,0.040717177071620404,7.995677365084096,-7.270398570022446,,0.0,22.71315747136507,SAFE,0.8452757000923157,21
scene-0103,35,a771effa2a2648d78096c3e92b95b129,96,car,6.084075464389726,0.0634105783867035,7.995677365084096,-3.97464327300567,,0.0,6.084075464389726,SAFE,0.8830086588859558,23
scene-0103,35,a771effa2a2648d78096c3e92b95b129,124,car,15.54762440003835,0.08266452980495138,7.995677365084096,1.3550784935210567,11.47359689816873,0.3228469599197253,15.327322125970479,SAFE,0.5891536474227905,14
scene-0103,35,a771effa2a2648d78096c3e92b95b129,142,car,23.044057000485484,0.38310239974710797,7.995677365084096,-5.355220593508267,,0.0,23.044057000485484,SAFE,0.6351441740989685,13
scene-0103,35,a771effa2a2648d78096c3e92b95b129,144,truck,15.544112204142067,0.03729930368836794,7.995677365084096,6.555952156395565,2.3709923186334163,1.579271092065133,8.98228836540978,SAFE,0.33313632011413574,11
scene-0103,35,a771effa2a2648d78096c3e92b95b129,145,car,20.521477360017673,0.06663855895887451,7.995677365084096,-6.344056391091272,,0.0,20.521477360017673,SAFE,0.7086257338523865,12
scene-0103,35,a771effa2a2648d78096c3e92b95b129,146,car,24.605117818602746,0.4582879243350547,7.995677365084096,-4.921016231323922,,0.0,24.605117818602746,SAFE,0.3217434883117676,12
scene-0103,35,a771effa2a2648d78096c3e92b95b129,147,car,5.602240198851693,0.07247168723666192,7.995677365084096,2.7669619344445304,2.0246900143844395,0.24684396217666443,5.249640104667124,CAUTION,0.9351934790611267,11
scene-0103,35,a771effa2a2648d78096c3e92b95b129,149,car,27.18831915062709,0.6539618081364901,7.995677365084096,-4.681181177636133,,0.0,27.18831915062709,SAFE,0.45844048261642456,11
scene-0103,35,a771effa2a2648d78096c3e92b95b129,150,pedestrian,8.303916829181764,1.5883004765312432,7.995677365084096,-0.5923282546170623,,0.0,8.303916829181764,SAFE,0.3132036626338959,10
scene-0103,35,a771effa2a2648d78096c3e92b95b129,152,car,9.133524700263681,0.01154426696146431,7.995677365084096,6.641003461565495,1.3753229844139578,0.9468485950450506,5.097984273079596,CAUTION,0.9328846335411072,11
scene-0103,35,a771effa2a2648d78096c3e92b95b129,153,car,14.714436572372422,0.04595028639295563,7.995677365084096,7.516809407587199,1.9575375368065333,1.7296949186999662,5.0200271868671456,CAUTION,0.940093457698822,6
scene-0103,35,a771effa2a2648d78096c3e92b95b129,158,car,20.641848707625083,0.028879920106497724,7.995677365084096,0.9541311607078926,21.634183598312003,0.3102937674725003,20.493283599227127,SAFE,0.37108302116394043,8
scene-0103,35,a771effa2a2648d78096c3e92b95b129,165,car,32.404828117910725,0.10334351563933966,7.995677365084096,-6.636414059798815,,0.0,32.404828117910725,SAFE,0.5609912276268005,8
scene-0103,35,a771effa2a2648d78096c3e92b95b129,170,car,22.881786327709143,0.0005541569761710147,7.995677365084096,7.357633655090692,3.1099382492192182,2.6330715422403883,8.960093554551564,SAFE,0.755721390247345,6
scene-0103,35,a771effa2a2648d78096c3e92b95b129,182,car,15.612225000871145,0.058148021831260506,7.995677365084096,6.576318062352662,2.374006982759272,1.5828880784814876,9.0124877372464,SAFE,0.37321528792381287,6
scene-0103,35,a771effa2a2648d78096c3e92b95b129,183,bicycle,7.532526681784307,4.164673063393688,7.995677365084096,-6.022792637820926,,0.0,7.532526681784307,SAFE,0.40832996368408203,5
scene-0103,35,a771effa2a2648d78096c3e92b95b129,184,car,14.733972154327722,0.06147072289439923,7.995677365084096,4.4068847174658226,3.3433985908305055,1.0313279941036084,12.252545178617295,SAFE,0.7329160571098328,5
scene-0103,35,a771effa2a2648d78096c3e92b95b129,185,car,17.076454355039786,0.15177970379179256,7.995677365084096,3.7218070401500967,4.588215931353365,1.0325391135797568,15.032697469683969,SAFE,0.738457441329956,5
scene-0103,35,a771effa2a2648d78096c3e92b95b129,186,car,29.535572096602223,1.1401768303684596,7.995677365084096,-5.23149246841229,,0.0,29.535572096602223,SAFE,0.3552616834640503,5
scene-0103,35,a771effa2a2648d78096c3e92b95b129,187,car,31.44892430084985,0.14784419502596743,7.995677365084096,7.739903031924138,4.063219419046346,3.95190545197709,5.205296683099621,CAUTION,0.5407449007034302,5
scene-0103,35,a771effa2a2648d78096c3e92b95b129,190,car,20.260650610138985,0.07425726176381588,7.995677365084096,7.807795741357271,2.5949257999693733,2.4294242151640653,5.116724027017314,CAUTION,0.8860582113265991,4
scene-0103,35,a771effa2a2648d78096c3e92b95b129,192,car,30.145798316082967,0.5443475794755661,7.995677365084096,-3.28584088648634,,0.0,30.145798316082967,SAFE,0.48671069741249084,3
scene-0103,35,a771effa2a2648d78096c3e92b95b129,196,car,27.852549809501735,4.724351419398025,7.995677365084096,12.618349360712784,2.207305330776513,2.1723207482831164,3.5064859347797794,WARNING,0.3904609680175781,3
scene-0103,36,b9ea04a6121d4a8bb00199b885aa5ef0,46,car,37.97791821914346,0.021168300594319834,8.144636417201152,-8.09093932436802,,0.0,37.97791821914346,SAFE,0.4157978296279907,32
scene-0103,36,b9ea04a6121d4a8bb00199b885aa5ef0,84,pedestrian,25.76734268475446,1.0085698814099129,8.144636417201152,-6.731537479673301,,0.0,25.76734268475446,SAFE,0.36001095175743103,25
scene-0103,36,b9ea04a6121d4a8bb00199b885aa5ef0,87,pedestrian,49.851299045421655,0.8312382465960889,8.144636417201152,-8.822054807182274,,0.0,49.851299045421655,SAFE,0.3264661133289337,22
scene-0103,36,b9ea04a6121d4a8bb00199b885aa5ef0,89,car,34.389627600921266,1.556368953801756,8.144636417201152,-9.029551413383798,,0.0,34.389627600921266,SAFE,0.36894676089286804,26
scene-0103,36,b9ea04a6121d4a8bb00199b885aa5ef0,91,car,19.617771247478267,0.06547264557244906,8.144636417201152,-7.155792075751664,,0.0,19.617771247478267,SAFE,0.7879217863082886,21
scene-0103,36,b9ea04a6121d4a8bb00199b885aa5ef0,94,car,25.73496484580402,0.031363426964489204,8.144636417201152,-7.577519992131388,,0.0,25.73496484580402,SAFE,0.8159051537513733,22
scene-0103,36,b9ea04a6121d4a8bb00199b885aa5ef0,96,car,8.258002286969276,0.112986888776685,8.144636417201152,-6.367724628622115,,0.0,8.258002286969276,SAFE,0.9117084741592407,24
scene-0103,36,b9ea04a6121d4a8bb00199b885aa5ef0,124,car,15.288539077441666,0.08454835365556562,8.144636417201152,-0.36040699393207776,,0.0,15.288539077441666,SAFE,0.7534990906715393,15
scene-0103,36,b9ea04a6121d4a8bb00199b885aa5ef0,142,car,25.52809395787165,0.23266977832143657,8.144636417201152,-6.104174285337926,,0.0,25.52809395787165,SAFE,0.5460821986198425,14
scene-0103,36,b9ea04a6121d4a8bb00199b885aa5ef0,145,car,23.15378740056387,0.05697984254236392,8.144636417201152,-6.866435369260595,,0.0,23.15378740056387,SAFE,0.6039246916770935,13
scene-0103,36,b9ea04a6121d4a8bb00199b885aa5ef0,146,car,27.608654895636995,0.5592705843393648,8.144636417201152,-5.847330769317173,,0.0,27.608654895636995,SAFE,0.32669827342033386,13
scene-0103,36,b9ea04a6121d4a8bb00199b885aa5ef0,147,car,5.401324223801976,0.10613087051281768,8.144636417201152,-1.8381552717024285,,0.0,5.401324223801976,SAFE,0.9272640943527222,12
scene-0103,36,b9ea04a6121d4a8bb00199b885aa5ef0,149,car,29.60576933934283,0.8648624739024153,8.144636417201152,-5.488781234986389,,0.0,29.60576933934283,SAFE,0.49035656452178955,12
scene-0103,36,b9ea04a6121d4a8bb00199b885aa5ef0,152,car,6.767496127686356,0.0374023996155978,8.144636417201152,5.213283153907763,1.298125562701038,0.5353798306105975,5.187517299221434,CAUTION,0.9474167823791504,12
scene-0103,36,b9ea04a6121d4a8bb00199b885aa5ef0,153,car,11.768853241114838,0.03453981148765866,8.144636417201152,7.311247742815576,1.609691485653669,1.3047982273984238,5.121966509384203,CAUTION,0.9142705798149109,7
scene-0103,36,b9ea04a6121d4a8bb00199b885aa5ef0,158,car,20.52064436058369,0.038340750522767426,8.144636417201152,-0.33613826578603456,,0.0,20.52064436058369,SAFE,0.6235938668251038,9
scene-0103,36,b9ea04a6121d4a8bb00199b885aa5ef0,170,car,19.903015925537893,0.021471778913748487,8.144636417201152,7.30352296489453,2.7251253978668517,2.179841069138337,8.90301598318469,SAFE,0.5981450080871582,7
scene-0103,36,b9ea04a6121d4a8bb00199b885aa5ef0,182,car,13.06839652221299,0.05257636567583471,8.144636417201152,5.986687482672555,2.1829094236232027,1.165746080517566,8.92071769285254,SAFE,0.33802178502082825,7
scene-0103,36,b9ea04a6121d4a8bb00199b885aa5ef0,183,bicycle,10.990490522871314,4.288245653076226,8.144636417201152,-10.029716334224384,,0.0,10.990490522871314,SAFE,0.4515053331851959,6
scene-0103,36,b9ea04a6121d4a8bb00199b885aa5ef0,184,car,13.142048419952074,0.04410439835401598,8.144636417201152,3.028833338111839,4.338980377224971,0.6024635776354991,12.195586461916086,SAFE,0.8597745299339294,6
scene-0103,36,b9ea04a6121d4a8bb00199b885aa5ef0,185,car,15.776262603076782,0.13252425247148092,8.144636417201152,2.4716370638699963,6.382920386529123,0.6074201157643881,15.006838790032901,SAFE,0.6850882172584534,6
scene-0103,36,b9ea04a6121d4a8bb00199b885aa5ef0,186,car,31.351839175409204,1.692773827789805,8.144636417201152,-5.300119153287008,,0.0,31.351839175409204,SAFE,0.4512593448162079,6
scene-0103,36,b9ea04a6121d4a8bb00199b885aa5ef0,187,car,28.351789716992727,0.17209149038943405,8.144636417201152,7.8231542312245255,3.624086765902216,3.4860077388941786,5.534075053042738,CAUTION,0.6578578948974609,6
scene-0103,36,b9ea04a6121d4a8bb00199b885aa5ef0,190,car,17.128092361405926,0.05984814851340938,8.144636417201152,7.818287474771054,2.1907729047667814,1.9894267171608655,5.192565949604965,CAUTION,0.8823164701461792,5
scene-0103,36,b9ea04a6121d4a8bb00199b885aa5ef0,196,car,21.53413140988484,5.860173255051609,8.144636417201152,13.865114509756154,1.5531160160799538,1.522967208760613,3.0002709566282753,WARNING,0.5606334805488586,4
scene-0103,37,87e772078a494d42bd34cd16172808bc,46,car,41.973952271176316,0.03338785223150847,8.21141349568376,-8.135923220806177,,0.0,41.973952271176316,SAFE,0.5164204835891724,33
scene-0103,37,87e772078a494d42bd34cd16172808bc,79,car,42.52417644487714,1.5181005398051477,8.21141349568376,-7.339092509221391,,0.0,42.52417644487714,SAFE,0.4049050807952881,27
scene-0103,37,87e772078a494d42bd34cd16172808bc,89,car,39.563477708966545,2.1880571268133253,8.21141349568376,-9.493453727964189,,0.0,39.563477708966545,SAFE,0.3441183567047119,27
scene-0103,37,87e772078a494d42bd34cd16172808bc,91,car,23.3791233025695,0.04486558470199197,8.21141349568376,-7.569904193587033,,0.0,23.3791233025695,SAFE,0.6219511032104492,22
scene-0103,37,87e772078a494d42bd34cd16172808bc,94,car,29.57648209527077,0.034619522912506556,8.21141349568376,-7.785701287203091,,0.0,29.57648209527077,SAFE,0.7761924266815186,23
scene-0103,37,87e772078a494d42bd34cd16172808bc,96,car,11.815223367719106,0.14781399138955115,8.21141349568376,-7.483379916345931,,0.0,11.815223367719106,SAFE,0.8488719463348389,25
scene-0103,37,87e772078a494d42bd34cd16172808bc,124,car,16.006040499414514,0.01549841410376383,8.21141349568376,-2.4204009019189017,,0.0,16.006040499414514,SAFE,0.7371311783790588,16
scene-0103,37,87e772078a494d42bd34cd16172808bc,144,truck,10.536725215577455,0.057583675916787695,8.21141349568376,4.1620930856635745,2.531592878561858,0.6485027487359954,9.087496889272694,SAFE,0.30116006731987,12
scene-0103,37,87e772078a494d42bd34cd16172808bc,146,car,30.87261807217079,0.8209472333831909,8.21141349568376,-6.420400861262213,,0.0,30.87261807217079,SAFE,0.5979393124580383,14
scene-0103,37,87e772078a494d42bd34cd16172808bc,147,car,7.456233705131976,0.10836070897793863,8.21141349568376,-5.732566774657072,,0.0,7.456233705131976,SAFE,0.9407633543014526,13
scene-0103,37,87e772078a494d42bd34cd16172808bc,149,car,32.48487115938562,0.7264004521198977,8.21141349568376,-6.042509945451154,,0.0,32.48487115938562,SAFE,0.5074812173843384,13
scene-0103,37,87e772078a494d42bd34cd16172808bc,152,car,5.2020410344774906,0.07081002331711189,8.21141349568376,0.5361333072046004,9.702887256904328,0.04205890709433176,5.190754199511938,SAFE,0.9593530297279358,13
scene-0103,37,87e772078a494d42bd34cd16172808bc,153,car,8.321653275906248,0.026317501146754036,8.21141349568376,6.404897183224471,1.299264147081407,0.7952927283093305,5.182792759450761,CAUTION,0.9358370304107666,8
scene-0103,37,87e772078a494d42bd34cd16172808bc,158,car,20.988115647740276,0.12266855285877026,8.21141349568376,-1.803654653002913,,0.0,20.988115647740276,SAFE,0.6826422214508057,10
scene-0103,37,87e772078a494d42bd34cd16172808bc,170,car,16.343683543352313,0.012791682534422331,8.21141349568376,6.913334969508137,2.364080955926126,1.6716197026483868,8.845380326474992,SAFE,0.6590985059738159,8
scene-0103,37,87e772078a494d42bd34cd16172808bc,182,car,10.488776853909508,0.04832460575924345,8.21141349568376,4.26305480911772,2.4603898667866906,0.6556831663337078,8.983099219386377,SAFE,0.45583778619766235,8
scene-0103,37,87e772078a494d42bd34cd16172808bc,183,bicycle,16.92931282615694,4.597558747296412,8.21141349568376,-11.83167652649318,,0.0,16.92931282615694,SAFE,0.5423959493637085,7
scene-0103,37,87e772078a494d42bd34cd16172808bc,184,car,12.243228111665115,0.037419328398839706,8.21141349568376,0.5281864050545657,23.179748654076576,0.09605125099850566,12.217835296459366,SAFE,0.8369874358177185,7
scene-0103,37,87e772078a494d42bd34cd16172808bc,185,car,15.055090105966425,0.11726880059309959,8.21141349568376,0.4289611229847128,35.09663067182653,0.09856078013677283,15.033935872365369,SAFE,0.5908978581428528,7
scene-0103,37,87e772078a494d42bd34cd16172808bc,187,car,24.351380881729934,0.11219289232715716,8.21141349568376,7.8939222117687,3.0848265575033835,2.9300010317905967,5.455436432552381,CAUTION,0.7399483323097229,7
scene-0103,37,87e772078a494d42bd34cd16172808bc,196,car,14.037705929719577,6.364747648854781,8.21141349568376,14.167048229511462,0.9908702012094198,0.9360951790248704,3.3004946827234365,WARNING,0.774739682674408,5
scene-0103,37,87e772078a494d42bd34cd16172808bc,203,car,30.124682999027314,0.14896754126381886,8.21141349568376,8.206751482062216,3.6707195368193966,3.5561052818019716,5.323119328061852,CAUTION,0.7231920957565308,3
scene-0103,37,87e772078a494d42bd34cd16172808bc,207,pedestrian,12.137529060680555,0.769676426573432,8.21141349568376,2.133529709846187,5.688943071505476,0.4647373580598791,11.631202682820494,SAFE,0.4012870192527771,3
scene-0103,38,f40544fd4f5d42abbcfa948eeaf86850,46,car,46.11478615979351,0.012477630875464966,8.289855126968348,-8.243980436183179,,0.0,46.11478615979351,SAFE,0.6148754358291626,34
scene-0103,38,f40544fd4f5d42abbcfa948eeaf86850,79,car,45.721183898257024,1.7480617966073233,8.289855126968348,-7.334342113738989,,0.0,45.721183898257024,SAFE,0.3366806209087372,28
scene-0103,38,f40544fd4f5d42abbcfa948eeaf86850,91,car,27.082831826830436,0.08291724310489401,8.289855126968348,-7.724611009213178,,0.0,27.082831826830436,SAFE,0.6591923236846924,23
scene-0103,38,f40544fd4f5d42abbcfa948eeaf86850,94,car,33.50745094208705,0.05207866186274917,8.289855126968348,-7.949439610238133,,0.0,33.50745094208705,SAFE,0.5064427852630615,24
scene-0103,38,f40544fd4f5d42abbcfa948eeaf86850,96,car,15.60680418561458,0.09518220860081866,8.289855126968348,-7.890391820196193,,0.0,15.60680418561458,SAFE,0.8688612580299377,26
scene-0103,38,f40544fd4f5d42abbcfa948eeaf86850,124,car,17.656931857590187,0.012101538478927797,8.289855126968348,-4.137102876294955,,0.0,17.656931857590187,SAFE,0.7839361429214478,17
scene-0103,38,f40544fd4f5d42abbcfa948eeaf86850,142,car,33.149712152129645,0.8499093846862126,8.289855126968348,-7.320671268992845,,0.0,33.149712152129645,SAFE,0.5395386815071106,15
scene-0103,38,f40544fd4f5d42abbcfa948eeaf86850,146,car,34.41211420994108,0.7442079311391204,8.289855126968348,-6.966084975362957,,0.0,34.41211420994108,SAFE,0.5657941102981567,15
scene-0103,38,f40544fd4f5d42abbcfa948eeaf86850,147,car,10.793200869168631,0.055290943627520815,8.289855126968348,-7.188699646559206,,0.0,10.793200869168631,SAFE,0.8945770263671875,14
scene-0103,38,f40544fd4f5d42abbcfa948eeaf86850,149,car,35.73224365964532,0.7376796909396439,8.289855126968348,-6.547386270635465,,0.0,35.73224365964532,SAFE,0.434113472700119,14
scene-0103,38,f40544fd4f5d42abbcfa948eeaf86850,150,pedestrian,12.965247473489164,0.9230101334743585,8.289855126968348,-5.652550909296611,,0.0,12.965247473489164,SAFE,0.38794878125190735,11
scene-0103,38,f40544fd4f5d42abbcfa948eeaf86850,152,car,6.3955356178428575,0.07989528071514512,8.289855126968348,-4.80180227213112,,0.0,6.3955356178428575,SAFE,0.9413734674453735,14
scene-0103,38,f40544fd4f5d42abbcfa948eeaf86850,153,car,5.723840464009278,0.020708115296222608,8.289855126968348,3.3881315701950303,1.689379631641577,0.2823302726950844,5.223704002589344,CAUTION,0.9586526155471802,9
scene-0103,38,f40544fd4f5d42abbcfa948eeaf86850,170,car,13.093180294752285,0.025139055929454895,8.289855126968348,6.092450087095676,2.149082898928421,1.1666369607589662,8.852641857626038,SAFE,0.7166011929512024,9
scene-0103,38,f40544fd4f5d42abbcfa948eeaf86850,182,car,9.063532485015878,0.10630876365139755,8.289855126968348,1.066411859539798,8.499091982085774,0.13712176266443207,8.99012104457777,SAFE,0.46671000123023987,9
scene-0103,38,f40544fd4f5d42abbcfa948eeaf86850,183,bicycle,23.55627819447553,4.93230789786543,8.289855126968348,-12.712331951440838,,0.0,23.55627819447553,SAFE,0.5706644058227539,8
scene-0103,38,f40544fd4f5d42abbcfa948eeaf86850,184,car,12.656486410045165,0.12272769964905927,8.289855126968348,-2.0583185930375296,,0.0,12.656486410045165,SAFE,0.7376655340194702,8
scene-0103,38,f40544fd4f5d42abbcfa948eeaf86850,190,car,9.55882171859083,0.06368440168844808,8.289855126968348,6.992634461596577,1.3669843277362355,0.9579725766488584,5.228661017758243,CAUTION,0.9295669198036194,6
scene-0103,38,f40544fd4f5d42abbcfa948eeaf86850,196,car,7.088709028377608,6.43655274605813,8.289855126968348,12.879093099297725,0.5504043626149534,0.4209842330659543,3.437376721137272,WARNING,0.8795558214187622,6
scene-0103,39,281b92269fd648d4b52d06ac06ca6d65,84,pedestrian,35.73151788205266,0.6952468570245425,8.32585535922802,-7.415191453053308,,0.0,35.73151788205266,SAFE,0.40651318430900574,26
scene-0103,39,281b92269fd648d4b52d06ac06ca6d65,91,car,30.969976142145306,0.10025436126118246,8.32585535922802,-7.867989552086195,,0.0,30.969976142145306,SAFE,0.4374517500400543,24
scene-0103,39,281b92269fd648d4b52d06ac06ca6d65,94,car,37.415978511926745,0.09646206424533037,8.32585535922802,-7.982446526329337,,0.0,37.415978511926745,SAFE,0.4864601194858551,25
scene-0103,39,281b92269fd648d4b52d06ac06ca6d65,96,car,19.655273982024937,0.11642170158203581,8.32585535922802,-8.135310232462185,,0.0,19.655273982024937,SAFE,0.5857654809951782,27
scene-0103,39,281b92269fd648d4b52d06ac06ca6d65,124,car,20.060497784564138,0.011774217621636267,8.32585535922802,-5.386039076590072,,0.0,20.060497784564138,SAFE,0.7748262286186218,18
scene-0103,39,281b92269fd648d4b52d06ac06ca6d65,146,car,37.83935497512856,0.6096490226551015,8.32585535922802,-7.184889021952008,,0.0,37.83935497512856,SAFE,0.5916211605072021,16
scene-0103,39,281b92269fd648d4b52d06ac06ca6d65,147,car,14.539846897914554,0.046069161338001416,8.32585535922802,-7.720211424882454,,0.0,14.539846897914554,SAFE,0.8719760179519653,15
scene-0103,39,281b92269fd648d4b52d06ac06ca6d65,149,car,38.96468795256286,0.3957627287410122,8.32585535922802,-6.861044420339579,,0.0,38.96468795256286,SAFE,0.5077880024909973,15
scene-0103,39,281b92269fd648d4b52d06ac06ca6d65,152,car,9.400874927636755,0.10440236642619113,8.32585535922802,-6.8586212849934,,0.0,9.400874927636755,SAFE,0.9457899332046509,15
scene-0103,39,281b92269fd648d4b52d06ac06ca6d65,153,car,5.502559799207557,0.04017916605520899,8.32585535922802,-2.6480664859261323,,0.0,5.502559799207557,SAFE,0.920991837978363,10
scene-0103,39,281b92269fd648d4b52d06ac06ca6d65,170,car,10.411762998098247,0.037221347137811896,8.32585535922802,4.40990081152116,2.360997093380609,0.6669866331495565,8.819309654856442,SAFE,0.7032657265663147,10
scene-0103,39,281b92269fd648d4b52d06ac06ca6d65,182,car,9.404589098617453,0.02326584182358847,8.32585535922802,-2.549014044909329,,0.0,9.404589098617453,SAFE,0.49873149394989014,10
scene-0103,39,281b92269fd648d4b52d06ac06ca6d65,183,bicycle,30.552949938959635,5.29411344629926,8.32585535922802,-13.308572764587169,,0.0,30.552949938959635,SAFE,0.6172815561294556,9
scene-0103,39,281b92269fd648d4b52d06ac06ca6d65,184,car,14.132263851653155,0.1798213901998661,8.32585535922802,-4.120835913458498,,0.0,14.132263851653155,SAFE,0.7215592861175537,9
scene-0103,39,281b92269fd648d4b52d06ac06ca6d65,185,car,16.35879883166859,0.525841608133038,8.32585535922802,-3.0802818392222506,,0.0,16.35879883166859,SAFE,0.6308426856994629,8
scene-0103,39,281b92269fd648d4b52d06ac06ca6d65,196,car,3.7019169932298444,6.4238304684245096,8.32585535922802,-4.632802579656696,,0.0,3.7019169932298444,SAFE,0.7709727883338928,7
scene-0103,39,281b92269fd648d4b52d06ac06ca6d65,218,car,25.398740273432413,0.4951735213864983,8.32585535922802,8.234216801669977,3.084536257082921,2.7117566201918675,8.829646724720984,SAFE,0.5412068963050842,3
scene-0103,39,281b92269fd648d4b52d06ac06ca6d65,219,car,20.857523358566517,0.34830104331273004,8.32585535922802,7.755958303771493,2.689225823767531,2.1567615929786035,9.280990356890422,SAFE,0.8508974313735962,3
scene-0916,2,07fad91090c746ccaa1b2bdb55329e20,1,car,15.926325539751266,0.28630944433099614,4.079822180748513,-1.0187595824672584,,0.0,15.926325539751266,SAFE,0.4465269148349762,3
scene-0916,2,07fad91090c746ccaa1b2bdb55329e20,2,car,13.429590000978138,0.17192420022604787,4.079822180748513,-0.8020486920468339,,0.0,13.429590000978138,SAFE,0.3770734369754791,3
scene-0916,2,07fad91090c746ccaa1b2bdb55329e20,3,car,39.27563351308036,0.13690991686399012,4.079822180748513,2.457255940726725,15.983533852588723,6.098481182199714,30.887039974044033,SAFE,0.47655344009399414,3
scene-0916,2,07fad91090c746ccaa1b2bdb55329e20,4,car,22.872421046440675,0.2145761841745062,4.079822180748513,-1.6027740887425572,,0.0,22.872421046440675,SAFE,0.3925287425518036,3
scene-0916,2,07fad91090c746ccaa1b2bdb55329e20,6,truck,10.277698980578725,0.34345692624216256,4.079822180748513,0.32196764332085187,31.92152750062727,0.19696315775794032,10.245942036006573,SAFE,0.7235569357872009,3
scene-0916,2,07fad91090c746ccaa1b2bdb55329e20,7,bus,19.427632348943742,3.1022210218850215,4.079822180748513,-0.3751080020813691,,0.0,19.427632348943742,SAFE,0.9162076711654663,3
scene-0916,2,07fad91090c746ccaa1b2bdb55329e20,8,pedestrian,24.933281639286616,0.179297374724185,4.079822180748513,3.835489816027594,6.500677315084086,5.7623780566024285,8.402651556144399,SAFE,0.3563084602355957,3
scene-0916,2,07fad91090c746ccaa1b2bdb55329e20,11,pedestrian,21.78253606495255,0.13314688970825783,4.079822180748513,4.10059580412294,5.312041738678881,5.14614722133451,3.849406000745942,CAUTION,0.35103684663772583,3
scene-0916,3,ae5004bf4ebb4db0a84cb3c27bd398d1,1,car,16.30994109002376,0.24657858774556143,4.044693194903146,-0.7439844151409405,,0.0,16.30994109002376,SAFE,0.39400339126586914,4
scene-0916,3,ae5004bf4ebb4db0a84cb3c27bd398d1,2,car,13.656129297322089,0.21827070523074277,4.044693194903146,-0.5222643782900707,,0.0,13.656129297322089,SAFE,0.41797342896461487,4
scene-0916,3,ae5004bf4ebb4db0a84cb3c27bd398d1,3,car,38.35895452123099,0.1632805286018511,4.044693194903146,2.7111394991749336,14.1486465498749,6.884524287147654,27.4853255756905,SAFE,0.5184804201126099,4
scene-0916,3,ae5004bf4ebb4db0a84cb3c27bd398d1,4,car,23.51480878869678,0.07918785934711978,4.044693194903146,-1.2622755897863638,,0.0,23.51480878869678,SAFE,0.3830413520336151,4
scene-0916,3,ae5004bf4ebb4db0a84cb3c27bd398d1,5,car,18.981038335712643,0.10107705959731197,4.044693194903146,-1.1994234186086588,,0.0,18.981038335712643,SAFE,0.46491551399230957,3
scene-0916,3,ae5004bf4ebb4db0a84cb3c27bd398d1,6,truck,10.185886772172664,0.2976362680021324,4.044693194903146,0.2980866851781915,34.17088812968517,0.1772392024304548,10.159436105516294,SAFE,0.7708094120025635,4
scene-0916,3,ae5004bf4ebb4db0a84cb3c27bd398d1,7,bus,18.73633630510251,3.9630275869052034,4.044693194903146,0.5729748483780683,32.70010255797413,0.6717396750379371,18.542892730385155,SAFE,0.9572929739952087,4
scene-0916,3,ae5004bf4ebb4db0a84cb3c27bd398d1,8,pedestrian,23.281548158082746,0.06847711427947188,4.044693194903146,4.035860828911851,5.768669720050758,5.630282614882413,3.6059676927361752,CAUTION,0.5157409310340881,4
scene-0916,3,ae5004bf4ebb4db0a84cb3c27bd398d1,10,pedestrian,11.85110488071583,0.8436257486453299,4.044693194903146,-3.2799989448736646,,0.0,11.85110488071583,SAFE,0.4324161112308502,3
scene-0916,3,ae5004bf4ebb4db0a84cb3c27bd398d1,11,pedestrian,19.975882823608558,0.25052205536875344,4.044693194903146,4.276492507586665,4.671090335870005,4.670477043147373,0.22889207400197684,CAUTION,0.4090295135974884,4
scene-0916,3,ae5004bf4ebb4db0a84cb3c27bd398d1,13,pedestrian,24.547635956682207,0.1652052088024005,4.044693194903146,4.16309450652275,5.896487797291388,5.821562049429718,2.767123325295667,CAUTION,0.30627354979515076,3
scene-0916,3,ae5004bf4ebb4db0a84cb3c27bd398d1,14,car,19.449223220536023,0.09083913304104616,4.044693194903146,2.0388252319543305,9.53942638913333,2.3227977778801354,16.91641411374026,SAFE,0.8618807792663574,3
scene-0916,3,ae5004bf4ebb4db0a84cb3c27bd398d1,15,car,20.983372245613356,0.08570610702210593,4.044693194903146,-1.130227545412462,,0.0,20.983372245613356,SAFE,0.4770064055919647,3
scene-0916,3,ae5004bf4ebb4db0a84cb3c27bd398d1,16,car,20.688666176767736,0.28721786974134744,4.044693194903146,1.5358410592582477,13.470577604403655,1.7411799897944216,19.305330336645685,SAFE,0.7888756394386292,3
scene-0916,3,ae5004bf4ebb4db0a84cb3c27bd398d1,17,car,27.034067724251326,0.18335465098170936,4.044693194903146,2.260265001035952,11.96057440692164,3.700467597116622,22.466127042160878,SAFE,0.45463496446609497,3
scene-0916,3,ae5004bf4ebb4db0a84cb3c27bd398d1,19,car,37.18155748440216,0.1715931862043571,4.044693194903146,3.2198592912454034,11.547572151831758,7.978848288810864,20.669915823553865,SAFE,0.5791419148445129,3
scene-0916,3,ae5004bf4ebb4db0a84cb3c27bd398d1,20,car,37.765006009269634,0.17623683606087395,4.044693194903146,3.071883505373292,12.293762424001972,7.743044826933221,22.976670316929766,SAFE,0.47698134183883667,3
scene-0916,3,ae5004bf4ebb4db0a84cb3c27bd398d1,22,pedestrian,20.87313567368224,0.1868218819603807,4.044693194903146,4.062161760499022,5.138430447712661,5.130641334137565,0.8126742011292064,CAUTION,0.4390275478363037,3
scene-0916,3,ae5004bf4ebb4db0a84cb3c27bd398d1,23,pedestrian,19.95238477932204,1.330663147386502,4.044693194903146,4.62643069376989,4.312695055864688,4.17731709515122,3.535040713160302,CAUTION,0.39018452167510986,3
scene-0916,3,ae5004bf4ebb4db0a84cb3c27bd398d1,25,pedestrian,31.209378000207952,0.5415844790355063,4.044693194903146,3.9001272085305922,8.002143604943175,7.173513172585816,10.04297501988437,SAFE,0.30325376987457275,3
scene-0916,3,ae5004bf4ebb4db0a84cb3c27bd398d1,26,pedestrian,27.39391694597986,0.8609105824832112,4.044693194903146,1.5832161620736136,17.302701679157156,2.4239877528486504,25.402699543073837,SAFE,0.3201451301574707,3
scene-0916,4,ac8b4d49731d43289579f014cb7c97ef,3,car,36.690687346404594,1.606295116230126,4.13844213064113,3.3432694279200073,10.974493123406887,10.292242968575435,9.148195431500799,SAFE,0.4145718812942505,5
scene-0916,4,ac8b4d49731d43289579f014cb7c97ef,6,truck,10.240556854688013,0.25043630432935987,4.13844213064113,-0.14286683553429436,,0.0,10.240556854688013,SAFE,0.6753739714622498,5
scene-0916,4,ac8b4d49731d43289579f014cb7c97ef,7,bus,17.890757862141328,4.549471093884079,4.13844213064113,0.7803896993719113,22.925415182364045,0.5851473260778879,17.660960577144913,SAFE,0.9717059135437012,5
scene-0916,4,ac8b4d49731d43289579f014cb7c97ef,8,pedestrian,21.26321458292475,0.09443882389380392,4.13844213064113,4.151146112622934,5.122251543559719,5.114311521897814,0.8371616294681387,CAUTION,0.5081362128257751,5
scene-0916,4,ac8b4d49731d43289579f014cb7c97ef,10,pedestrian,13.427704279853785,0.9154865410927923,4.13844213064113,-3.5270857875089883,,0.0,13.427704279853785,SAFE,0.49158990383148193,4
scene-0916,4,ac8b4d49731d43289579f014cb7c97ef,11,pedestrian,17.825922913635114,0.2794684340143818,4.13844213064113,4.332410343048492,4.114550908650065,4.0659529108683845,1.937313891087011,CAUTION,0.32954728603363037,5
scene-0916,4,ac8b4d49731d43289579f014cb7c97ef,13,pedestrian,22.472211659123563,0.15261590547700613,4.13844213064113,4.275968432660801,5.255467156276411,5.254333711413039,0.33002007059526467,CAUTION,0.41466739773750305,4
scene-0916,4,ac8b4d49731d43289579f014cb7c97ef,14,car,18.40320378139755,0.12924972671278034,4.13844213064113,2.2067646214821472,8.339450253211535,2.23127274714947,15.749999656175861,SAFE,0.9301900267601013,4
scene-0916,4,ac8b4d49731d43289579f014cb7c97ef,16,car,19.87751339873248,0.16278248329942327,4.13844213064113,1.729638845193322,11.492291268765282,1.9235795998893266,18.137836251516397,SAFE,0.6340180039405823,4
scene-0916,4,ac8b4d49731d43289579f014cb7c97ef,17,car,25.805312779644773,0.22668692242235483,4.13844213064113,2.5764801772241093,10.015723391843569,3.7164729340048583,20.465030891711752,SAFE,0.8161535859107971,4
scene-0916,4,ac8b4d49731d43289579f014cb7c97ef,20,car,35.52658728747868,2.1204565313032284,4.13844213064113,4.111301276905204,8.641202600997765,8.638988586343316,0.5686651875941777,SAFE,0.6363469958305359,4
scene-0916,4,ac8b4d49731d43289579f014cb7c97ef,23,pedestrian,18.26943251308694,0.03340559728499899,4.13844213064113,3.957060987120372,4.616919621039743,4.2712982018887615,4.998609671815812,CAUTION,0.3942578136920929,4
scene-0916,4,ac8b4d49731d43289579f014cb7c97ef,24,pedestrian,20.431380231112907,0.08647131303674357,4.13844213064113,4.1031179787580845,4.979476665522788,4.970755385778141,0.8550587665398462,CAUTION,0.468688428401947,3
scene-0916,4,ac8b4d49731d43289579f014cb7c97ef,26,pedestrian,26.328662569899937,1.3582158892046092,4.13844213064113,1.2427162456594643,21.186383184303086,1.7986563892160956,25.186268725900874,SAFE,0.3636426627635956,4
scene-0916,4,ac8b4d49731d43289579f014cb7c97ef,27,pedestrian,18.357054840113207,0.5717240384538264,4.13844213064113,4.31991943745692,4.249397495921768,4.246652504504362,0.46656249201132166,CAUTION,0.3350178897380829,3
scene-0916,4,ac8b4d49731d43289579f014cb7c97ef,28,car,24.13549747941478,0.13875446550247122,4.13844213064113,3.3135218514847717,7.2839409429576545,4.705435443990424,14.360087225501305,SAFE,0.5254132151603699,3
scene-0916,5,c1eed31234b94e9f8e22fbf3428b0ac2,3,car,34.75314234743396,1.5794291047761508,4.299353228783534,3.855541531473688,9.013816104361974,8.800780675131739,5.342759807588354,SAFE,0.377935528755188,6
scene-0916,5,c1eed31234b94e9f8e22fbf3428b0ac2,6,truck,10.44208784878872,0.2220854620157004,4.299353228783534,-0.6115359932786644,,0.0,10.44208784878872,SAFE,0.7599726915359497,6
scene-0916,5,c1eed31234b94e9f8e22fbf3428b0ac2,7,bus,17.342198186677415,4.839387714301879,4.299353228783534,0.3427103159338025,50.60308190438951,0.1884391176402745,17.309878054879523,SAFE,0.9726538062095642,6
scene-0916,5,c1eed31234b94e9f8e22fbf3428b0ac2,8,pedestrian,19.167926856282175,0.1062919147440933,4.299353228783534,4.2727398337323255,4.486097352559517,4.45695169006991,1.544997433051877,CAUTION,0.4493981599807739,6
scene-0916,5,c1eed31234b94e9f8e22fbf3428b0ac2,10,pedestrian,15.164406099016132,1.0554570837206791,4.299353228783534,-3.7536383755751572,,0.0,15.164406099016132,SAFE,0.40893611311912537,5
scene-0916,5,c1eed31234b94e9f8e22fbf3428b0ac2,13,pedestrian,20.32302934751426,0.15063213863390273,4.299353228783534,4.382752554373046,4.637046946042218,4.537930850220972,2.9712540817727358,CAUTION,0.38731545209884644,5
scene-0916,5,c1eed31234b94e9f8e22fbf3428b0ac2,14,car,17.256944771710877,0.05817082444472172,4.299353228783534,2.3508076369526476,7.340857882391882,2.136493387493616,14.53029239492122,SAFE,0.8378288745880127,5
scene-0916,5,c1eed31234b94e9f8e22fbf3428b0ac2,16,car,18.91194045974652,0.11708752694286953,4.299353228783534,1.9096598369505025,9.90330324480543,1.8958374680200514,17.00566418557541,SAFE,0.8250285387039185,5
scene-0916,5,c1eed31234b94e9f8e22fbf3428b0ac2,17,car,24.397654984323985,0.15753673885442046,4.299353228783534,2.8808638669967905,8.468867711461066,3.734240298286262,18.242246302194722,SAFE,0.8438680768013,5
scene-0916,5,c1eed31234b94e9f8e22fbf3428b0ac2,19,car,33.46797884303229,0.03390816091766488,4.299353228783534,3.9775024901921157,8.414320022566665,7.134252560375786,13.053783400237934,SAFE,0.5132794976234436,4
scene-0916,5,c1eed31234b94e9f8e22fbf3428b0ac2,21,pedestrian,13.399270617421225,0.7835239669294581,4.299353228783534,1.7725878794284053,7.559157304935425,1.7411438619668038,11.755248845232503,SAFE,0.33321183919906616,3
scene-0916,5,c1eed31234b94e9f8e22fbf3428b0ac2,23,pedestrian,15.84073777914596,0.5063656521200538,4.299353228783534,4.295295896931985,3.6879270157989756,3.3651010165782727,4.686714494897352,CAUTION,0.35720640420913696,5
scene-0916,5,c1eed31234b94e9f8e22fbf3428b0ac2,24,pedestrian,18.335156134651502,0.0707845557835128,4.299353228783534,4.203882228651242,4.361481872562849,4.222433968478085,3.273782329182841,CAUTION,0.31535807251930237,4
scene-0916,5,c1eed31234b94e9f8e22fbf3428b0ac2,25,pedestrian,26.772946372209287,0.9121410962782301,4.299353228783534,4.543334223465319,5.892797019847874,5.8927796499502465,0.04596571887332319,CAUTION,0.5289477705955505,4
scene-0916,5,c1eed31234b94e9f8e22fbf3428b0ac2,27,pedestrian,15.93587444241923,0.5724502353759129,4.299353228783534,4.555654773091729,3.4980425945674174,3.3659640018141777,3.0965604966250515,WARNING,0.42848482728004456,4
scene-0916,5,c1eed31234b94e9f8e22fbf3428b0ac2,28,car,22.46554285363605,0.025853273446200184,4.299353228783534,3.5354984590113148,6.354278785322518,4.325100985936302,12.695325368201239,SAFE,0.6334141492843628,4
scene-0916,5,c1eed31234b94e9f8e22fbf3428b0ac2,31,car,31.598257958735044,0.23473654719520798,4.299353228783534,1.7170046814839048,18.40312859917572,3.2794661232265496,28.644800238897794,SAFE,0.5590988993644714,3
scene-0916,5,c1eed31234b94e9f8e22fbf3428b0ac2,32,car,34.02276028199646,1.0900948257471226,4.299353228783534,4.230891082619139,8.041511733016447,7.692035893366417,7.092662157646309,SAFE,0.424761027097702,3
scene-0916,5,c1eed31234b94e9f8e22fbf3428b0ac2,33,pedestrian,20.267510396093797,0.11524710999894268,4.299353228783534,4.288300691251598,4.726233502571494,4.53773259691938,4.047618179217288,CAUTION,0.32365021109580994,3
scene-0916,5,c1eed31234b94e9f8e22fbf3428b0ac2,34,pedestrian,11.09366707253325,0.5919994200552122,4.299353228783534,3.49646843970238,3.172820594221507,2.53387962206353,4.97831920273182,CAUTION,0.3190549612045288,3
scene-0916,5,c1eed31234b94e9f8e22fbf3428b0ac2,35,pedestrian,18.065050179843926,0.058581433267383264,4.299353228783534,4.154969807499368,4.347817437141912,4.015376630493238,4.99528976839529,CAUTION,0.4050658345222473,3
scene-0916,5,c1eed31234b94e9f8e22fbf3428b0ac2,36,pedestrian,10.590542145699969,0.7224100574628268,4.299353228783534,3.2048851631975914,3.3044997266402922,2.546982031396343,5.0706276912028425,CAUTION,0.3153102695941925,3
scene-0916,5,c1eed31234b94e9f8e22fbf3428b0ac2,37,pedestrian,17.08923895245173,0.1124653432043943,4.299353228783534,4.062635264278158,4.206441839048064,3.9586423342573838,4.147777918636784,CAUTION,0.40977808833122253,3
scene-0916,6,edba7d0cf1c64d2a9c8a5ebddab507a9,3,car,33.3706118030891,0.21079268601532752,4.465461420900523,3.677041190137288,9.07539787495368,6.763377924980639,16.843297535087704,SAFE,0.5460377931594849,7
scene-0916,6,edba7d0cf1c64d2a9c8a5ebddab507a9,6,truck,10.872363344239425,0.18931668679629848,4.465461420900523,-1.1882384820402276,,0.0,10.872363344239425,SAFE,0.8112246990203857,7
scene-0916,6,edba7d0cf1c64d2a9c8a5ebddab507a9,7,bus,17.112582633205186,4.889743536906979,4.465461420900523,-0.3316533778077411,,0.0,17.112582633205186,SAFE,0.9795205593109131,7
scene-0916,6,edba7d0cf1c64d2a9c8a5ebddab507a9,8,pedestrian,17.013001908864904,0.044443748066629436,4.465461420900523,4.361033011217464,3.9011403640155904,3.739277568487027,3.465442368929616,WARNING,0.4009644389152527,7
scene-0916,6,edba7d0cf1c64d2a9c8a5ebddab507a9,11,pedestrian,13.727185945496853,0.5418531579138711,4.465461420900523,3.9137940517359113,3.5073858675339196,2.333745559596417,7.940671886067468,SAFE,0.394256055355072,6
scene-0916,6,edba7d0cf1c64d2a9c8a5ebddab507a9,13,pedestrian,18.142042954862436,0.1332135933793343,4.465461420900523,4.439018426364772,4.0869492334411035,3.830569915799181,4.543892654500504,CAUTION,0.4710577726364136,6
scene-0916,6,edba7d0cf1c64d2a9c8a5ebddab507a9,14,car,16.081902506120237,0.044183939902786025,4.465461420900523,2.335542597979528,6.885724336619957,1.8470935844394183,13.756845991272717,SAFE,0.8798986673355103,6
scene-0916,6,edba7d0cf1c64d2a9c8a5ebddab507a9,16,car,17.911287533286707,0.1400611367811577,4.465461420900523,1.9036613219334488,9.408862452011764,1.6339668154774405,16.281916755966897,SAFE,0.7713825106620789,6
scene-0916,6,edba7d0cf1c64d2a9c8a5ebddab507a9,17,car,22.74301334200675,0.11603902451035773,4.465461420900523,3.164169314631062,7.187672681371211,3.4579568800168174,16.382935845199068,SAFE,0.7919266819953918,6
scene-0916,6,edba7d0cf1c64d2a9c8a5ebddab507a9,19,car,31.91235236963465,0.9426271399399011,4.465461420900523,3.8601329646444023,8.26716402308552,5.729444723053269,17.680817153244192,SAFE,0.6926940679550171,5
scene-0916,6,edba7d0cf1c64d2a9c8a5ebddab507a9,20,car,31.437194873151796,0.8696118418598254,4.465461420900523,4.431742272548474,7.093642396103019,6.97388491158845,4.084702904953706,CAUTION,0.6861118674278259,5
scene-0916,6,edba7d0cf1c64d2a9c8a5ebddab507a9,21,pedestrian,12.618236336703033,0.9382818989270523,4.465461420900523,1.1127846675722735,11.339333389838874,1.0311167312718852,12.03085975629849,SAFE,0.5745095610618591,4
scene-0916,6,edba7d0cf1c64d2a9c8a5ebddab507a9,22,pedestrian,14.94644187523958,0.5014820407326713,4.465461420900523,3.7814017587086117,3.9526193800533767,2.611391487449212,8.706560215455402,SAFE,0.3762574791908264,4
scene-0916,6,edba7d0cf1c64d2a9c8a5ebddab507a9,23,pedestrian,14.296705666772764,0.09309525645758919,4.465461420900523,3.671636301305364,3.8938240319962807,2.601222551914264,8.237210038396691,SAFE,0.49011069536209106,6
scene-0916,6,edba7d0cf1c64d2a9c8a5ebddab507a9,24,pedestrian,16.192109793156334,0.04364726764060539,4.465461420900523,4.260274345963007,3.800719972059972,3.457586467699067,4.8652153276597625,CAUTION,0.37660330533981323,5
scene-0916,6,edba7d0cf1c64d2a9c8a5ebddab507a9,25,pedestrian,24.334580440026475,1.0303970739949204,4.465461420900523,4.821140950038371,5.047473345460435,4.99277260385572,2.5332815076679815,CAUTION,0.3482404053211212,5
scene-0916,6,edba7d0cf1c64d2a9c8a5ebddab507a9,27,pedestrian,13.755270163081892,0.4455296326683234,4.465461420900523,4.440161581901286,3.0979210799783234,2.6978185447921788,4.9433299759372105,CAUTION,0.5283567905426025,5
scene-0916,6,edba7d0cf1c64d2a9c8a5ebddab507a9,31,car,31.03675234147628,0.5225363455409092,4.465461420900523,1.5788238931877703,19.65814710265793,3.077092245510557,28.504344522300787,SAFE,0.641494631767273,4
scene-0916,6,edba7d0cf1c64d2a9c8a5ebddab507a9,32,car,32.60522785545902,1.2479688906208977,4.465461420900523,3.64368658505125,8.948417240172816,5.090829839129918,21.407798775641208,SAFE,0.755230724811554,4
scene-0916,6,edba7d0cf1c64d2a9c8a5ebddab507a9,33,pedestrian,17.91032743069645,0.3551897345889073,4.465461420900523,4.489557567870703,3.989330164484542,3.4710990722966235,6.455282724532938,SAFE,0.39720654487609863,4
scene-0916,6,edba7d0cf1c64d2a9c8a5ebddab507a9,34,pedestrian,9.381017421526513,0.8397128397976079,4.465461420900523,3.274832412130451,2.864579386345962,1.9907020687568764,5.181371652736905,CAUTION,0.4129445552825928,4
scene-0916,6,edba7d0cf1c64d2a9c8a5ebddab507a9,35,pedestrian,15.057404332649009,0.9388621119951226,4.465461420900523,5.013193853794524,3.00355517296662,2.5977433391314233,5.534707310305427,CAUTION,0.5332546234130859,4
scene-0916,6,edba7d0cf1c64d2a9c8a5ebddab507a9,37,pedestrian,15.116145551892693,0.1887885536049994,4.465461420900523,4.005775977854825,3.77358734873329,3.301017355896842,5.3492997217791745,CAUTION,0.3771313428878784,4
scene-0916,6,edba7d0cf1c64d2a9c8a5ebddab507a9,38,pedestrian,15.561107444626002,3.0699160240751127,4.465461420900523,6.641575011601708,2.3429845206059374,1.845148807660482,7.172966718425195,SAFE,0.30061841011047363,3
scene-0916,6,edba7d0cf1c64d2a9c8a5ebddab507a9,39,car,24.030774518818404,0.04347248607912483,4.465461420900523,1.177960243358634,20.400327306718918,1.4468187941136783,23.162957381641135,SAFE,0.8137894868850708,3
scene-0916,6,edba7d0cf1c64d2a9c8a5ebddab507a9,42,car,28.736884074643477,0.13401658269908298,4.465461420900523,0.9809589366957865,29.2946860461248,1.341413442170758,28.071239008187018,SAFE,0.6723480820655823,3
scene-0916,6,edba7d0cf1c64d2a9c8a5ebddab507a9,44,car,24.04141729572112,0.2775686433519751,4.465461420900523,2.9131496961801395,8.252722929839607,3.8119671349350126,17.635585385748012,SAFE,0.3505186438560486,3
scene-0916,7,a5afebb0aa5e4d7c95665788ce51ec58,3,car,31.390798374284294,0.4443533364211336,4.651819267222778,3.877951974698579,8.094684663216904,5.398080859415246,18.11802961917371,SAFE,0.5939567685127258,8
scene-0916,7,a5afebb0aa5e4d7c95665788ce51ec58,6,truck,11.681906426464662,0.18181588782485208,4.651819267222778,-1.9392177642274182,,0.0,11.681906426464662,SAFE,0.8364332318305969,8
scene-0916,7,a5afebb0aa5e4d7c95665788ce51ec58,7,bus,17.31499688865036,4.827370191952886,4.651819267222778,-1.1803957832429144,,0.0,17.31499688865036,SAFE,0.9858604669570923,8
scene-0916,7,a5afebb0aa5e4d7c95665788ce51ec58,8,pedestrian,14.826498130513937,0.03927012218089964,4.651819267222778,4.430411137078004,3.3465287242602226,3.0584926469996985,4.349754564054184,CAUTION,0.580880343914032,8
scene-0916,7,a5afebb0aa5e4d7c95665788ce51ec58,13,pedestrian,15.967359341722888,0.12130689393695544,4.651819267222778,4.45531840341342,3.5838873669476854,3.156714275954419,5.512617590206256,CAUTION,0.4981484115123749,7
scene-0916,7,a5afebb0aa5e4d7c95665788ce51ec58,14,car,14.962294381741806,0.013164378723248278,4.651819267222778,2.1220891744267063,7.050737811611498,1.459159060504302,13.324414532224674,SAFE,0.9451403021812439,7
scene-0916,7,a5afebb0aa5e4d7c95665788ce51ec58,16,car,16.994613874781205,0.11296673910962425,4.651819267222778,1.6869048593673357,10.074435307012477,1.2860199892428095,15.872898226303473,SAFE,0.9334678649902344,7
scene-0916,7,a5afebb0aa5e4d7c95665788ce51ec58,17,car,21.026136512895192,0.1337464049473163,4.651819267222778,3.2826788711569135,6.405176180235064,3.0144345036478173,15.298233732976591,SAFE,0.7126998901367188,7
scene-0916,7,a5afebb0aa5e4d7c95665788ce51ec58,19,car,29.96673080463126,1.0295055018976698,4.651819267222778,3.987340265270137,7.515468661062728,5.1780429148054505,16.71206992666533,SAFE,0.45547595620155334,6
scene-0916,7,a5afebb0aa5e4d7c95665788ce51ec58,20,car,29.21880498486168,0.6186670144021751,4.651819267222778,4.635724650168942,6.302963870771928,6.1333878077952315,4.792612487593385,CAUTION,0.5483464598655701,6
scene-0916,7,a5afebb0aa5e4d7c95665788ce51ec58,21,pedestrian,12.195060514808663,1.0583860391701772,4.651819267222778,0.43894701597950103,27.782534271467007,0.38321022609413996,12.110663986988795,SAFE,0.37038668990135193,5
scene-0916,7,a5afebb0aa5e4d7c95665788ce51ec58,22,pedestrian,13.007835824351698,0.42141363702785983,4.651819267222778,3.5553835162068617,3.6586308523558073,1.9658847212357902,8.847929747533762,SAFE,0.40975382924079895,5
scene-0916,7,a5afebb0aa5e4d7c95665788ce51ec58,24,pedestrian,14.059215780211156,0.02608382979735866,4.651819267222778,4.258954954975963,3.301095205006812,2.7514438545526194,5.7368794134246945,CAUTION,0.35608622431755066,6
scene-0916,7,a5afebb0aa5e4d7c95665788ce51ec58,25,pedestrian,21.785372642037302,1.1209393274118786,4.651819267222778,5.059320550634961,4.305987814767572,4.168987880730051,3.8858745310019964,CAUTION,0.4256575107574463,6
scene-0916,7,a5afebb0aa5e4d7c95665788ce51ec58,26,pedestrian,25.81279366252806,0.9129202035426807,4.651819267222778,-1.5556345806185738,,0.0,25.81279366252806,SAFE,0.37021857500076294,5
scene-0916,7,a5afebb0aa5e4d7c95665788ce51ec58,28,car,18.89199909250943,0.08658695093175,4.651819267222778,3.7998249794599745,4.971807700257377,3.434182084568204,10.50620951900186,SAFE,0.6202985048294067,5
scene-0916,7,a5afebb0aa5e4d7c95665788ce51ec58,29,car,19.060982365290208,0.016693424455480586,4.651819267222778,1.4665929573721839,12.996777510402989,1.2826454932327547,18.095996119495187,SAFE,0.7187559604644775,3
scene-0916,7,a5afebb0aa5e4d7c95665788ce51ec58,31,car,29.97860697779583,0.22740161598580327,4.651819267222778,1.7938821133197627,16.711581410618642,2.7036275158401435,27.446693079496217,SAFE,0.5409098863601685,5
scene-0916,7,a5afebb0aa5e4d7c95665788ce51ec58,32,car,30.7052310293879,1.2571679132100237,4.651819267222778,3.7886710329333555,8.104485916692155,4.675991340981954,19.971071512543407,SAFE,0.6330064535140991,5
scene-0916,7,a5afebb0aa5e4d7c95665788ce51ec58,33,pedestrian,15.783767441330076,0.2858833962154858,4.651819267222778,4.3622107102839145,3.6182955133551515,2.837179855156853,7.3335849724943065,SAFE,0.32854145765304565,5
scene-0916,7,a5afebb0aa5e4d7c95665788ce51ec58,35,pedestrian,12.740382457502372,0.8063459770764014,4.651819267222778,4.7649203816132655,2.673787059835162,2.057786986234822,6.1151827300163815,SAFE,0.38064780831336975,5
scene-0916,7,a5afebb0aa5e4d7c95665788ce51ec58,37,pedestrian,13.705636907989033,0.6088081415804195,4.651819267222778,3.45294186246603,3.9692637333316436,2.673844108477447,7.829778571086015,SAFE,0.3606738746166229,5
scene-0916,7,a5afebb0aa5e4d7c95665788ce51ec58,38,pedestrian,12.143858933452497,3.142981790134189,4.651819267222778,6.240527285706116,1.945966803360979,1.2539928588413551,7.241588973745433,SAFE,0.39031317830085754,4
scene-0916,7,a5afebb0aa5e4d7c95665788ce51ec58,39,car,23.417574931045866,0.1195066385992865,4.651819267222778,1.1044551610661923,21.20282991700593,1.2495940484315577,22.71703629833316,SAFE,0.7562525272369385,4
scene-0916,7,a5afebb0aa5e4d7c95665788ce51ec58,41,car,25.697134486776598,0.06984105223363025,4.651819267222778,0.9836319375976337,26.124745958877472,1.16672327127429,25.116767590203,SAFE,0.6750844120979309,3
scene-0916,7,a5afebb0aa5e4d7c95665788ce51ec58,42,car,28.246292743258323,0.10847707724439594,4.651819267222778,0.8969025072172583,31.493158415729763,1.1285922884490855,27.7355566729809,SAFE,0.6844632625579834,4
scene-0916,7,a5afebb0aa5e4d7c95665788ce51ec58,44,car,22.63638454710007,0.201243899539324,4.651819267222778,2.900434463726594,7.804480614954471,3.267742682505651,17.258653372850183,SAFE,0.5964664220809937,4
scene-0916,7,a5afebb0aa5e4d7c95665788ce51ec58,45,car,24.270646108222085,0.2245876617311476,4.651819267222778,2.710081311034823,8.955689266369108,3.2214377410725987,19.420937872151683,SAFE,0.3382200002670288,3
scene-0916,7,a5afebb0aa5e4d7c95665788ce51ec58,47,motorcycle,24.23180824834815,0.05385436123071548,4.651819267222778,4.6955820556305765,5.160554743003852,5.140583425696648,1.5074432967252953,CAUTION,0.3801843523979187,3
scene-0916,7,a5afebb0aa5e4d7c95665788ce51ec58,52,pedestrian,8.801437184176038,0.5993257850532173,4.651819267222778,2.6820180262153257,3.281647288775312,1.398978063000163,6.66645044218638,SAFE,0.4434264600276947,3
scene-0916,8,5b7cb170eee6468aa1fdbd3abcf63c5a,3,car,29.269864544376812,0.4697782626598577,4.718362118332138,3.966864170732859,7.3785900612194,4.817611535643928,17.243959323932096,SAFE,0.8177644610404968,9
scene-0916,8,5b7cb170eee6468aa1fdbd3abcf63c5a,6,truck,12.816040557608039,0.08110613637319646,4.718362118332138,-2.539389278700093,,0.0,12.816040557608039,SAFE,0.9085708856582642,9
scene-0916,8,5b7cb170eee6468aa1fdbd3abcf63c5a,7,bus,17.633397144980915,4.869431426557806,4.718362118332138,-1.7397084896904111,,0.0,17.633397144980915,SAFE,0.9705820679664612,9
scene-0916,8,5b7cb170eee6468aa1fdbd3abcf63c5a,8,pedestrian,12.615950927869127,0.014773884044256268,4.718362118332138,4.331030783977117,2.9129210936441554,2.4656209455994795,4.943734643181756,CAUTION,0.34403806924819946,9
scene-0916,8,5b7cb170eee6468aa1fdbd3abcf63c5a,13,pedestrian,14.552247857147417,0.5398395241597044,4.718362118332138,3.7898279107454993,3.8398175853543797,2.763544740464709,7.704349536228571,SAFE,0.35713788866996765,8
scene-0916,8,5b7cb170eee6468aa1fdbd3abcf63c5a,14,car,13.935905959782778,0.043469034125706796,4.718362118332138,1.6796563982448398,8.29687903689417,1.0419568345489116,13.031493977833849,SAFE,0.944712221622467,8
scene-0916,8,5b7cb170eee6468aa1fdbd3abcf63c5a,16,car,16.17057024747554,0.032749716635885565,4.718362118332138,1.3016678683773342,12.4229618325248,0.9378469995695046,15.548211183660113,SAFE,0.8084596395492554,8
scene-0916,8,5b7cb170eee6468aa1fdbd3abcf63c5a,17,car,19.486378655900324,0.02615729068322329,4.718362118332138,3.0958816651464214,6.2942905328969365,2.7085531897292845,14.70777515104507,SAFE,0.8741438984870911,8
scene-0916,8,5b7cb170eee6468aa1fdbd3abcf63c5a,19,car,27.771693587490844,0.866593277097211,4.718362118332138,4.1010374405544265,6.771870286494225,4.843563196572261,14.819588635432524,SAFE,0.7005112767219543,7
scene-0916,8,5b7cb170eee6468aa1fdbd3abcf63c5a,20,car,26.982716633077807,0.4765587156988861,4.718362118332138,4.648332684491352,5.804816149046873,5.605575425263418,4.9989695717712355,CAUTION,0.7969244122505188,7
scene-0916,8,5b7cb170eee6468aa1fdbd3abcf63c5a,21,pedestrian,12.019107189609903,1.1968682730774958,4.718362118332138,-0.15977477354714376,,0.0,12.019107189609903,SAFE,0.5297752022743225,6
scene-0916,8,5b7cb170eee6468aa1fdbd3abcf63c5a,22,pedestrian,11.297441794194198,0.38287920038120393,4.718362118332138,3.0001560096747046,3.7656181071127484,1.401018862521375,8.95242618665091,SAFE,0.4109020531177521,6
scene-0916,8,5b7cb170eee6468aa1fdbd3abcf63c5a,23,pedestrian,11.223721689000064,0.19223897988513158,4.718362118332138,2.569636877969448,4.367824024174637,1.282827150611627,9.432605837717793,SAFE,0.434269517660141,7
scene-0916,8,5b7cb170eee6468aa1fdbd3abcf63c5a,24,pedestrian,11.949966076166737,0.0281921937430276,4.718362118332138,4.053978569416175,2.947713183863151,2.150948297408619,6.212825470717143,SAFE,0.5192047357559204,7
scene-0916,8,5b7cb170eee6468aa1fdbd3abcf63c5a,25,pedestrian,19.085644350327478,1.2219093354264117,4.718362118332138,5.1659676060183966,3.6944955535711332,3.471180445558041,4.692327385666451,CAUTION,0.3721362054347992,7
scene-0916,8,5b7cb170eee6468aa1fdbd3abcf63c5a,26,pedestrian,26.501832286386968,1.0136215004939895,4.718362118332138,-1.9760419819939097,,0.0,26.501832286386968,SAFE,0.40947020053863525,6
scene-0916,8,5b7cb170eee6468aa1fdbd3abcf63c5a,27,pedestrian,10.236048312408883,0.12094390862047695,4.718362118332138,3.471938529074667,2.9482227944677843,1.669632708352715,6.740899364008836,SAFE,0.3669241964817047,6
scene-0916,8,5b7cb170eee6468aa1fdbd3abcf63c5a,28,car,16.972570072748876,0.11113986919541506,4.718362118332138,3.760285297028622,4.513638921536248,3.0055573097750026,9.810623873811737,SAFE,0.8953027725219727,6
scene-0916,8,5b7cb170eee6468aa1fdbd3abcf63c5a,31,car,28.997687136248857,0.11426128787777391,4.718362118332138,1.7043593000544561,17.013834544935655,2.280200665647754,26.984675143247227,SAFE,0.44481533765792847,6
scene-0916,8,5b7cb170eee6468aa1fdbd3abcf63c5a,32,car,28.631291787665827,0.9451327987264573,4.718362118332138,3.8897252811914735,7.360749080689752,4.608414402779013,17.50775890014446,SAFE,0.7277060151100159,6
scene-0916,8,5b7cb170eee6468aa1fdbd3abcf63c5a,35,pedestrian,10.731479211584828,0.5447083386709463,4.718362118332138,4.232534869034449,2.5354733141354973,1.688186876077374,6.203620095695293,SAFE,0.30908262729644775,6
scene-0916,8,5b7cb170eee6468aa1fdbd3abcf63c5a,37,pedestrian,12.010910361393924,0.6159541215440993,4.718362118332138,3.121399388109912,3.847924878548413,1.9686307522775446,8.393826952600811,SAFE,0.4394310712814331,6
scene-0916,8,5b7cb170eee6468aa1fdbd3abcf63c5a,39,car,22.998195547129573,0.10692353067362165,4.718362118332138,0.7633621994947675,30.127501155219587,0.8254954916161014,22.680931159416108,SAFE,0.6004948616027832,5
scene-0916,8,5b7cb170eee6468aa1fdbd3abcf63c5a,40,car,31.26949789667318,0.05128183667199125,4.718362118332138,1.627984565994267,19.20749038402327,2.249535844425443,29.381389385451087,SAFE,0.4100185036659241,3
scene-0916,8,5b7cb170eee6468aa1fdbd3abcf63c5a,41,car,25.334026937651334,0.03948239175871489,4.718362118332138,0.6477008174017047,39.113779475036765,0.7249717578740029,25.098146417239878,SAFE,0.585198700428009,4
scene-0916,8,5b7cb170eee6468aa1fdbd3abcf63c5a,42,car,27.88746447239858,0.08749327797434753,4.718362118332138,0.6547117351852696,42.595027664361346,0.8445427679206132,27.609614294514344,SAFE,0.6899410486221313,5
scene-0916,8,5b7cb170eee6468aa1fdbd3abcf63c5a,43,car,18.410145522489906,0.10559457744403235,4.718362118332138,0.9771312753269443,18.841015518953625,0.831588229594415,17.999275269975882,SAFE,0.60135418176651,3
scene-0916,8,5b7cb170eee6468aa1fdbd3abcf63c5a,44,car,21.277938518967435,0.26117628339863996,4.718362118332138,2.7167137939596757,7.83223413753656,2.8887808350663717,16.904484703882115,SAFE,0.779974639415741,5
scene-0916,8,5b7cb170eee6468aa1fdbd3abcf63c5a,45,car,23.13181152597413,0.32316839688572374,4.718362118332138,2.4882789830903147,9.296309490684846,2.9318282327573684,19.139732520847936,SAFE,0.7699974179267883,4
scene-0916,8,5b7cb170eee6468aa1fdbd3abcf63c5a,52,pedestrian,7.4376294243339816,0.750757090679414,4.718362118332138,2.1159264271191085,3.5150699613221037,0.9174399580999033,6.393758013219865,SAFE,0.31372299790382385,4
scene-0916,8,5b7cb170eee6468aa1fdbd3abcf63c5a,53,car,30.349314947563172,0.06587173609698058,4.718362118332138,0.32528794300313413,93.29984587615274,0.43191226063938726,30.278985533881126,SAFE,0.4537467062473297,3
scene-0916,8,5b7cb170eee6468aa1fdbd3abcf63c5a,56,motorcycle,27.79896642051426,0.2316681421800713,4.718362118332138,4.494837185786301,6.184643685965072,6.148814350294425,2.1158783017542855,CAUTION,0.6137393712997437,3
scene-0916,8,5b7cb170eee6468aa1fdbd3abcf63c5a,59,pedestrian,20.934637614672628,0.7235430453223739,4.718362118332138,-4.1265836156223425,,0.0,20.934637614672628,SAFE,0.3808581531047821,3
scene-0916,9,d8251bbc2105497ab8ec80827d4429aa,3,car,27.39222826195995,0.3838761681306524,4.674502698617541,3.82263316867258,7.165800916092604,4.637912423319584,16.269490377793506,SAFE,0.741553544998169,10
scene-0916,9,d8251bbc2105497ab8ec80827d4429aa,6,truck,14.082589709347,0.06303695602638687,4.674502698617541,-2.881932981231226,,0.0,14.082589709347,SAFE,0.9162247776985168,10
scene-0916,9,d8251bbc2105497ab8ec80827d4429aa,7,bus,18.027629067103298,4.913397418008469,4.674502698617541,-2.0137227331677443,,0.0,18.027629067103298,SAFE,0.9734112620353699,10
scene-0916,9,d8251bbc2105497ab8ec80827d4429aa,8,pedestrian,10.516887718922849,0.02588614758120355,4.674502698617541,4.0328362891926695,2.607814194468136,1.9430961813781085,5.309671327426644,CAUTION,0.4955401122570038,10
scene-0916,9,d8251bbc2105497ab8ec80827d4429aa,13,pedestrian,12.07117238748594,0.12747856233320268,4.674502698617541,3.8992474063649425,3.095769806189149,2.1460067844303703,6.686098192151398,SAFE,0.4477900564670563,9
scene-0916,9,d8251bbc2105497ab8ec80827d4429aa,14,car,13.306341050029292,0.07409396877298667,4.674502698617541,1.0663532692085897,12.478361003108093,0.6693147524374518,12.944559896272283,SAFE,0.9221132397651672,9
scene-0916,9,d8251bbc2105497ab8ec80827d4429aa,16,car,15.720267418670717,0.15336629770728819,4.674502698617541,0.7991164322292974,19.672061272492975,0.6131889772385214,15.473323143431944,SAFE,0.7382251620292664,9
scene-0916,9,d8251bbc2105497ab8ec80827d4429aa,17,car,18.029210261117008,0.06777091475684745,4.674502698617541,2.826430859513715,6.378790480733329,2.382056781399248,14.271188452137158,SAFE,0.7521793246269226,9
scene-0916,9,d8251bbc2105497ab8ec80827d4429aa,19,car,25.65068740909195,0.6025131002452102,4.674502698617541,4.08819407905367,6.274332116597933,4.755997707071021,12.618245528853341,SAFE,0.7648941874504089,8
scene-0916,9,d8251bbc2105497ab8ec80827d4429aa,20,car,24.731334769021537,0.36264806474088546,4.674502698617541,4.584283768844039,5.394808876601835,5.175189788642402,4.989931298871192,CAUTION,0.760512113571167,8
scene-0916,9,d8251bbc2105497ab8ec80827d4429aa,21,pedestrian,12.245310095982484,1.259273625222275,4.674502698617541,-0.7742227499504032,,0.0,12.245310095982484,SAFE,0.45061513781547546,7
scene-0916,9,d8251bbc2105497ab8ec80827d4429aa,23,pedestrian,10.17755073930651,0.20280352202827268,4.674502698617541,1.570267843511353,6.481410659564924,0.7183733495389745,9.596971879965515,SAFE,0.416830450296402,8
scene-0916,9,d8251bbc2105497ab8ec80827d4429aa,24,pedestrian,10.10166253318194,0.03155512393763768,4.674502698617541,3.560143327835832,2.837431418617244,1.6675446557703313,6.486375442248725,SAFE,0.4479983448982239,8
scene-0916,9,d8251bbc2105497ab8ec80827d4429aa,25,pedestrian,16.535255208034048,1.2843179677391432,4.674502698617541,5.034307818982018,3.284514138306629,2.926036911774027,5.462684519380805,CAUTION,0.40513503551483154,8
scene-0916,9,d8251bbc2105497ab8ec80827d4429aa,27,pedestrian,8.523532668460156,0.07462618246950228,4.674502698617541,2.749187668042551,3.100382257472076,1.0765282328101866,6.886548349689365,SAFE,0.3341969847679138,7
scene-0916,9,d8251bbc2105497ab8ec80827d4429aa,28,car,15.06877291919094,0.05055186780741924,4.674502698617541,3.5962664549867185,4.19011580699089,2.5343740707073246,9.472424954506144,SAFE,0.7803608775138855,7
scene-0916,9,d8251bbc2105497ab8ec80827d4429aa,31,car,27.990770325154486,0.025511218516488163,4.674502698617541,1.616271779087699,17.318108679069937,2.059385193112514,26.273850343119577,SAFE,0.6223243474960327,7
scene-0916,9,d8251bbc2105497ab8ec80827d4429aa,32,car,26.721016639454618,0.6483808876157389,4.674502698617541,3.804950409492218,7.022697739448493,4.716855200993243,15.311432094238723,SAFE,0.6227409243583679,7
scene-0916,9,d8251bbc2105497ab8ec80827d4429aa,33,pedestrian,11.444883028652256,0.28544225717647426,4.674502698617541,3.707642494051564,3.086835650150763,1.7273903428491897,7.595134597949622,SAFE,0.4540635049343109,6
scene-0916,9,d8251bbc2105497ab8ec80827d4429aa,35,pedestrian,9.07479796132078,0.33555967066373044,4.674502698617541,3.4371532391479502,2.6402075583835094,1.316267199444822,6.426168966507735,SAFE,0.3893163204193115,7
scene-0916,9,d8251bbc2105497ab8ec80827d4429aa,37,pedestrian,10.481598557891399,0.5473442790622505,4.674502698617541,2.5711209854948702,4.0766648543666175,1.3967686141207227,8.498338143875689,SAFE,0.30790141224861145,7
scene-0916,9,d8251bbc2105497ab8ec80827d4429aa,39,car,22.52203575552377,0.14406512307746472,4.674502698617541,0.5577318254877912,40.3814785642294,0.5911974217512237,22.356563070909942,SAFE,0.5200059413909912,6
scene-0916,9,d8251bbc2105497ab8ec80827d4429aa,40,car,30.204156810444232,0.17384401814050765,4.674502698617541,1.5745966296406286,19.18215512587357,2.053970750645086,28.54129546904064,SAFE,0.44387203454971313,4
scene-0916,9,d8251bbc2105497ab8ec80827d4429aa,41,car,24.883260703571757,0.16293849081890152,4.674502698617541,0.5149492058394327,48.32177702460746,0.5952320863334186,24.729528670211387,SAFE,0.5190852880477905,5
scene-0916,9,d8251bbc2105497ab8ec80827d4429aa,42,car,27.630395143670484,0.1210655590440045,4.674502698617541,0.4150871500438078,66.56528668920348,0.5499718100807226,27.51601528237781,SAFE,0.7261092662811279,6
scene-0916,9,d8251bbc2105497ab8ec80827d4429aa,43,car,18.003909194777904,0.12404689723132667,4.674502698617541,0.5718289714410563,31.48477970503412,0.494103770611537,17.862079119239173,SAFE,0.6864936947822571,4
scene-0916,9,d8251bbc2105497ab8ec80827d4429aa,44,car,19.912468397693456,0.21242676165278496,4.674502698617541,2.5236293207386593,7.890409353725979,2.48930556287881,16.474665048997686,SAFE,0.4920215904712677,6
scene-0916,9,d8251bbc2105497ab8ec80827d4429aa,45,car,21.990848366225578,0.3150425825068965,4.674502698617541,2.2481784500067943,9.78162937473185,2.571378429226321,18.880416577396886,SAFE,0.5614928603172302,5
scene-0916,9,d8251bbc2105497ab8ec80827d4429aa,47,motorcycle,19.598296993498106,0.4599280912705692,4.674502698617541,4.559338079579321,4.298496108739186,3.9589258771711906,5.508392409184128,CAUTION,0.3877043128013611,4
scene-0916,9,d8251bbc2105497ab8ec80827d4429aa,52,pedestrian,6.752294033870958,0.9432264693302811,4.674502698617541,1.0348078319438614,6.525167113575994,0.4746050292375511,6.502096146893737,SAFE,0.3798399865627289,5
scene-0916,9,d8251bbc2105497ab8ec80827d4429aa,53,car,30.27853066100168,0.3208558933508092,4.674502698617541,0.12064816522015542,250.96552944464804,0.19248170640909176,30.266917151428174,SAFE,0.46412160992622375,4
scene-0916,9,d8251bbc2105497ab8ec80827d4429aa,56,motorcycle,25.58670643614134,0.2936900222138269,4.674502698617541,4.435325250156147,5.768845573442569,5.763134562890597,0.8050565928680679,CAUTION,0.49862027168273926,4
scene-0916,9,d8251bbc2105497ab8ec80827d4429aa,59,pedestrian,22.991820135143747,0.8257686047142372,4.674502698617541,-4.096817191694621,,0.0,22.991820135143747,SAFE,0.3787967562675476,4
scene-0916,9,d8251bbc2105497ab8ec80827d4429aa,60,car,34.51555906547506,0.0903809660654673,4.674502698617541,1.1946941598866778,28.89070711515742,1.9612184634099514,33.32344402071316,SAFE,0.511525571346283,3
scene-0916,9,d8251bbc2105497ab8ec80827d4429aa,61,car,17.949373944754154,0.08629815870736089,4.674502698617541,-2.2490493998171,,0.0,17.949373944754154,SAFE,0.48961344361305237,3
scene-0916,9,d8251bbc2105497ab8ec80827d4429aa,62,car,25.41370500292545,2.3006068005456455,4.674502698617541,0.4329591797256309,58.69769297657641,0.45926600307227655,25.314088047053243,SAFE,0.7039489150047302,3
scene-0916,9,d8251bbc2105497ab8ec80827d4429aa,63,car,20.309296594660804,0.08668179563615372,4.674502698617541,-2.0905670616996406,,0.0,20.309296594660804,SAFE,0.6857640743255615,3
scene-0916,10,048a45dd2cf54aa5808d8ccc85731d44,3,car,25.424904498749363,0.2858975032365338,4.644406860078359,3.7965672775678474,6.696813895271477,4.376050793557186,14.96720202477386,SAFE,0.8390634059906006,11
scene-0916,10,048a45dd2cf54aa5808d8ccc85731d44,6,truck,15.583503542657956,0.04430382578672225,4.644406860078359,-3.1273786906396888,,0.0,15.583503542657956,SAFE,0.9081952571868896,11
scene-0916,10,048a45dd2cf54aa5808d8ccc85731d44,7,bus,18.432155050797018,4.91988949723068,4.644406860078359,-2.1117710837220347,,0.0,18.432155050797018,SAFE,0.9506113529205322,11
scene-0916,10,048a45dd2cf54aa5808d8ccc85731d44,8,pedestrian,8.598255588732501,0.010797809656775506,4.644406860078359,3.5557129880789136,2.4181523136314724,1.4237236893719987,5.513854894384825,CAUTION,0.3728227913379669,11
scene-0916,10,048a45dd2cf54aa5808d8ccc85731d44,13,pedestrian,10.038603404732216,0.04607068708305341,4.644406860078359,3.572935542489762,2.809623427389603,1.6385386299916038,6.481020732121217,SAFE,0.321228563785553,10
scene-0916,10,048a45dd2cf54aa5808d8ccc85731d44,14,car,13.012404815133404,0.06288672722028296,4.644406860078359,0.3826588215059896,34.00523935113234,0.23664046062937202,12.967049491227257,SAFE,0.8646076917648315,10
scene-0916,10,048a45dd2cf54aa5808d8ccc85731d44,16,car,15.518109123974456,0.17529327682230864,4.644406860078359,0.27149306134400497,57.158400465755115,0.2091323309563136,15.489694120427956,SAFE,0.6891945004463196,10
scene-0916,10,048a45dd2cf54aa5808d8ccc85731d44,17,car,16.72697135981103,0.10994059646861377,4.644406860078359,2.5306963010176453,6.609632042013406,2.046979656548922,13.89752177042659,SAFE,0.8763948678970337,10
scene-0916,10,048a45dd2cf54aa5808d8ccc85731d44,19,car,23.560370032231805,0.42894849918328654,4.644406860078359,4.080775671740337,5.773502865004085,4.553033352511478,10.832429764104349,SAFE,0.5337586998939514,9
scene-0916,10,048a45dd2cf54aa5808d8ccc85731d44,20,car,22.576800607627394,0.17506309151572133,4.644406860078359,4.486628366109891,5.032019317259053,4.74793852196936,5.3642892201362535,CAUTION,0.747272253036499,9
scene-0916,10,048a45dd2cf54aa5808d8ccc85731d44,24,pedestrian,8.422192029487016,0.04272913510627248,4.644406860078359,2.8792466456106554,2.925137393952148,1.134992298525947,6.588645193754986,SAFE,0.3489624857902527,9
scene-0916,10,048a45dd2cf54aa5808d8ccc85731d44,25,pedestrian,13.840514144280315,1.331069313239938,4.644406860078359,4.979299184887456,2.7796108710011453,2.306263188723912,5.7115022235796244,CAUTION,0.5838223099708557,9
scene-0916,10,048a45dd2cf54aa5808d8ccc85731d44,28,car,13.347879750766669,0.08247068241325393,4.644406860078359,3.3603606910377577,3.9721568539847825,2.152670535136253,9.033862743856279,SAFE,0.89996337890625,8
scene-0916,10,048a45dd2cf54aa5808d8ccc85731d44,31,car,27.112626741159353,0.10419365751454455,4.644406860078359,1.483685014186198,18.273842818336103,1.826412926493425,25.722055715779454,SAFE,0.47097048163414,8
scene-0916,10,048a45dd2cf54aa5808d8ccc85731d44,32,car,24.62312575099133,0.37483485526290755,4.644406860078359,3.8914939325501328,6.327422367290077,4.587726004529578,12.911196715051789,SAFE,0.5397467613220215,8
scene-0916,10,048a45dd2cf54aa5808d8ccc85731d44,33,pedestrian,10.282182380387889,0.19518511001805394,4.644406860078359,2.9640156951356964,3.469004026281702,1.5242177414168945,7.698725632458685,SAFE,0.4050208032131195,7
scene-0916,10,048a45dd2cf54aa5808d8ccc85731d44,35,pedestrian,7.761078553796932,0.24572825243093724,4.644406860078359,2.3868679910098476,3.2515742734952586,0.8475699495843838,6.673334003388051,SAFE,0.3615967035293579,8
scene-0916,10,048a45dd2cf54aa5808d8ccc85731d44,39,car,22.421594395516017,0.09743382902305346,4.644406860078359,0.19145684336861857,117.11043596570187,0.20522704061237876,22.401939720228427,SAFE,0.6801506280899048,7
scene-0916,10,048a45dd2cf54aa5808d8ccc85731d44,41,car,24.99555180838949,0.040336815214463105,4.644406860078359,0.0407735315492177,,0.04731449664014654,24.994587200216053,SAFE,0.41841164231300354,6
scene-0916,10,048a45dd2cf54aa5808d8ccc85731d44,42,car,27.53652320204047,0.08022199864575309,4.644406860078359,0.15903854971161913,173.14370164951706,0.20998517899833602,27.51982026709426,SAFE,0.7034280896186829,7
scene-0916,10,048a45dd2cf54aa5808d8ccc85731d44,43,car,17.89885104478181,0.14339821916251738,4.644406860078359,0.11201225062800457,159.7936917116712,0.09728023418593632,17.893401926331787,SAFE,0.4076666235923767,5
scene-0916,10,048a45dd2cf54aa5808d8ccc85731d44,44,car,18.75921024162172,0.19169046714104088,4.644406860078359,2.2423117922385254,8.3660132843944,2.1051125944371853,16.22832450427123,SAFE,0.8147064447402954,7
scene-0916,10,048a45dd2cf54aa5808d8ccc85731d44,45,car,20.987505264128686,0.267331232655209,4.644406860078359,1.9845689065245815,10.57534721779071,2.1641611237612475,18.717253452771185,SAFE,0.8517723083496094,6
scene-0916,10,048a45dd2cf54aa5808d8ccc85731d44,47,motorcycle,17.379824115301314,0.4412733878166877,4.644406860078359,4.419296636872029,3.9327127240779034,3.4564912890968515,6.047887932198135,SAFE,0.4091978073120117,5
scene-0916,10,048a45dd2cf54aa5808d8ccc85731d44,53,car,30.288740464616673,0.055647537843291635,4.644406860078359,-0.10628977339366363,,0.0,30.288740464616673,SAFE,0.4290435016155243,5
scene-0916,10,048a45dd2cf54aa5808d8ccc85731d44,56,motorcycle,23.15091185048391,0.09113633867347962,4.644406860078359,4.588532949317367,5.04538424507294,5.042036501910335,0.5963442606311115,CAUTION,0.30601754784584045,5
scene-0916,10,048a45dd2cf54aa5808d8ccc85731d44,60,car,34.070902669440954,0.13095556116803375,4.644406860078359,0.9274753644341729,36.735102597821204,1.4420415539312836,33.39547883817569,SAFE,0.38614365458488464,4
scene-0916,10,048a45dd2cf54aa5808d8ccc85731d44,61,car,18.99089005605172,0.2274252330782706,4.644406860078359,-2.386308111917964,,0.0,18.99089005605172,SAFE,0.7900380492210388,4
scene-0916,10,048a45dd2cf54aa5808d8ccc85731d44,62,car,25.685329547676215,1.897758368087858,4.644406860078359,-0.2560685495810282,,0.0,25.685329547676215,SAFE,0.5329113602638245,4
scene-0916,10,048a45dd2cf54aa5808d8ccc85731d44,63,car,21.45308858054846,0.013238893549557307,4.644406860078359,-2.3668212214228737,,0.0,21.45308858054846,SAFE,0.7051600813865662,4
scene-0916,10,048a45dd2cf54aa5808d8ccc85731d44,64,car,40.50207353573084,0.32645129153039054,4.644406860078359,1.1278950460071246,35.90943472897832,2.005575585919861,39.35478471671071,SAFE,0.4986926019191742,3
scene-0916,10,048a45dd2cf54aa5808d8ccc85731d44,67,car,34.56158399079405,0.08081207524878327,4.644406860078359,2.826517229585904,12.22762190480525,4.546493535006479,27.39271943839463,SAFE,0.4844738245010376,3
scene-0916,10,048a45dd2cf54aa5808d8ccc85731d44,68,car,30.430923407072143,0.08265776684443199,4.644406860078359,3.1319361794488034,9.716329345008477,4.573748638412228,22.138825411436017,SAFE,0.7690014243125916,3
scene-0916,10,048a45dd2cf54aa5808d8ccc85731d44,69,car,25.121087493930393,0.2140727935975548,4.644406860078359,1.465249617550909,17.1445787755393,1.8606406145731642,23.718797228429455,SAFE,0.47266054153442383,3
scene-0916,10,048a45dd2cf54aa5808d8ccc85731d44,70,car,23.700244962004852,0.5501165704373215,4.644406860078359,-1.6765148689433687,,0.0,23.700244962004852,SAFE,0.41033869981765747,3
scene-0916,10,048a45dd2cf54aa5808d8ccc85731d44,71,car,33.227408463773706,2.6409077482433143,4.644406860078359,0.6454927067987042,51.476040106732945,0.6808698203147536,33.00692871784892,SAFE,0.3570849299430847,3
scene-0916,11,858a1ece22cf45d9bc71e42336604b78,3,car,23.506635276830934,0.17580034908197092,4.576653361607469,3.7503053862106723,6.267925637005833,4.227621563009545,13.411458178967683,SAFE,0.7055386900901794,12
scene-0916,11,858a1ece22cf45d9bc71e42336604b78,6,truck,17.175547532268496,0.07290362768555977,4.576653361607469,-3.2207949507786755,,0.0,17.175547532268496,SAFE,0.8478219509124756,12
scene-0916,11,858a1ece22cf45d9bc71e42336604b78,7,bus,18.72420232388846,4.810748433431799,4.576653361607469,-1.9196285917526703,,0.0,18.72420232388846,SAFE,0.8520188927650452,12
scene-0916,11,858a1ece22cf45d9bc71e42336604b78,8,pedestrian,6.984095873127688,0.0247779131285913,4.576653361607469,2.6002140148327824,2.6859696291487105,0.8577382794079742,5.762026077882881,CAUTION,0.3742230534553528,12
scene-0916,11,858a1ece22cf45d9bc71e42336604b78,14,car,12.988473432696564,0.12382879423015605,4.576653361607469,-0.16495732170014765,,0.0,12.988473432696564,SAFE,0.756614625453949,11
scene-0916,11,858a1ece22cf45d9bc71e42336604b78,16,car,15.357564460296224,0.17575987237685128,4.576653361607469,-0.051677412748869056,,0.0,15.357564460296224,SAFE,0.736455500125885,11
scene-0916,11,858a1ece22cf45d9bc71e42336604b78,17,car,15.68882017872019,0.1824760176978149,4.576653361607469,2.1571794159218625,7.272839738281868,1.752752293404478,13.668197802615815,SAFE,0.6670569777488708,11
scene-0916,11,858a1ece22cf45d9bc71e42336604b78,19,car,21.408180801842814,0.2506906783138599,4.576653361607469,4.1050237618736745,5.215117388765463,4.335765390598646,8.79081411902489,SAFE,0.8604630827903748,10
scene-0916,11,858a1ece22cf45d9bc71e42336604b78,20,car,20.42200062412168,0.17961370013855465,4.576653361607469,4.399544114299968,4.641844721534544,4.428531781273914,4.3778571050010715,CAUTION,0.8785293102264404,10
scene-0916,11,858a1ece22cf45d9bc71e42336604b78,21,pedestrian,13.469108974420894,1.0588035763793362,4.576653361607469,-2.0105681287884867,,0.0,13.469108974420894,SAFE,0.49236467480659485,8
scene-0916,11,858a1ece22cf45d9bc71e42336604b78,22,pedestrian,8.334303722592193,0.2770871446632283,4.576653361607469,-0.5474838599955385,,0.0,8.334303722592193,SAFE,0.3284950852394104,7
scene-0916,11,858a1ece22cf45d9bc71e42336604b78,24,pedestrian,7.287658239211418,0.03710122001739379,4.576653361607469,1.6164841406838568,4.508338842179027,0.5705918007116421,6.810886294094038,SAFE,0.36240771412849426,10
scene-0916,11,858a1ece22cf45d9bc71e42336604b78,27,pedestrian,7.155275022962064,0.04746565578952566,4.576653361607469,-0.14711286883157548,,0.0,7.155275022962064,SAFE,0.3857463598251343,8
scene-0916,11,858a1ece22cf45d9bc71e42336604b78,28,car,11.749243950596693,0.08974523750682457,4.576653361607469,3.0573530373762985,3.8429464333891374,1.7819553541505007,8.604305300138668,SAFE,0.8431854844093323,9
scene-0916,11,858a1ece22cf45d9bc71e42336604b78,31,car,26.489616594752828,0.06710171907550065,4.576653361607469,1.285548852223857,20.60568647308014,1.6366832628687413,25.415835078008623,SAFE,0.715487539768219,9
scene-0916,11,858a1ece22cf45d9bc71e42336604b78,32,car,22.628933648383832,0.26904352799813924,4.576653361607469,3.8707428659116876,5.846147479252402,4.410175815212472,11.215073923616012,SAFE,0.82718825340271,9
scene-0916,11,858a1ece22cf45d9bc71e42336604b78,33,pedestrian,8.925699159621214,0.3353308049811973,4.576653361607469,2.190987898260112,4.0738240346782435,1.0588625960443008,7.678599084433897,SAFE,0.4029589295387268,8
scene-0916,11,858a1ece22cf45d9bc71e42336604b78,35,pedestrian,7.109489101160021,0.1547191774159907,4.576653361607469,0.8171352607306359,8.700504607772181,0.286496723217313,6.991456009924489,SAFE,0.3818798363208771,9
scene-0916,11,858a1ece22cf45d9bc71e42336604b78,39,car,22.405540985980867,0.08655620057964097,4.576653361607469,-0.05136839413765104,,0.0,22.405540985980867,SAFE,0.5295118093490601,8
scene-0916,11,858a1ece22cf45d9bc71e42336604b78,42,car,27.556443487277097,0.15758993338325822,4.576653361607469,0.0010544024293595022,,0.0014877728444539057,27.556442702921434,SAFE,0.6850884556770325,8
scene-0916,11,858a1ece22cf45d9bc71e42336604b78,43,car,18.00385352342546,0.2304934247998572,4.576653361607469,-0.2345355694472735,,0.0,18.00385352342546,SAFE,0.4124497175216675,6
scene-0916,11,858a1ece22cf45d9bc71e42336604b78,44,car,17.688404337628526,0.18422318285517492,4.576653361607469,1.9996083809866854,8.845934286842892,1.8120464837189247,15.77300790912879,SAFE,0.4052705764770508,8
scene-0916,11,858a1ece22cf45d9bc71e42336604b78,45,car,19.86546709965328,0.23684672866448342,4.576653361607469,1.883492748940507,10.547142860426675,1.9206328794142395,17.96589807284806,SAFE,0.6457141637802124,7
scene-0916,11,858a1ece22cf45d9bc71e42336604b78,47,motorcycle,15.277892975173279,0.3523024566091871,4.576653361607469,4.163985047458917,3.669055676483914,3.022021891115031,6.415784847216056,SAFE,0.30195000767707825,6
scene-0916,11,858a1ece22cf45d9bc71e42336604b78,52,pedestrian,7.323355884679767,0.8950653543177034,4.576653361607469,-1.4234827614989625,,0.0,7.323355884679767,SAFE,0.44190526008605957,6
scene-0916,11,858a1ece22cf45d9bc71e42336604b78,56,motorcycle,20.76689877757896,0.050811057741301485,4.576653361607469,4.5875466823043825,4.526798355574986,4.5255893051726455,0.3393894001754305,CAUTION,0.42486345767974854,6
scene-0916,11,858a1ece22cf45d9bc71e42336604b78,60,car,33.545797982088565,0.0800917937393269,4.576653361607469,0.8998620661767547,37.27882221395846,1.4059980817394875,32.90711584288642,SAFE,0.6322415471076965,5
scene-0916,11,858a1ece22cf45d9bc71e42336604b78,61,car,20.247547107506726,0.27241542446893907,4.576653361607469,-2.5654331061997677,,0.0,20.247547107506726,SAFE,0.5211508274078369,5
scene-0916,11,858a1ece22cf45d9bc71e42336604b78,62,car,26.517361347343762,1.2925410950673626,4.576653361607469,-0.8868503062789788,,0.0,26.517361347343762,SAFE,0.5549960136413574,5
scene-0916,11,858a1ece22cf45d9bc71e42336604b78,63,car,22.70915225112688,0.05826611372172516,4.576653361607469,-2.4942078873131144,,0.0,22.70915225112688,SAFE,0.7788429856300354,5
scene-0916,11,858a1ece22cf45d9bc71e42336604b78,64,car,40.779843358689874,0.7837484485885438,4.576653361607469,0.3159631782192047,129.0651764820462,0.4705094429556826,40.70544366092836,SAFE,0.33878543972969055,4
scene-0916,11,858a1ece22cf45d9bc71e42336604b78,67,car,33.200997035942024,0.047635862073469926,4.576653361607469,2.733523791634942,12.145859910765308,4.365456372181148,26.572844945470614,SAFE,0.7405608296394348,4
scene-0916,11,858a1ece22cf45d9bc71e42336604b78,68,car,28.981735273290184,0.16952422040498966,4.576653361607469,2.966219028946714,9.770598526428245,4.362220835064259,21.562410376405033,SAFE,0.6787803173065186,4
scene-0916,11,858a1ece22cf45d9bc71e42336604b78,69,car,24.245396850902885,0.08926832946303019,4.576653361607469,1.4689108246344615,16.505696904327976,1.73921016915911,22.93247633196887,SAFE,0.6696255207061768,4
scene-0916,11,858a1ece22cf45d9bc71e42336604b78,70,car,24.881607398843904,0.2243182946602047,4.576653361607469,-2.0648374280684054,,0.0,24.881607398843904,SAFE,0.564784049987793,4
scene-0916,11,858a1ece22cf45d9bc71e42336604b78,71,car,33.535771942546816,1.913755508115987,4.576653361607469,-0.04389893600668393,,0.0,33.535771942546816,SAFE,0.4791426956653595,4
scene-0916,11,858a1ece22cf45d9bc71e42336604b78,72,car,31.357176733983376,0.61250802632786,4.576653361607469,-1.2756424262688943,,0.0,31.357176733983376,SAFE,0.35404345393180847,3
scene-0916,11,858a1ece22cf45d9bc71e42336604b78,73,car,29.07276292073961,0.05715506681196255,4.576653361607469,-2.0041997533608225,,0.0,29.07276292073961,SAFE,0.6207985281944275,3
scene-0916,11,858a1ece22cf45d9bc71e42336604b78,76,motorcycle,18.333543912145704,0.7537796932322199,4.576653361607469,3.6187050080172716,5.06632728324845,4.088596380904254,8.053960089369747,SAFE,0.3902805745601654,3
scene-0916,11,858a1ece22cf45d9bc71e42336604b78,77,motorcycle,16.424277124646743,0.03308376847988943,4.576653361607469,4.068893613027598,4.036546217885924,3.2360989050466342,7.313877380699071,SAFE,0.5536336898803711,3
scene-0916,12,372725a4b00e49c78d6d0b1c4a38b6e0,3,car,21.556790375353852,0.10135627878964203,4.4092470203465846,3.707331623687584,5.814637740422015,4.114301617467703,11.657090222693123,SAFE,0.7665708065032959,13
scene-0916,12,372725a4b00e49c78d6d0b1c4a38b6e0,6,truck,18.824498246194647,0.04424512622370012,4.4092470203465846,-3.161612376465027,,0.0,18.824498246194647,SAFE,0.8913769125938416,13
scene-0916,12,372725a4b00e49c78d6d0b1c4a38b6e0,7,bus,19.134411378534534,4.618668117837176,4.4092470203465846,-1.690176447572346,,0.0,19.134411378534534,SAFE,0.5220280885696411,13
scene-0916,12,372725a4b00e49c78d6d0b1c4a38b6e0,8,pedestrian,6.053763030299478,0.03156153631879953,4.4092470203465846,0.9769076177547267,6.196863367913058,0.3077054439938883,5.901549535309174,CAUTION,0.456928551197052,13
scene-0916,12,372725a4b00e49c78d6d0b1c4a38b6e0,13,pedestrian,7.259411614671015,0.09019025381056775,4.4092470203465846,1.4314046160023484,5.071530113508524,0.5345512103633138,6.866181788400652,SAFE,0.40240705013275146,11
scene-0916,12,372725a4b00e49c78d6d0b1c4a38b6e0,14,car,13.122813674007276,0.11423650961760203,4.4092470203465846,-0.5229097791075816,,0.0,13.122813674007276,SAFE,0.8761953711509705,12
scene-0916,12,372725a4b00e49c78d6d0b1c4a38b6e0,16,car,15.505723295977361,0.21220283747881666,4.4092470203465846,-0.32869385732519873,,0.0,15.505723295977361,SAFE,0.5458038449287415,12
scene-0916,12,372725a4b00e49c78d6d0b1c4a38b6e0,17,car,14.71825897892843,0.2466054431606865,4.4092470203465846,1.8887319727455256,7.7926668216101955,1.6038048857824796,13.116524761881333,SAFE,0.5712844729423523,12
scene-0916,12,372725a4b00e49c78d6d0b1c4a38b6e0,19,car,19.387132510159,0.1998260686606716,4.4092470203465846,3.9900846825371574,4.858827331411771,4.233300082892853,6.956182414714973,SAFE,0.8849021792411804,11
scene-0916,12,372725a4b00e49c78d6d0b1c4a38b6e0,20,car,18.230355098119908,0.14061954634968288,4.4092470203465846,4.292054900938475,4.247465495870933,4.119142202335659,3.1687133030666708,CAUTION,0.8368271589279175,11
scene-0916,12,372725a4b00e49c78d6d0b1c4a38b6e0,21,pedestrian,14.599219930570257,1.0453501026381748,4.4092470203465846,-2.4045818875756115,,0.0,14.599219930570257,SAFE,0.3842574656009674,9
scene-0916,12,372725a4b00e49c78d6d0b1c4a38b6e0,22,pedestrian,8.535246898857428,0.6482862295563611,4.4092470203465846,-2.2474541476893872,,0.0,8.535246898857428,SAFE,0.35360702872276306,8
scene-0916,12,372725a4b00e49c78d6d0b1c4a38b6e0,24,pedestrian,6.873845514917481,0.12264563591914494,4.4092470203465846,-0.004949581497724509,,0.0,6.873845514917481,SAFE,0.4030590355396271,11
scene-0916,12,372725a4b00e49c78d6d0b1c4a38b6e0,27,pedestrian,7.645189377723108,0.09721615715216074,4.4092470203465846,-1.6614286607785216,,0.0,7.645189377723108,SAFE,0.3365275263786316,9
scene-0916,12,372725a4b00e49c78d6d0b1c4a38b6e0,28,car,10.294133596682045,0.05796149703343416,4.4092470203465846,2.6792518078190675,3.8421672672347853,1.4550657100150124,8.114039440082086,SAFE,0.8525599241256714,10
scene-0916,12,372725a4b00e49c78d6d0b1c4a38b6e0,31,car,26.072592018574937,0.13543508215098557,4.4092470203465846,1.1052140635766443,23.590535877004662,1.5755194853610552,25.186905476278632,SAFE,0.32229742407798767,10
scene-0916,12,372725a4b00e49c78d6d0b1c4a38b6e0,32,car,20.751857526621144,0.2526031342964244,4.4092470203465846,3.752927509152709,5.52951195460374,4.429437750896862,9.256026019638984,SAFE,0.6594246029853821,10
scene-0916,12,372725a4b00e49c78d6d0b1c4a38b6e0,33,pedestrian,7.866372473663346,0.26989891135391947,4.4092470203465846,0.7427269623854138,10.591203594385401,0.28679506283644074,7.75913632718985,SAFE,0.5527388453483582,9
scene-0916,12,372725a4b00e49c78d6d0b1c4a38b6e0,35,pedestrian,7.661663435467543,0.4288635942087599,4.4092470203465846,-0.919589158554331,,0.0,7.661663435467543,SAFE,0.32896512746810913,10
scene-0916,12,372725a4b00e49c78d6d0b1c4a38b6e0,39,car,22.454034420979482,0.15149002958664068,4.4092470203465846,-0.12188050335142853,,0.0,22.454034420979482,SAFE,0.38319531083106995,9
scene-0916,12,372725a4b00e49c78d6d0b1c4a38b6e0,42,car,27.58063344284589,0.02511032634870018,4.4092470203465846,-0.05093815323109396,,0.0,27.58063344284589,SAFE,0.6222448945045471,9
scene-0916,12,372725a4b00e49c78d6d0b1c4a38b6e0,43,car,18.132288809349518,0.3644915246964835,4.4092470203465846,-0.3242805200584675,,0.0,18.132288809349518,SAFE,0.4452575147151947,7
scene-0916,12,372725a4b00e49c78d6d0b1c4a38b6e0,44,car,16.844148219527092,0.17059253402779584,4.4092470203465846,1.7177481506371957,9.805947521048871,1.6061062380742477,15.403059572588914,SAFE,0.5722537636756897,9
scene-0916,12,372725a4b00e49c78d6d0b1c4a38b6e0,45,car,19.155000281069,0.18758396526517687,4.4092470203465846,1.5991050197188617,11.97857554373548,1.708506251752609,17.736432135921504,SAFE,0.702677309513092,8
scene-0916,12,372725a4b00e49c78d6d0b1c4a38b6e0,52,pedestrian,8.155954894084074,0.7518734371692005,4.4092470203465846,-2.3425880458700474,,0.0,8.155954894084074,SAFE,0.3533061742782593,7
scene-0916,12,372725a4b00e49c78d6d0b1c4a38b6e0,53,car,30.346759899657638,0.12757591480640057,4.4092470203465846,-0.0986276480097219,,0.0,30.346759899657638,SAFE,0.46491456031799316,6
scene-0916,12,372725a4b00e49c78d6d0b1c4a38b6e0,61,car,21.65070494191097,0.1063795753419405,4.4092470203465846,-2.5748519556293266,,0.0,21.65070494191097,SAFE,0.7891183495521545,6
scene-0916,12,372725a4b00e49c78d6d0b1c4a38b6e0,62,car,27.570124851523495,0.8160904890653414,4.4092470203465846,-1.2320596489996882,,0.0,27.570124851523495,SAFE,0.5338469743728638,6
scene-0916,12,372725a4b00e49c78d6d0b1c4a38b6e0,63,car,23.906822114800683,0.11715506270739008,4.4092470203465846,-2.3740858028531,,0.0,23.906822114800683,SAFE,0.7597664594650269,6
scene-0916,12,372725a4b00e49c78d6d0b1c4a38b6e0,67,car,31.836254507142886,0.09475349941427463,4.4092470203465846,2.7118910268651115,11.739503612704128,4.5449772693902695,24.922878745661894,SAFE,0.7471985816955566,5
scene-0916,12,372725a4b00e49c78d6d0b1c4a38b6e0,68,car,27.469815067210675,0.14209763547543647,4.4092470203465846,2.9381284631932716,9.349426143659974,4.406640782981563,19.97326820869762,SAFE,0.7594733834266663,5
scene-0916,12,372725a4b00e49c78d6d0b1c4a38b6e0,69,car,23.711724867166087,0.1506999438402589,4.4092470203465846,1.2422066051099672,19.088390586255972,1.621965534486672,22.681955965215106,SAFE,0.579322874546051,5
scene-0916,12,372725a4b00e49c78d6d0b1c4a38b6e0,70,car,25.96542570927028,0.19935162295764658,4.4092470203465846,-2.0100535563149378,,0.0,25.96542570927028,SAFE,0.5784221291542053,5
scene-0916,12,372725a4b00e49c78d6d0b1c4a38b6e0,71,car,34.210854835332945,1.2858159219783662,4.4092470203465846,-0.4852790295664873,,0.0,34.210854835332945,SAFE,0.4855295717716217,5
scene-0916,12,372725a4b00e49c78d6d0b1c4a38b6e0,72,car,32.15507957277846,0.44695033135703555,4.4092470203465846,-1.3112346260834253,,0.0,32.15507957277846,SAFE,0.5509386658668518,4
scene-0916,12,372725a4b00e49c78d6d0b1c4a38b6e0,73,car,29.96111544864844,0.1315534478061607,4.4092470203465846,-1.792040992988401,,0.0,29.96111544864844,SAFE,0.43965843319892883,4
scene-0916,12,372725a4b00e49c78d6d0b1c4a38b6e0,76,motorcycle,16.28400813101616,0.46804463613125374,4.4092470203465846,3.528838228791999,4.614552177017915,3.3302110430799123,8.590861670511249,SAFE,0.4690616726875305,4
scene-0916,12,372725a4b00e49c78d6d0b1c4a38b6e0,77,motorcycle,14.472058020468031,0.04670596722859374,4.4092470203465846,3.5887095140499436,4.032663542092035,2.6527132339194983,8.465761406207337,SAFE,0.7691031694412231,4
scene-0916,12,372725a4b00e49c78d6d0b1c4a38b6e0,80,car,36.578996729264695,0.14120362780611134,4.4092470203465846,-1.309085332280342,,0.0,36.578996729264695,SAFE,0.45023608207702637,3
scene-0916,13,61a7bd24f88a46c2963280d8b13ac675,3,car,19.77731569650506,0.09787871209948017,4.246983637641221,3.667584500769318,5.392463538974096,4.213145754887906,9.248880352388355,SAFE,0.7397482991218567,14
scene-0916,13,61a7bd24f88a46c2963280d8b13ac675,6,truck,20.377147224875365,0.04071137601822464,4.246983637641221,-2.956720714089566,,0.0,20.377147224875365,SAFE,0.8905443549156189,14
scene-0916,13,61a7bd24f88a46c2963280d8b13ac675,7,bus,19.29657600930517,4.468559915348033,4.246983637641221,-1.3267520872601497,,0.0,19.29657600930517,SAFE,0.8899099230766296,14
scene-0916,13,61a7bd24f88a46c2963280d8b13ac675,8,pedestrian,6.126782221730843,0.05306851310683178,4.246983637641221,-1.0203439218346508,,0.0,6.126782221730843,SAFE,0.5304262638092041,14
scene-0916,13,61a7bd24f88a46c2963280d8b13ac675,13,pedestrian,6.95723993629671,0.09387427096678559,4.246983637641221,-0.31499413455284464,,0.0,6.95723993629671,SAFE,0.38847115635871887,12
scene-0916,13,61a7bd24f88a46c2963280d8b13ac675,14,car,13.418852037785305,0.14851301029178687,4.246983637641221,-0.6574152443675647,,0.0,13.418852037785305,SAFE,0.9321203827857971,13
scene-0916,13,61a7bd24f88a46c2963280d8b13ac675,16,car,15.67760568471619,0.2977583459290635,4.246983637641221,-0.3344478198912475,,0.0,15.67760568471619,SAFE,0.6371382474899292,13
scene-0916,13,61a7bd24f88a46c2963280d8b13ac675,17,car,13.800194598126208,0.20921787742132028,4.246983637641221,1.770096995150129,7.796292878829364,1.4947724040628942,12.406915189383747,SAFE,0.7080132961273193,13
scene-0916,13,61a7bd24f88a46c2963280d8b13ac675,19,car,17.406804593387033,0.16861397282948565,4.246983637641221,3.9417716002756267,4.415985084516279,4.116259324518418,4.534895565760536,CAUTION,0.8857795000076294,12
scene-0916,13,61a7bd24f88a46c2963280d8b13ac675,20,car,16.11675824171057,0.09771972724288257,4.246983637641221,4.19783002897447,3.8393070063505874,3.803887093928239,1.5480144566205156,WARNING,0.8945757150650024,12
scene-0916,13,61a7bd24f88a46c2963280d8b13ac675,21,pedestrian,15.824405679407187,1.048209904984182,4.246983637641221,-2.6795048698188184,,0.0,15.824405679407187,SAFE,0.4377446174621582,10
scene-0916,13,61a7bd24f88a46c2963280d8b13ac675,22,pedestrian,9.744394718198627,0.6494594815627591,4.246983637641221,-3.177149791385045,,0.0,9.744394718198627,SAFE,0.4371992349624634,9
scene-0916,13,61a7bd24f88a46c2963280d8b13ac675,24,pedestrian,7.335630828969506,0.02453009472197437,4.246983637641221,-1.7372427124066798,,0.0,7.335630828969506,SAFE,0.31782254576683044,12
scene-0916,13,61a7bd24f88a46c2963280d8b13ac675,25,pedestrian,8.285378299587926,1.1438502982242478,4.246983637641221,1.3722025243983662,6.038014179591019,0.43709460196851796,7.97985401996674,SAFE,0.30359432101249695,10
scene-0916,13,61a7bd24f88a46c2963280d8b13ac675,27,pedestrian,8.631991805672541,0.3142092870598579,4.246983637641221,-2.555887440739532,,0.0,8.631991805672541,SAFE,0.38246074318885803,10
scene-0916,13,61a7bd24f88a46c2963280d8b13ac675,28,car,9.095645787858203,0.09504719156808887,4.246983637641221,2.339835227107816,3.887301841805756,1.2332231309283475,7.515645836032177,SAFE,0.8910028338432312,11
scene-0916,13,61a7bd24f88a46c2963280d8b13ac675,31,car,25.498277062536832,0.11843413338985974,4.246983637641221,1.2031996300299015,21.192058596214128,1.7998606263299053,24.39145911019607,SAFE,0.5740727782249451,11
scene-0916,13,61a7bd24f88a46c2963280d8b13ac675,32,car,18.778396783560858,0.17659884326672304,4.246983637641221,3.792621358160997,4.951297535450865,4.287922148089514,6.87351169638525,SAFE,0.9117568731307983,11
scene-0916,13,61a7bd24f88a46c2963280d8b13ac675,33,pedestrian,7.883285385918473,0.3512381830372666,4.246983637641221,-1.021488579748923,,0.0,7.883285385918473,SAFE,0.4281570017337799,10
scene-0916,13,61a7bd24f88a46c2963280d8b13ac675,35,pedestrian,8.259157765037795,0.05350176993727945,4.246983637641221,-2.28751937628432,,0.0,8.259157765037795,SAFE,0.3324946165084839,11
scene-0916,13,61a7bd24f88a46c2963280d8b13ac675,39,car,22.65987525197249,0.24473820817483313,4.246983637641221,-0.09363816808388825,,0.0,22.65987525197249,SAFE,0.42971715331077576,10
scene-0916,13,61a7bd24f88a46c2963280d8b13ac675,41,car,25.306734872097472,0.22758823896508437,4.246983637641221,-0.0045597286050937935,,0.0,25.306734872097472,SAFE,0.471384733915329,7
scene-0916,13,61a7bd24f88a46c2963280d8b13ac675,42,car,27.6567185501071,0.05124974093151542,4.246983637641221,0.02635624247192947,,0.03975714809348194,27.656194620626863,SAFE,0.5358110070228577,10
scene-0916,13,61a7bd24f88a46c2963280d8b13ac675,44,car,16.10330758863622,0.19225157622014322,4.246983637641221,1.5995283052787497,10.06753524491703,1.5656310938223055,14.798292640267238,SAFE,0.42029765248298645,10
scene-0916,13,61a7bd24f88a46c2963280d8b13ac675,45,car,18.50638173204307,0.13409225604982775,4.246983637641221,1.4825134415484233,12.48311226960204,1.6215267519068826,17.262619217239866,SAFE,0.7312681674957275,9
scene-0916,13,61a7bd24f88a46c2963280d8b13ac675,47,motorcycle,11.395975252606734,0.05707401885524422,4.246983637641221,3.2339893894825105,3.523813432928508,2.0482507292179704,7.374352252331573,SAFE,0.3460863530635834,7
scene-0916,13,61a7bd24f88a46c2963280d8b13ac675,52,pedestrian,8.945530839556195,1.4687451330046821,4.246983637641221,-2.3356802090306106,,0.0,8.945530839556195,SAFE,0.3746090829372406,8
scene-0916,13,61a7bd24f88a46c2963280d8b13ac675,56,motorcycle,16.630281689941107,0.12335476517584625,4.246983637641221,4.034022770822845,4.122505656196116,3.9203021700298515,3.683098171070531,CAUTION,0.37513458728790283,7
scene-0916,13,61a7bd24f88a46c2963280d8b13ac675,61,car,22.752381674424353,0.19678576410548745,4.246983637641221,-2.2572589244340775,,0.0,22.752381674424353,SAFE,0.6978377103805542,7
scene-0916,13,61a7bd24f88a46c2963280d8b13ac675,62,car,28.697421850772017,0.41696897729735477,4.246983637641221,-1.3492791606269785,,0.0,28.697421850772017,SAFE,0.6144776344299316,7
scene-0916,13,61a7bd24f88a46c2963280d8b13ac675,63,car,25.075139660943385,0.10857959944516414,4.246983637641221,-2.1677051644322063,,0.0,25.075139660943385,SAFE,0.8500150442123413,7
scene-0916,13,61a7bd24f88a46c2963280d8b13ac675,67,car,30.428867613647864,0.07357657813892993,4.246983637641221,2.824021044152465,10.775014469759402,4.686834101986692,22.872867536970748,SAFE,0.6247541904449463,6
scene-0916,13,61a7bd24f88a46c2963280d8b13ac675,68,car,25.89747646129084,0.10024364047521613,4.246983637641221,3.064779913004866,8.450028124825328,4.606011529329521,17.467107647448827,SAFE,0.8153080344200134,6
scene-0916,13,61a7bd24f88a46c2963280d8b13ac675,69,car,23.122334846456454,0.12393386969148792,4.246983637641221,1.2715657520409251,18.184144083264258,1.7234560706449966,21.999319444093228,SAFE,0.6534400582313538,6
scene-0916,13,61a7bd24f88a46c2963280d8b13ac675,70,car,27.07895621612748,0.10650917037588364,4.246983637641221,-1.8881230366340707,,0.0,27.07895621612748,SAFE,0.5643935799598694,6
scene-0916,13,61a7bd24f88a46c2963280d8b13ac675,71,car,35.0375071817538,0.7144283202060066,4.246983637641221,-0.6484296600344421,,0.0,35.0375071817538,SAFE,0.5243560075759888,6
scene-0916,13,61a7bd24f88a46c2963280d8b13ac675,72,car,32.71505566937651,0.5216860786981964,4.246983637641221,-1.060201609834658,,0.0,32.71505566937651,SAFE,0.3162899911403656,5
scene-0916,13,61a7bd24f88a46c2963280d8b13ac675,73,car,30.965947244392638,0.08151628647768307,4.246983637641221,-1.6768276044779191,,0.0,30.965947244392638,SAFE,0.5383760333061218,5
scene-0916,13,61a7bd24f88a46c2963280d8b13ac675,76,motorcycle,14.499657804781332,0.3085822724047391,4.246983637641221,3.105742292133171,4.66866096440419,2.763458529362195,9.262583763868527,SAFE,0.670254111289978,5
scene-0916,13,61a7bd24f88a46c2963280d8b13ac675,77,motorcycle,12.790216474039307,0.05076666173637719,4.246983637641221,2.903438697329669,4.405195978755342,2.01112085345246,9.428968070061458,SAFE,0.7254039645195007,5
scene-0916,13,61a7bd24f88a46c2963280d8b13ac675,80,car,37.30254084853595,0.20289370106141288,4.246983637641221,-1.1408969355875598,,0.0,37.30254084853595,SAFE,0.5405768752098083,4
scene-0916,13,61a7bd24f88a46c2963280d8b13ac675,85,motorcycle,7.410031571900645,0.3709443974830638,4.246983637641221,1.4217084192939085,5.212061398342733,0.5603404333032986,7.000388208622437,SAFE,0.3528548777103424,3
scene-0916,14,609d5177362340458a3bfd4949cd1e64,3,car,17.968706401964063,0.13677547678785984,4.10774924451219,3.69397588313453,4.864326939437592,4.204862505570838,6.61608571781013,SAFE,0.7832149267196655,15
scene-0916,14,609d5177362340458a3bfd4949cd1e64,6,truck,21.78334516742894,0.09049912430886208,4.10774924451219,-2.6101206751136017,,0.0,21.78334516742894,SAFE,0.8212088942527771,15
scene-0916,14,609d5177362340458a3bfd4949cd1e64,7,bus,19.26280287726735,4.4149423155371155,4.10774924451219,-0.9109742717078779,,0.0,19.26280287726735,SAFE,0.7099905610084534,15
scene-0916,14,609d5177362340458a3bfd4949cd1e64,8,pedestrian,6.950383020233998,0.07967958416012963,4.10774924451219,-2.488906004334549,,0.0,6.950383020233998,SAFE,0.45617443323135376,15
scene-0916,14,609d5177362340458a3bfd4949cd1e64,13,pedestrian,7.3647923017369585,0.1879262070592719,4.10774924451219,-1.8457502427919263,,0.0,7.3647923017369585,SAFE,0.31253257393836975,13
scene-0916,14,609d5177362340458a3bfd4949cd1e64,14,car,13.776999883854996,0.12264313551340801,4.10774924451219,-0.6409951425906082,,0.0,13.776999883854996,SAFE,0.9239162802696228,14
scene-0916,14,609d5177362340458a3bfd4949cd1e64,16,car,15.805874138977368,0.2825391905170123,4.10774924451219,-0.1873978030328085,,0.0,15.805874138977368,SAFE,0.8192641139030457,14
scene-0916,14,609d5177362340458a3bfd4949cd1e64,17,car,12.928383792004595,0.15777321750433881,4.10774924451219,1.7537788799784353,7.371729663071074,1.4481267000822173,11.589174622936675,SAFE,0.9074538946151733,14
scene-0916,14,609d5177362340458a3bfd4949cd1e64,19,car,15.496873686960285,0.20926226651163865,4.10774924451219,3.8619206100130246,4.012737508580742,3.935350886432424,2.152071334250316,CAUTION,0.8976832032203674,13
scene-0916,14,609d5177362340458a3bfd4949cd1e64,20,car,14.167007353481614,0.12016964438743181,4.10774924451219,4.001595817926365,3.540339404098784,3.5361713949248443,0.4860937118179585,WARNING,0.728133499622345,13
scene-0916,14,609d5177362340458a3bfd4949cd1e64,22,pedestrian,11.224917818237824,0.500960256269399,4.10774924451219,-3.5106265612911756,,0.0,11.224917818237824,SAFE,0.37415802478790283,10
scene-0916,14,609d5177362340458a3bfd4949cd1e64,24,pedestrian,8.516582803167084,0.10925599472880161,4.10774924451219,-2.843302370151693,,0.0,8.516582803167084,SAFE,0.4079257547855377,13
scene-0916,14,609d5177362340458a3bfd4949cd1e64,27,pedestrian,9.626319751137114,0.619395735560966,4.10774924451219,-2.887954851564569,,0.0,9.626319751137114,SAFE,0.4088897109031677,11
scene-0916,14,609d5177362340458a3bfd4949cd1e64,28,car,8.059537936365421,0.07414541186736535,4.10774924451219,2.007659131704542,4.0143955759674785,0.9923253606328433,6.992819792830259,SAFE,0.9166173338890076,12
scene-0916,14,609d5177362340458a3bfd4949cd1e64,32,car,16.869986247595214,0.17613784209789993,4.10774924451219,3.7987323683238214,4.440951510105736,4.140085804149875,4.390996154778591,CAUTION,0.8610491752624512,12
scene-0916,14,609d5177362340458a3bfd4949cd1e64,35,pedestrian,9.806213823087402,0.3103782464813875,4.10774924451219,-3.172331899117056,,0.0,9.806213823087402,SAFE,0.3332477807998657,12
scene-0916,14,609d5177362340458a3bfd4949cd1e64,39,car,22.79686564934939,0.22618837085162846,4.10774924451219,0.08031823872682708,,0.12107810629830544,22.79200274056106,SAFE,0.5411898493766785,11
scene-0916,14,609d5177362340458a3bfd4949cd1e64,41,car,25.233504436091128,0.17221103105287083,4.10774924451219,0.27585598366858677,91.4734714125565,0.449415768844929,25.171441097317587,SAFE,0.4740152955055237,8
scene-0916,14,609d5177362340458a3bfd4949cd1e64,42,car,27.412242386452025,0.1748336415168751,4.10774924451219,0.4634577277672951,59.14723338093928,0.8121099824014895,27.22340261519645,SAFE,0.5022635459899902,11
scene-0916,14,609d5177362340458a3bfd4949cd1e64,43,car,18.143961253218606,0.20492148741986024,4.10774924451219,0.012885403583332788,,0.015023992659290593,18.14386445785599,SAFE,0.672222912311554,8
scene-0916,14,609d5177362340458a3bfd4949cd1e64,45,car,17.673842004430895,0.213325105245953,4.10774924451219,1.529663485917695,11.55407196886038,1.4588548701797912,16.520426898032287,SAFE,0.44165733456611633,10
scene-0916,14,609d5177362340458a3bfd4949cd1e64,52,pedestrian,10.223268298417727,1.6750651933697147,4.10774924451219,-2.6547630091737684,,0.0,10.223268298417727,SAFE,0.42342662811279297,9
scene-0916,14,609d5177362340458a3bfd4949cd1e64,56,motorcycle,14.65552712683284,0.11085711535626315,4.10774924451219,3.681382656789159,3.980984454252617,3.351351087796894,5.828409671772904,CAUTION,0.8173427581787109,8
scene-0916,14,609d5177362340458a3bfd4949cd1e64,61,car,23.918569466229663,0.15004017381051912,4.10774924451219,-1.9781803029068832,,0.0,23.918569466229663,SAFE,0.8441659808158875,8
scene-0916,14,609d5177362340458a3bfd4949cd1e64,62,car,29.5354377266388,0.26908522491452597,4.10774924451219,-1.1338604969271777,,0.0,29.5354377266388,SAFE,0.6348229050636292,8
scene-0916,14,609d5177362340458a3bfd4949cd1e64,63,car,26.080617388690772,0.07976384427909687,4.10774924451219,-1.8105350127416735,,0.0,26.080617388690772,SAFE,0.759178102016449,8
scene-0916,14,609d5177362340458a3bfd4949cd1e64,67,car,29.024706776987696,0.11099650342098481,4.10774924451219,2.996146893990121,9.68734438061347,5.269998279792191,19.599553842452654,SAFE,0.7412455677986145,7
scene-0916,14,609d5177362340458a3bfd4949cd1e64,68,car,24.27516317373674,0.12065247138723284,4.10774924451219,3.2522557099605387,7.464100408645692,4.873990726902195,14.299883488928973,SAFE,0.807377278804779,7
scene-0916,14,609d5177362340458a3bfd4949cd1e64,69,car,22.303678349616217,0.20900373668262426,4.10774924451219,1.5925924102347,14.004636846366314,2.304762998651695,20.38595949783694,SAFE,0.47986963391304016,7
scene-0916,14,609d5177362340458a3bfd4949cd1e64,70,car,27.903810005307175,0.11905876896876283,4.10774924451219,-1.499663670797515,,0.0,27.903810005307175,SAFE,0.6044030785560608,7
scene-0916,14,609d5177362340458a3bfd4949cd1e64,71,car,35.66283382090681,0.4345302013548904,4.10774924451219,-0.4841768530970121,,0.0,35.66283382090681,SAFE,0.3620243966579437,7
scene-0916,14,609d5177362340458a3bfd4949cd1e64,73,car,31.60837893551746,0.09363700029286015,4.10774924451219,-1.2034873026989288,,0.0,31.60837893551746,SAFE,0.45712825655937195,6
scene-0916,14,609d5177362340458a3bfd4949cd1e64,76,motorcycle,12.99837432035577,0.22566731424439437,4.10774924451219,2.3745095115882577,5.474130239074697,1.9794661527667883,10.385662251012178,SAFE,0.7178522348403931,6
scene-0916,14,609d5177362340458a3bfd4949cd1e64,77,motorcycle,11.616753784395684,0.041939569366025845,4.10774924451219,1.8321534194063114,6.340491828550014,1.2864330021547332,10.371545031642842,SAFE,0.6502089500427246,6
scene-0916,14,609d5177362340458a3bfd4949cd1e64,80,car,37.61111397447905,0.1628141098215515,4.10774924451219,-0.594154315125125,,0.0,37.61111397447905,SAFE,0.40785840153694153,5
scene-0916,14,609d5177362340458a3bfd4949cd1e64,83,car,31.442070898158374,0.19780316667885556,4.10774924451219,2.716591344994124,11.574089329297477,5.586260442846575,22.61530338562447,SAFE,0.3137754201889038,3
scene-0916,14,609d5177362340458a3bfd4949cd1e64,85,motorcycle,6.793955758855043,0.19345130600770408,4.10774924451219,0.07896796877320411,,0.03500931696548886,6.792573310878924,SAFE,0.375827819108963,4
scene-0916,14,609d5177362340458a3bfd4949cd1e64,86,motorcycle,9.712217098766468,0.045796251812962194,4.10774924451219,2.513727128039344,3.863671991455095,1.4533875219504417,7.671007512876884,SAFE,0.3295283317565918,3
scene-0916,15,b1303058fa624645b753d7283d70de45,3,car,16.125342499810156,0.16229924641937168,3.9377386208334206,3.705968096182253,4.351182223188016,4.152544060919954,3.4453762551285934,CAUTION,0.648169994354248,16
scene-0916,15,b1303058fa624645b753d7283d70de45,6,truck,22.99656236721354,0.0747745229845618,3.9377386208334206,-2.1600024199840253,,0.0,22.99656236721354,SAFE,0.7669327855110168,16
scene-0916,15,b1303058fa624645b753d7283d70de45,7,bus,19.38126755890697,4.170954024502035,3.9377386208334206,-0.6103114880365597,,0.0,19.38126755890697,SAFE,0.8900974988937378,16
scene-0916,15,b1303058fa624645b753d7283d70de45,8,pedestrian,8.377240703953754,0.11892076493273768,3.9377386208334206,-3.2519693558186997,,0.0,8.377240703953754,SAFE,0.4198509156703949,16
scene-0916,15,b1303058fa624645b753d7283d70de45,14,car,14.079653894310868,0.09510897241418409,3.9377386208334206,-0.4673056148607285,,0.0,14.079653894310868,SAFE,0.9120279550552368,15
scene-0916,15,b1303058fa624645b753d7283d70de45,16,car,15.862585842984899,0.29386984105073694,3.9377386208334206,0.08558906897470775,,0.10067152679204139,15.85827706666024,SAFE,0.7761737704277039,15
scene-0916,15,b1303058fa624645b753d7283d70de45,17,car,12.017096800552217,0.036958021385343785,3.9377386208334206,1.801068581274614,6.67220389356175,1.4165910539108102,10.66538623035478,SAFE,0.903703510761261,15
scene-0916,15,b1303058fa624645b753d7283d70de45,19,car,13.447687183146456,0.12467849506556948,3.9377386208334206,3.811893741206778,3.5278232018317373,3.5194657699360925,0.6545315947464516,WARNING,0.8510605692863464,14
scene-0916,15,b1303058fa624645b753d7283d70de45,20,car,12.222069565321895,0.11066346545167534,3.9377386208334206,3.7388055844356614,3.2689770273697465,3.1069925824963587,2.7206675263243083,WARNING,0.7264593243598938,14
scene-0916,15,b1303058fa624645b753d7283d70de45,22,pedestrian,12.864776717257561,0.4319989866964662,3.9377386208334206,-3.5466390196928286,,0.0,12.864776717257561,SAFE,0.4422328472137451,11
scene-0916,15,b1303058fa624645b753d7283d70de45,24,pedestrian,10.143200050495748,0.07041980625242646,3.9377386208334206,-3.4619169161393,,0.0,10.143200050495748,SAFE,0.3182930052280426,14
scene-0916,15,b1303058fa624645b753d7283d70de45,27,pedestrian,11.083140258488186,0.6747058113629415,3.9377386208334206,-3.1522681991570094,,0.0,11.083140258488186,SAFE,0.4083622992038727,12
scene-0916,15,b1303058fa624645b753d7283d70de45,28,car,7.104964580857807,0.10244340856964797,3.9377386208334206,1.7963917603347257,3.955130911719347,0.8673860880960336,6.277723551101134,SAFE,0.8733162879943848,13
scene-0916,15,b1303058fa624645b753d7283d70de45,31,car,24.216952662636523,0.2212216986192748,3.9377386208334206,1.6070950385725946,15.068774454151617,2.3410188669190948,22.25647800015553,SAFE,0.362379789352417,12
scene-0916,15,b1303058fa624645b753d7283d70de45,32,car,14.887222634733186,0.12183798776503803,3.9377386208334206,3.7962995316977497,3.9215089616691667,3.8760938941227323,1.6020905528692782,WARNING,0.6011950969696045,13
scene-0916,15,b1303058fa624645b753d7283d70de45,33,pedestrian,12.076273577071657,1.1292453769198147,3.9377386208334206,-4.3980545134292415,,0.0,12.076273577071657,SAFE,0.32613494992256165,11
scene-0916,15,b1303058fa624645b753d7283d70de45,35,pedestrian,11.747368062138367,0.3447607984468625,3.9377386208334206,-3.7499851384725917,,0.0,11.747368062138367,SAFE,0.40885311365127563,13
scene-0916,15,b1303058fa624645b753d7283d70de45,39,car,22.486350918207656,0.16644255768807628,3.9377386208334206,0.5623903075811788,39.983532104101634,0.877663072958097,22.238186920953382,SAFE,0.596759557723999,12
scene-0916,15,b1303058fa624645b753d7283d70de45,41,car,24.97465097400461,0.06658254253266827,3.9377386208334206,0.6630492440503769,37.666359170310876,1.102615697035633,24.606391670558153,SAFE,0.6477768421173096,9
scene-0916,15,b1303058fa624645b753d7283d70de45,42,car,27.20929122613425,0.14950540609151114,3.9377386208334206,0.8039354013231244,33.84512136342416,1.5215961665287783,26.590625316496975,SAFE,0.4347875416278839,12
scene-0916,15,b1303058fa624645b753d7283d70de45,43,car,18.11414789103608,0.2004699835772175,3.9377386208334206,0.3036756196042004,59.649661420450514,0.3840098492106508,18.055746531426703,SAFE,0.7188012599945068,9
scene-0916,15,b1303058fa624645b753d7283d70de45,45,car,16.759565564229618,0.13981980909938946,3.9377386208334206,1.87119999510226,8.956587007319715,2.1249624423176914,14.637047357672655,SAFE,0.4718688428401947,11
scene-0916,15,b1303058fa624645b753d7283d70de45,52,pedestrian,11.941291349455987,1.2771535946216024,3.9377386208334206,-3.0521843741301304,,0.0,11.941291349455987,SAFE,0.4785865843296051,10
scene-0916,15,b1303058fa624645b753d7283d70de45,56,motorcycle,12.932245696408712,0.10138751574226734,3.9377386208334206,3.055784251719175,4.232054566395867,2.6765780279394336,7.840252510461318,SAFE,0.7308794260025024,9
scene-0916,15,b1303058fa624645b753d7283d70de45,61,car,24.814457185511994,0.1271668563718546,3.9377386208334206,-1.526837608947946,,0.0,24.814457185511994,SAFE,0.7145475745201111,9
scene-0916,15,b1303058fa624645b753d7283d70de45,63,car,26.90583924554162,0.029735880068876293,3.9377386208334206,-1.3560574874536302,,0.0,26.90583924554162,SAFE,0.5922126173973083,9
scene-0916,15,b1303058fa624645b753d7283d70de45,67,car,27.57903208464384,0.1126191478592171,3.9377386208334206,3.151887915764584,8.750004067944062,5.863077711142105,15.841370279405325,SAFE,0.6834357976913452,8
scene-0916,15,b1303058fa624645b753d7283d70de45,68,car,22.622373541983077,0.035022119615412885,3.9377386208334206,3.3910505687548675,6.671199111692871,5.027954738448701,11.22760937888585,SAFE,0.5889296531677246,8
scene-0916,15,b1303058fa624645b753d7283d70de45,69,car,21.361410146083987,0.15577511878611472,3.9377386208334206,1.9296627486374152,11.070022552473395,2.7609938680211488,18.5067771316961,SAFE,0.550221860408783,8
scene-0916,15,b1303058fa624645b753d7283d70de45,70,car,28.745339898020266,0.09597262746123993,3.9377386208334206,-1.12510091575822,,0.0,28.745339898020266,SAFE,0.47944119572639465,8
scene-0916,15,b1303058fa624645b753d7283d70de45,72,car,33.70640290301407,0.2537683273698004,3.9377386208334206,-0.37621870686935577,,0.0,33.70640290301407,SAFE,0.3914647102355957,6
scene-0916,15,b1303058fa624645b753d7283d70de45,76,motorcycle,11.926761880136672,0.1317605391054305,3.9377386208334206,1.3040753125927012,9.145761571411429,1.0558936384352666,11.217170647770967,SAFE,0.7243982553482056,7
scene-0916,15,b1303058fa624645b753d7283d70de45,77,motorcycle,10.95722582197746,0.0476912758799253,3.9377386208334206,0.47917705210504924,22.866758276177475,0.3376441569046714,10.876029310166935,SAFE,0.7017778754234314,7
scene-0916,15,b1303058fa624645b753d7283d70de45,83,car,29.930261330723425,0.08904696064479901,3.9377386208334206,2.9987923578878055,9.980771510237126,6.010194785266459,18.877968120687754,SAFE,0.3228481709957123,4
scene-0916,15,b1303058fa624645b753d7283d70de45,86,motorcycle,8.760993721208823,0.05739586692757647,3.9377386208334206,1.1614611573234312,7.5430793926836035,0.675490374160855,8.359516868055454,SAFE,0.31052321195602417,4
scene-0916,15,b1303058fa624645b753d7283d70de45,89,pedestrian,9.92083618965942,0.5740901002680961,3.9377386208334206,-3.561913979518101,,0.0,9.92083618965942,SAFE,0.3137422502040863,3
scene-0916,16,a19a80c905674faab7203a3a4e0f5246,3,car,14.19513731369866,0.08439654290638417,3.864194132266767,3.78137862880936,3.7539582007338614,3.745803557461989,0.6616028469408421,WARNING,0.8559665083885193,17
scene-0916,16,a19a80c905674faab7203a3a4e0f5246,6,truck,24.088703264212338,0.04560067634698195,3.864194132266767,-1.763246180197744,,0.0,24.088703264212338,SAFE,0.7827432751655579,17
scene-0916,16,a19a80c905674faab7203a3a4e0f5246,7,bus,19.47181442529144,4.005460971879244,3.864194132266767,-0.45064390586816483,,0.0,19.47181442529144,SAFE,0.9220938086509705,17
scene-0916,16,a19a80c905674faab7203a3a4e0f5246,8,pedestrian,10.070150925874037,0.13280176419759868,3.864194132266767,-3.6060211924685994,,0.0,10.070150925874037,SAFE,0.42750048637390137,17
scene-0916,16,a19a80c905674faab7203a3a4e0f5246,13,pedestrian,10.92217009481682,0.3655901075034133,3.864194132266767,-3.897624337480007,,0.0,10.92217009481682,SAFE,0.4981756806373596,14
scene-0916,16,a19a80c905674faab7203a3a4e0f5246,14,car,14.32629092604805,0.049534369800338734,3.864194132266767,-0.23878100544910316,,0.0,14.32629092604805,SAFE,0.765005350112915,16
scene-0916,16,a19a80c905674faab7203a3a4e0f5246,16,car,15.790041333347979,0.1918875093245367,3.864194132266767,0.38509417897261733,41.003064173740086,0.4379995603449706,15.705479361255474,SAFE,0.6740780472755432,16
scene-0916,16,a19a80c905674faab7203a3a4e0f5246,17,car,11.156036053827254,0.033439103425318605,3.864194132266767,1.9003335911371555,5.870567202441286,1.426394527668607,9.706559913348215,SAFE,0.6418245434761047,16
scene-0916,16,a19a80c905674faab7203a3a4e0f5246,19,car,11.362478527083322,0.02222687136392356,3.864194132266767,3.748719711419321,3.031029098406858,2.831143730302073,2.917887374181975,WARNING,0.778303325176239,15
scene-0916,16,a19a80c905674faab7203a3a4e0f5246,20,car,10.390901383403584,0.07506859473315507,3.864194132266767,3.3675634535974117,3.0855844371108927,2.4309731573442908,4.786039158772596,CAUTION,0.7919066548347473,15
scene-0916,16,a19a80c905674faab7203a3a4e0f5246,21,pedestrian,19.81676787692346,0.6828292116006852,3.864194132266767,-3.2447252266295776,,0.0,19.81676787692346,SAFE,0.43016985058784485,11
scene-0916,16,a19a80c905674faab7203a3a4e0f5246,22,pedestrian,14.515268034196696,0.414594572419754,3.864194132266767,-3.4744205790109683,,0.0,14.515268034196696,SAFE,0.30686715245246887,12
scene-0916,16,a19a80c905674faab7203a3a4e0f5246,24,pedestrian,11.860464085148388,0.07740565217486511,3.864194132266767,-3.697083325569044,,0.0,11.860464085148388,SAFE,0.4695219099521637,15
scene-0916,16,a19a80c905674faab7203a3a4e0f5246,27,pedestrian,12.934449872538575,0.4750343940378329,3.864194132266767,-3.460517744144105,,0.0,12.934449872538575,SAFE,0.42108434438705444,13
scene-0916,16,a19a80c905674faab7203a3a4e0f5246,28,car,6.277612408703444,0.03402619926793447,3.864194132266767,1.5300849113768855,4.102786951251206,0.6541026853956579,5.755482438067578,CAUTION,0.7603132128715515,14
scene-0916,16,a19a80c905674faab7203a3a4e0f5246,31,car,23.07859596000246,0.17003778858057134,3.864194132266767,2.214132471539709,10.423313083861506,3.6706910359585208,18.575594149741796,SAFE,0.5135036110877991,13
scene-0916,16,a19a80c905674faab7203a3a4e0f5246,32,car,12.834985004800574,0.033804144902521684,3.864194132266767,3.8312326138157955,3.3500928548468645,3.322490379997774,1.1650403171812633,WARNING,0.8021014332771301,14
scene-0916,16,a19a80c905674faab7203a3a4e0f5246,33,pedestrian,14.227952065865477,1.041294035151044,3.864194132266767,-4.626761556170916,,0.0,14.227952065865477,SAFE,0.4727568030357361,12
scene-0916,16,a19a80c905674faab7203a3a4e0f5246,35,pedestrian,13.38739817452831,0.2648032183829314,3.864194132266767,-3.7920806054296583,,0.0,13.38739817452831,SAFE,0.463629812002182,14
scene-0916,16,a19a80c905674faab7203a3a4e0f5246,39,car,22.1095393295615,0.17149805322892647,3.864194132266767,1.0188086209872234,21.70136655119526,1.6175463273055908,21.269599635924045,SAFE,0.5286169052124023,13
scene-0916,16,a19a80c905674faab7203a3a4e0f5246,41,car,24.57600410167004,0.020515112795334016,3.864194132266767,1.0998372050648622,22.345128886798012,1.829376227783423,23.548517219096606,SAFE,0.5151181817054749,10
scene-0916,16,a19a80c905674faab7203a3a4e0f5246,42,car,26.6718262103113,0.14376057664415232,3.864194132266767,1.315422789879689,20.276238495724066,2.51140585747635,24.965462580803287,SAFE,0.5399026870727539,13
scene-0916,16,a19a80c905674faab7203a3a4e0f5246,43,car,17.699121012661863,0.2607608997984073,3.864194132266767,0.7859468858639553,22.519487424657243,0.9716164688266447,17.313091770347455,SAFE,0.38323119282722473,10
scene-0916,16,a19a80c905674faab7203a3a4e0f5246,44,car,13.5330385653776,0.02716089451214427,3.864194132266767,2.0235660514993787,6.687717732440796,1.8480603669642945,11.512341396987187,SAFE,0.4183080792427063,11
scene-0916,16,a19a80c905674faab7203a3a4e0f5246,45,car,15.743583327883753,0.1811089515736645,3.864194132266767,2.214369324875969,7.109736912908863,2.46746178591738,12.721615336613779,SAFE,0.4715542495250702,12
scene-0916,16,a19a80c905674faab7203a3a4e0f5246,52,pedestrian,13.802176635209266,0.9112380744395682,3.864194132266767,-3.3390008473706323,,0.0,13.802176635209266,SAFE,0.5100200772285461,11
scene-0916,16,a19a80c905674faab7203a3a4e0f5246,56,motorcycle,11.548827739267919,0.08246500125354105,3.864194132266767,2.186692844651014,5.281412873105669,1.7657604984756046,9.422492632993901,SAFE,0.6862531900405884,10
scene-0916,16,a19a80c905674faab7203a3a4e0f5246,61,car,25.628295245337434,0.07775336457939097,3.864194132266767,-1.1140635785654864,,0.0,25.628295245337434,SAFE,0.6666843891143799,10
scene-0916,16,a19a80c905674faab7203a3a4e0f5246,63,car,27.511463075907557,0.10663331916225269,3.864194132266767,-0.845832185516096,,0.0,27.511463075907557,SAFE,0.4006779193878174,10
scene-0916,16,a19a80c905674faab7203a3a4e0f5246,67,car,25.992975450207037,0.11378410603865666,3.864194132266767,3.397455938003221,7.650717455804247,6.218397081634402,11.2466971234299,SAFE,0.5083697438240051,9
scene-0916,16,a19a80c905674faab7203a3a4e0f5246,68,car,20.95287261758105,0.0639633592890147,3.864194132266767,3.5533121512257373,5.896716000690574,5.148060169814178,7.465855372731554,SAFE,0.7600940465927124,9
scene-0916,16,a19a80c905674faab7203a3a4e0f5246,69,car,20.384525652572595,0.2989267875553172,3.864194132266767,2.31311933469487,8.81256982587177,3.5280285321218283,15.785304803907882,SAFE,0.3937892019748688,9
scene-0916,16,a19a80c905674faab7203a3a4e0f5246,76,motorcycle,11.535617791576032,0.0888963856279842,3.864194132266767,-0.03619748674060691,,0.0,11.535617791576032,SAFE,0.43765586614608765,8
scene-0916,16,a19a80c905674faab7203a3a4e0f5246,77,motorcycle,11.098502544671394,0.04119172028788887,3.864194132266767,-0.9975321093187313,,0.0,11.098502544671394,SAFE,0.5356830954551697,8
scene-0916,16,a19a80c905674faab7203a3a4e0f5246,83,car,28.391464687114393,0.10929448962466025,3.864194132266767,3.275269065181375,8.668437347312153,6.487331774181791,14.241500004877267,SAFE,0.33348286151885986,5
scene-0916,16,a19a80c905674faab7203a3a4e0f5246,86,motorcycle,8.46523980983369,0.0688681568336664,3.864194132266767,-0.4099758792361991,,0.0,8.46523980983369,SAFE,0.3254739046096802,5
scene-0916,16,a19a80c905674faab7203a3a4e0f5246,89,pedestrian,11.807731790138938,0.5360564342419312,3.864194132266767,-4.013690318915355,,0.0,11.807731790138938,SAFE,0.471301794052124,4
scene-0916,16,a19a80c905674faab7203a3a4e0f5246,90,pedestrian,7.984781480534821,0.7338621938700269,3.864194132266767,-3.6227674669890453,,0.0,7.984781480534821,SAFE,0.47328028082847595,3
scene-0916,16,a19a80c905674faab7203a3a4e0f5246,91,pedestrian,15.302513586023778,1.362236445702741,3.864194132266767,-4.001611605114907,,0.0,15.302513586023778,SAFE,0.34203097224235535,3
scene-0916,17,b6c420c3a5bd4a219b1cb82ee5ea0aa7,3,car,12.182788550968278,0.019952956799506472,3.984726291153082,3.901477481471037,3.1226089625858364,3.0060334794610983,2.353919017081998,WARNING,0.78187096118927,18
scene-0916,17,b6c420c3a5bd4a219b1cb82ee5ea0aa7,6,truck,24.801072921306012,0.03531695072641231,3.984726291153082,-1.169532929340093,,0.0,24.801072921306012,SAFE,0.5209812521934509,18
scene-0916,17,b6c420c3a5bd4a219b1cb82ee5ea0aa7,7,bus,19.6080637529007,3.834921849392665,3.984726291153082,-0.43799767082845187,,0.0,19.6080637529007,SAFE,0.9730278253555298,18
scene-0916,17,b6c420c3a5bd4a219b1cb82ee5ea0aa7,8,pedestrian,12.022516692567036,0.07739539060258895,3.984726291153082,-3.9206540731697364,,0.0,12.022516692567036,SAFE,0.40040522813796997,18
scene-0916,17,b6c420c3a5bd4a219b1cb82ee5ea0aa7,13,pedestrian,12.417350839219006,0.08250896233604824,3.984726291153082,-3.947610617714262,,0.0,12.417350839219006,SAFE,0.3908385634422302,15
scene-0916,17,b6c420c3a5bd4a219b1cb82ee5ea0aa7,14,car,14.361493483273712,0.0731202382000481,3.984726291153082,0.18595925049063322,77.229250200689,0.17312875038806702,14.345387005200458,SAFE,0.8783259987831116,17
scene-0916,17,b6c420c3a5bd4a219b1cb82ee5ea0aa7,16,car,15.666492784431579,0.1402254157230913,3.984726291153082,0.77789540301259,20.139587820880877,0.8181705611003479,15.344967882378034,SAFE,0.7457286715507507,17
scene-0916,17,b6c420c3a5bd4a219b1cb82ee5ea0aa7,17,car,10.196371247817833,0.06795323329342798,3.984726291153082,2.1913845530684104,4.6529356217012285,1.414323759834246,8.506708850217052,SAFE,0.6980865001678467,17
scene-0916,17,b6c420c3a5bd4a219b1cb82ee5ea0aa7,19,car,9.474364221736803,0.09064549724202837,3.984726291153082,3.4340550843982123,2.758943578040217,2.0146475638449832,4.9209790189597165,CAUTION,0.7287863492965698,16
scene-0916,17,b6c420c3a5bd4a219b1cb82ee5ea0aa7,20,car,8.7129620291699,0.06574012086748354,3.984726291153082,2.7343258761760123,3.186511931546024,1.527032696111268,6.287731067077185,SAFE,0.7285577654838562,16
scene-0916,17,b6c420c3a5bd4a219b1cb82ee5ea0aa7,21,pedestrian,21.25133595417728,0.7499456229017252,3.984726291153082,-3.1760331771674424,,0.0,21.25133595417728,SAFE,0.32733577489852905,12
scene-0916,17,b6c420c3a5bd4a219b1cb82ee5ea0aa7,22,pedestrian,16.826232894258624,0.5047276282382639,3.984726291153082,-3.8069593780558626,,0.0,16.826232894258624,SAFE,0.42846256494522095,13
scene-0916,17,b6c420c3a5bd4a219b1cb82ee5ea0aa7,24,pedestrian,13.754889063344338,0.08023847237006519,3.984726291153082,-3.902053864445648,,0.0,13.754889063344338,SAFE,0.40131834149360657,16
scene-0916,17,b6c420c3a5bd4a219b1cb82ee5ea0aa7,27,pedestrian,14.821538446541515,0.34950103681897554,3.984726291153082,-3.6749805223865013,,0.0,14.821538446541515,SAFE,0.4347681403160095,14
scene-0916,17,b6c420c3a5bd4a219b1cb82ee5ea0aa7,28,car,5.578195698404625,0.08704885864063144,3.984726291153082,1.3978081195976517,3.9906734123209024,0.5127034610027842,5.207551401905788,CAUTION,0.8423605561256409,15
scene-0916,17,b6c420c3a5bd4a219b1cb82ee5ea0aa7,31,car,21.911819835425394,0.22023814913232995,3.984726291153082,2.7999731926142397,7.825724865232397,4.205429019352535,14.90349725251315,SAFE,0.6640626788139343,14
scene-0916,17,b6c420c3a5bd4a219b1cb82ee5ea0aa7,32,car,10.807965492473967,0.06984705324737948,3.984726291153082,3.7746845885976446,2.8632764509972732,2.4838974137219076,3.9341324189979816,WARNING,0.8073071241378784,15
scene-0916,17,b6c420c3a5bd4a219b1cb82ee5ea0aa7,33,pedestrian,16.49397307434183,1.6669378670728452,3.984726291153082,-4.8026798786665434,,0.0,16.49397307434183,SAFE,0.45232731103897095,13
scene-0916,17,b6c420c3a5bd4a219b1cb82ee5ea0aa7,35,pedestrian,15.28710353101055,0.22278639710428388,3.984726291153082,-3.9598769853138407,,0.0,15.28710353101055,SAFE,0.3333689272403717,15
scene-0916,17,b6c420c3a5bd4a219b1cb82ee5ea0aa7,39,car,21.321167732173805,0.4632918600045802,3.984726291153082,1.8133105488260688,11.758144652043775,2.8580024356964002,18.54983541102536,SAFE,0.5812828540802002,14
scene-0916,17,b6c420c3a5bd4a219b1cb82ee5ea0aa7,42,car,25.767205966729065,0.22926197573834492,3.984726291153082,2.0698007720296845,12.449123758641404,3.5868764593349574,21.740517077790482,SAFE,0.5371042490005493,14
scene-0916,17,b6c420c3a5bd4a219b1cb82ee5ea0aa7,43,car,17.522643523468638,0.1640563464025045,3.984726291153082,1.1560605818432172,15.157201792600368,1.366651505061236,16.71401962358736,SAFE,0.664339542388916,11
scene-0916,17,b6c420c3a5bd4a219b1cb82ee5ea0aa7,44,car,12.427181371875703,0.05445932685807335,3.984726291153082,2.4929490022954957,4.984932046517122,2.0034999330289742,9.610710117709576,SAFE,0.723413348197937,12
scene-0916,17,b6c420c3a5bd4a219b1cb82ee5ea0aa7,45,car,14.696255386917118,0.12661732689762467,3.984726291153082,2.6260073896322145,5.596425754527447,2.5676899857573305,10.811401860204546,SAFE,0.6712799668312073,13
scene-0916,17,b6c420c3a5bd4a219b1cb82ee5ea0aa7,52,pedestrian,15.626656040973117,0.7726230965231131,3.984726291153082,-3.535330581431571,,0.0,15.626656040973117,SAFE,0.5080176591873169,12
scene-0916,17,b6c420c3a5bd4a219b1cb82ee5ea0aa7,56,motorcycle,10.68540927639747,0.0006717652338588369,3.984726291153082,0.8427417070810527,12.679340759587891,0.5671754691715253,10.443683908771346,SAFE,0.3360013961791992,11
scene-0916,17,b6c420c3a5bd4a219b1cb82ee5ea0aa7,61,car,26.111195567671448,0.08750541781273949,3.984726291153082,-0.5290392778191082,,0.0,26.111195567671448,SAFE,0.5923681855201721,11
scene-0916,17,b6c420c3a5bd4a219b1cb82ee5ea0aa7,67,car,24.20794178779958,0.0677870002549331,3.984726291153082,3.798101225841655,6.373695788593714,5.9811481748483875,6.007701853433889,SAFE,0.5368425250053406,10
scene-0916,17,b6c420c3a5bd4a219b1cb82ee5ea0aa7,68,car,19.05941703354468,0.03456544015881706,3.984726291153082,3.906456503190437,4.878952835639841,4.77000633219829,2.8480850302697687,CAUTION,0.6424008011817932,10
scene-0916,17,b6c420c3a5bd4a219b1cb82ee5ea0aa7,69,car,19.32465212578857,0.1376515782303998,3.984726291153082,2.7402870620961832,7.052053922776315,3.569850131427441,13.5794119826231,SAFE,0.465426504611969,10
scene-0916,17,b6c420c3a5bd4a219b1cb82ee5ea0aa7,76,motorcycle,11.79863095815539,0.04445034059076395,3.984726291153082,-1.5204354041635744,,0.0,11.79863095815539,SAFE,0.5056861639022827,9
scene-0916,17,b6c420c3a5bd4a219b1cb82ee5ea0aa7,77,motorcycle,11.941786920855476,0.11003495226026698,3.984726291153082,-2.454785280820966,,0.0,11.941786920855476,SAFE,0.3725658059120178,9
scene-0916,17,b6c420c3a5bd4a219b1cb82ee5ea0aa7,83,car,26.679116929513988,0.15968919844458826,3.984726291153082,3.6872163736555397,7.235571288989496,6.441284745822043,8.839417350308118,SAFE,0.384111225605011,6
scene-0916,17,b6c420c3a5bd4a219b1cb82ee5ea0aa7,89,pedestrian,13.338643684808911,0.23458119282024342,3.984726291153082,-3.8742337761447443,,0.0,13.338643684808911,SAFE,0.3722316026687622,5
scene-0916,17,b6c420c3a5bd4a219b1cb82ee5ea0aa7,90,pedestrian,10.154005781406891,0.8082940839216946,3.984726291153082,-4.447074897720197,,0.0,10.154005781406891,SAFE,0.33534783124923706,4
scene-0916,17,b6c420c3a5bd4a219b1cb82ee5ea0aa7,91,pedestrian,17.37890839710738,1.295523003701049,3.984726291153082,-4.166849091018177,,0.0,17.37890839710738,SAFE,0.33809682726860046,4
scene-0916,17,b6c420c3a5bd4a219b1cb82ee5ea0aa7,92,pedestrian,18.57245459490485,0.007133842920167549,3.984726291153082,-3.9457490729260174,,0.0,18.57245459490485,SAFE,0.3129176199436188,3
scene-0916,18,8092909473464f80b9f791a4d31ddcb8,3,car,10.190914050254625,0.10706417068633417,4.239502361228182,3.7758918143566884,2.6989422767640616,2.17379889493289,4.495264897396534,CAUTION,0.815796434879303,19
scene-0916,18,8092909473464f80b9f791a4d31ddcb8,6,truck,25.279690437585028,0.03223321802525117,4.239502361228182,-0.5877703650880308,,0.0,25.279690437585028,SAFE,0.7204560041427612,19
scene-0916,18,8092909473464f80b9f791a4d31ddcb8,7,bus,19.72145260351001,3.726130358398563,4.239502361228182,-0.4911375253410044,,0.0,19.72145260351001,SAFE,0.9768993258476257,19
scene-0916,18,8092909473464f80b9f791a4d31ddcb8,8,pedestrian,14.029462591053584,0.10890376517249095,4.239502361228182,-4.066008821547755,,0.0,14.029462591053584,SAFE,0.42379531264305115,19
scene-0916,18,8092909473464f80b9f791a4d31ddcb8,13,pedestrian,14.214494282233252,0.1767684102839209,4.239502361228182,-4.019167735636358,,0.0,14.214494282233252,SAFE,0.34430691599845886,16
scene-0916,18,8092909473464f80b9f791a4d31ddcb8,14,car,14.207780362871594,0.023033021044809348,4.239502361228182,0.5911963507557665,24.03225315025849,0.470146759448693,14.068119412571154,SAFE,0.8972046971321106,18
scene-0916,18,8092909473464f80b9f791a4d31ddcb8,16,car,15.208275892474933,0.01586715882893775,4.239502361228182,1.2313564598975264,12.350831288724118,1.0344662507808213,14.557451836442509,SAFE,0.8063382506370544,18
scene-0916,18,8092909473464f80b9f791a4d31ddcb8,17,car,8.945194596439594,0.05031995734668266,4.239502361228182,2.635987953506783,3.3934884203622273,1.3431600281819278,6.953097507926081,SAFE,0.7763682007789612,18
scene-0916,18,8092909473464f80b9f791a4d31ddcb8,19,car,7.9819409918731505,0.07979048419794296,4.239502361228182,2.438524300303714,3.273266947095427,1.0866532851693789,6.523847926807205,SAFE,0.930310845375061,17
scene-0916,18,8092909473464f80b9f791a4d31ddcb8,20,car,7.59957387927154,0.10705095151527365,4.239502361228182,1.2916549005906024,5.883594662782354,0.5598311389832812,7.22898372237653,SAFE,0.8609506487846375,17
scene-0916,18,8092909473464f80b9f791a4d31ddcb8,27,pedestrian,16.849854686687816,0.24328317721411122,4.239502361228182,-3.831388675604583,,0.0,16.849854686687816,SAFE,0.3013792634010315,15
scene-0916,18,8092909473464f80b9f791a4d31ddcb8,28,car,4.92605009526669,0.09458189799293301,4.239502361228182,1.0442876017552292,4.717139308162837,0.29693397240231095,4.76848801279742,CAUTION,0.907384991645813,16
scene-0916,18,8092909473464f80b9f791a4d31ddcb8,31,car,20.29260109857172,0.14820499317680316,4.239502361228182,3.5069905681969615,5.786328963241179,4.097606658806411,10.962643161108128,SAFE,0.8265002965927124,15
scene-0916,18,8092909473464f80b9f791a4d31ddcb8,32,car,8.944647529697937,0.1354431697712783,4.239502361228182,3.3043107595796366,2.7069631703877164,1.6192964451965333,5.669829239419379,CAUTION,0.8456307649612427,16
scene-0916,18,8092909473464f80b9f791a4d31ddcb8,35,pedestrian,17.19752830008403,0.19552973242687716,4.239502361228182,-3.993847347869238,,0.0,17.19752830008403,SAFE,0.3823555111885071,16
scene-0916,18,8092909473464f80b9f791a4d31ddcb8,39,car,20.686941095617094,0.08372037143670323,4.239502361228182,2.183835729634419,9.472755122968959,2.5856089556470607,17.63915484169853,SAFE,0.4993733763694763,15
scene-0916,18,8092909473464f80b9f791a4d31ddcb8,41,car,22.820539918194044,0.2071630191350307,4.239502361228182,2.4092810343933913,9.471929423102688,2.8249903849798077,19.11690299700939,SAFE,0.39554256200790405,11
scene-0916,18,8092909473464f80b9f791a4d31ddcb8,42,car,24.548350010645123,0.17730789371706585,4.239502361228182,2.822342537281302,8.697863454338886,3.9441897643991943,18.14808051981083,SAFE,0.6504232287406921,15
scene-0916,18,8092909473464f80b9f791a4d31ddcb8,43,car,16.825271134917227,0.045029444687765624,4.239502361228182,1.7017554101647956,9.88700904631641,1.5676843526119968,15.433827539653837,SAFE,0.6537719964981079,12
scene-0916,18,8092909473464f80b9f791a4d31ddcb8,44,car,11.012590786997377,0.08322864100063675,4.239502361228182,3.057922108498553,3.6013313604003425,1.9288451772878399,7.5048018429077565,SAFE,0.8286386132240295,13
scene-0916,18,8092909473464f80b9f791a4d31ddcb8,45,car,13.29390755046519,0.08496794165238893,4.239502361228182,3.1745126464425186,4.187700296410177,2.4445814545829108,8.576860699013874,SAFE,0.8781635165214539,14
scene-0916,18,8092909473464f80b9f791a4d31ddcb8,52,pedestrian,17.918771659123667,0.8859555158634663,4.239502361228182,-3.9656234540478814,,0.0,17.918771659123667,SAFE,0.3831615447998047,13
scene-0916,18,8092909473464f80b9f791a4d31ddcb8,56,motorcycle,10.702540045330277,0.08163522781473015,4.239502361228182,-0.9054841328369231,,0.0,10.702540045330277,SAFE,0.3256671130657196,12
scene-0916,18,8092909473464f80b9f791a4d31ddcb8,61,car,26.19025448903422,0.023726167718981634,4.239502361228182,0.14310515248734856,183.01405668359573,0.20634643030317434,26.175485706261334,SAFE,0.5468286275863647,12
scene-0916,18,8092909473464f80b9f791a4d31ddcb8,67,car,22.233402524405136,0.08616882480398114,4.239502361228182,4.1529446763215825,5.353647654198487,5.349408250749588,0.6256528289343525,CAUTION,0.7279064655303955,11
scene-0916,18,8092909473464f80b9f791a4d31ddcb8,68,car,17.009417017282765,0.12553170241284975,4.239502361228182,4.188042365088564,4.061424296724627,4.048441010099686,0.9617065411629195,CAUTION,0.6556926369667053,11
scene-0916,18,8092909473464f80b9f791a4d31ddcb8,69,car,17.788621056755524,0.07796568816189191,4.239502361228182,3.3695067749260366,5.279295233690693,3.4012288283457015,10.6098631159028,SAFE,0.858111560344696,11
scene-0916,18,8092909473464f80b9f791a4d31ddcb8,70,car,29.239821309627914,0.11192925158488976,4.239502361228182,0.7407601802781761,39.472722870507894,1.1545029081711076,28.809043180912568,SAFE,0.3858024775981903,9
scene-0916,18,8092909473464f80b9f791a4d31ddcb8,76,motorcycle,12.877288496043256,0.0811555558267888,4.239502361228182,-2.9473340005707893,,0.0,12.877288496043256,SAFE,0.9110092520713806,10
scene-0916,18,8092909473464f80b9f791a4d31ddcb8,77,motorcycle,13.411329179863131,0.08937366091770606,4.239502361228182,-3.557180938210336,,0.0,13.411329179863131,SAFE,0.4817764163017273,10
scene-0916,18,8092909473464f80b9f791a4d31ddcb8,83,car,24.64097379761299,0.21106923111329087,4.239502361228182,4.14566945459344,5.943786417971785,5.84970372176057,3.100138858107451,CAUTION,0.5944042801856995,7
scene-0916,18,8092909473464f80b9f791a4d31ddcb8,89,pedestrian,15.119193202926326,0.27684487497525073,4.239502361228182,-3.8907183974566637,,0.0,15.119193202926326,SAFE,0.36965543031692505,6
scene-0916,18,8092909473464f80b9f791a4d31ddcb8,91,pedestrian,19.427698019778088,0.9869112666566269,4.239502361228182,-4.180850514332517,,0.0,19.427698019778088,SAFE,0.3039616048336029,5
scene-0916,18,8092909473464f80b9f791a4d31ddcb8,95,truck,36.16791243890824,0.32916288611738587,4.239502361228182,4.046897473326268,8.937195142030799,8.47897828714778,8.189518197436648,SAFE,0.5165269374847412,3
scene-0916,19,e174cb43655f49dab7ffa27b973670e3,3,car,8.365307004427894,0.15231759042598333,4.49757944281895,3.166276085286362,2.6420017645654315,1.3298169332902727,5.8953940520431205,CAUTION,0.8516977429389954,20
scene-0916,19,e174cb43655f49dab7ffa27b973670e3,6,truck,25.566487088166486,0.13349486710048414,4.49757944281895,-0.2211084412096107,,0.0,25.566487088166486,SAFE,0.7786707878112793,20
scene-0916,19,e174cb43655f49dab7ffa27b973670e3,7,bus,19.977896321256857,3.5831246859500614,4.49757944281895,-0.7746976568933583,,0.0,19.977896321256857,SAFE,0.9843170642852783,20
scene-0916,19,e174cb43655f49dab7ffa27b973670e3,8,pedestrian,16.08662720112515,0.08409856449555636,4.49757944281895,-4.118420724949201,,0.0,16.08662720112515,SAFE,0.5436621308326721,20
scene-0916,19,e174cb43655f49dab7ffa27b973670e3,13,pedestrian,16.24446999009644,0.20473975032341782,4.49757944281895,-4.106197966205083,,0.0,16.24446999009644,SAFE,0.3489382863044739,17
scene-0916,19,e174cb43655f49dab7ffa27b973670e3,14,car,13.946533798771242,0.06082649997917311,4.49757944281895,0.747311665052367,18.66227231685719,0.51992288150386,13.750889313616092,SAFE,0.8194599151611328,19
scene-0916,19,e174cb43655f49dab7ffa27b973670e3,16,car,14.567258796435214,0.09530197312538578,4.49757944281895,1.4661343547042902,9.935828015825559,1.028257084639359,13.792895559912148,SAFE,0.7348651885986328,19
scene-0916,19,e174cb43655f49dab7ffa27b973670e3,17,car,7.566109374162695,0.0713677573412101,4.49757944281895,2.7948497053392005,2.707161447611518,1.0793252323489215,5.86706486692422,CAUTION,0.8001496195793152,19
scene-0916,19,e174cb43655f49dab7ffa27b973670e3,19,car,7.146245154463339,0.11231768342323305,4.49757944281895,0.677623006977428,10.546048585834667,0.24219787699986955,7.06370909966628,SAFE,0.6816813945770264,18
scene-0916,19,e174cb43655f49dab7ffa27b973670e3,20,car,7.593033280395221,0.0672377835895462,4.49757944281895,-0.8387011991707416,,0.0,7.593033280395221,SAFE,0.672568678855896,18
scene-0916,19,e174cb43655f49dab7ffa27b973670e3,24,pedestrian,17.950286868903234,0.022320344688380064,4.49757944281895,-4.133814708559183,,0.0,17.950286868903234,SAFE,0.4576125741004944,17
scene-0916,19,e174cb43655f49dab7ffa27b973670e3,27,pedestrian,19.305766631063975,0.15479268570481974,4.49757944281895,-4.124277170809363,,0.0,19.305766631063975,SAFE,0.3101100027561188,16
scene-0916,19,e174cb43655f49dab7ffa27b973670e3,28,car,4.669605610147111,0.07243858088095019,4.49757944281895,-0.025429619199424103,,0.0,4.669605610147111,SAFE,0.8213942050933838,17
scene-0916,19,e174cb43655f49dab7ffa27b973670e3,31,car,18.39324779471104,0.08190942448211855,4.49757944281895,4.0354057912270545,4.557967338674549,3.7194482372850595,7.8891333580258385,SAFE,0.7958773970603943,16
scene-0916,19,e174cb43655f49dab7ffa27b973670e3,32,car,7.606774556867998,0.12827912666992564,4.49757944281895,2.0516636176650236,3.7076129300012575,0.7771454196793567,6.762726229535563,SAFE,0.8862174153327942,17
scene-0916,19,e174cb43655f49dab7ffa27b973670e3,39,car,19.488235451819556,0.12026095204698437,4.49757944281895,2.68777214729254,7.250702211290693,2.690003381964991,15.456038135151678,SAFE,0.5892988443374634,16
scene-0916,19,e174cb43655f49dab7ffa27b973670e3,41,car,21.231575327245388,0.14846310229439527,4.49757944281895,3.1628230191358577,6.7128559514045305,3.3533871091637293,15.019790106454092,SAFE,0.5659022331237793,12
scene-0916,19,e174cb43655f49dab7ffa27b973670e3,42,car,22.937114946441877,0.25949436735404496,4.49757944281895,3.4646679753086103,6.620292365648338,4.045660530020469,14.304008974351774,SAFE,0.5722975730895996,16
scene-0916,19,e174cb43655f49dab7ffa27b973670e3,43,car,15.907834777199211,0.0528091101701283,4.49757944281895,2.059164070759199,7.725384782638572,1.588644342326776,14.178160525045003,SAFE,0.5557193756103516,13
scene-0916,19,e174cb43655f49dab7ffa27b973670e3,44,car,9.323445633843486,0.070312951597687,4.49757944281895,3.4485469388093875,2.703586698768383,1.6071213474318693,5.937501719112745,CAUTION,0.8387327194213867,14
scene-0916,19,e174cb43655f49dab7ffa27b973670e3,45,car,11.602406443297363,0.08298515216094042,4.49757944281895,3.5971583642272957,3.225436655411103,2.136561693061429,6.741287084874393,SAFE,0.9110780358314514,15
scene-0916,19,e174cb43655f49dab7ffa27b973670e3,56,motorcycle,11.624051279609079,0.07254064131446684,4.49757944281895,-2.5130756547564532,,0.0,11.624051279609079,SAFE,0.7335324287414551,13
scene-0916,19,e174cb43655f49dab7ffa27b973670e3,67,car,20.068011856580522,0.13848348860743026,4.49757944281895,4.35617286051262,4.606798788562992,4.5013640828972985,3.035963332420291,CAUTION,0.8629536628723145,12
scene-0916,19,e174cb43655f49dab7ffa27b973670e3,68,car,14.86609953780472,0.11402757775832494,4.49757944281895,4.2587445816489655,3.4907234403920597,3.210070674523049,4.215256225687524,CAUTION,0.8629376888275146,12
scene-0916,19,e174cb43655f49dab7ffa27b973670e3,69,car,15.949196455401161,0.14435242554480057,4.49757944281895,3.8630956644742565,4.128605098256543,3.057270812986854,8.124556011071384,SAFE,0.8959540128707886,12
scene-0916,19,e174cb43655f49dab7ffa27b973670e3,76,motorcycle,14.64129560079312,0.07969313830864015,4.49757944281895,-3.914282943191145,,0.0,14.64129560079312,SAFE,0.8186700344085693,11
scene-0916,19,e174cb43655f49dab7ffa27b973670e3,77,motorcycle,15.414688009262399,0.0953894080350455,4.49757944281895,-4.24139972035889,,0.0,15.414688009262399,SAFE,0.6152336597442627,11
scene-0916,19,e174cb43655f49dab7ffa27b973670e3,83,car,22.44042479240514,0.24713249517536487,4.49757944281895,4.413641824034435,5.084333003690075,5.063550341225813,1.4347118063717996,CAUTION,0.7094687223434448,8
scene-0916,19,e174cb43655f49dab7ffa27b973670e3,86,motorcycle,12.350949971738354,0.08324527546339174,4.49757944281895,-4.185136854794676,,0.0,12.350949971738354,SAFE,0.31692054867744446,6
scene-0916,19,e174cb43655f49dab7ffa27b973670e3,90,pedestrian,15.322195915747278,0.7116693363147231,4.49757944281895,-4.967292387583826,,0.0,15.322195915747278,SAFE,0.3671061098575592,5
scene-0916,19,e174cb43655f49dab7ffa27b973670e3,91,pedestrian,20.481131093099663,0.8353595135340686,4.49757944281895,-3.494618859534495,,0.0,20.481131093099663,SAFE,0.3205825686454773,6
scene-0916,19,e174cb43655f49dab7ffa27b973670e3,93,car,32.09862420724393,0.4658748747190356,4.49757944281895,4.451909668609451,7.210079852601749,6.050922370795011,12.870268355120418,SAFE,0.5738011598587036,3
scene-0916,19,e174cb43655f49dab7ffa27b973670e3,95,truck,33.94213940881389,0.3996289674619858,4.49757944281895,4.448162140190674,7.630598512166404,7.6097686385340975,1.773385808632698,CAUTION,0.4692104756832123,4
scene-0916,20,6ff9723a60bf4e14b328b3b19f04dc32,3,car,7.13755922381136,0.12698838246604913,4.762180141758584,1.8930702243338757,3.770361570354787,0.6093390457839611,6.535397685544613,SAFE,0.8992102146148682,21
scene-0916,20,6ff9723a60bf4e14b328b3b19f04dc32,6,truck,25.712461934996135,0.22049858150025206,4.762180141758584,-0.19946843610538156,,0.0,25.712461934996135,SAFE,0.7357417941093445,21
scene-0916,20,6ff9723a60bf4e14b328b3b19f04dc32,7,bus,20.417589924581936,3.385079408942181,4.762180141758584,-1.3303239276697871,,0.0,20.417589924581936,SAFE,0.9868016242980957,21
scene-0916,20,6ff9723a60bf4e14b328b3b19f04dc32,8,pedestrian,18.208738200352766,0.07787414970007188,4.762180141758584,-4.291030387493452,,0.0,18.208738200352766,SAFE,0.39945951104164124,21
scene-0916,20,6ff9723a60bf4e14b328b3b19f04dc32,14,car,13.516556487907454,0.029628425377341675,4.762180141758584,0.5817085042781649,23.2359616345647,0.3454576920385562,13.415702386630198,SAFE,0.7865442633628845,20
scene-0916,20,6ff9723a60bf4e14b328b3b19f04dc32,16,car,13.774716646353705,0.1360826367564127,4.762180141758584,1.3549932219502479,10.165893395782225,0.7854183507528963,13.231903184394751,SAFE,0.6958275437355042,20
scene-0916,20,6ff9723a60bf4e14b328b3b19f04dc32,17,car,6.122547022103394,0.06468590438505421,4.762180141758584,2.434276082206593,2.515140770948832,0.6667320918710906,5.248678604233325,CAUTION,0.886052131652832,20
scene-0916,20,6ff9723a60bf4e14b328b3b19f04dc32,19,car,7.433645110694334,0.06088077802112699,4.762180141758584,-1.365162191556323,,0.0,7.433645110694334,SAFE,0.8813955187797546,19
scene-0916,20,6ff9723a60bf4e14b328b3b19f04dc32,20,car,8.41980161510188,0.0952810800860911,4.762180141758584,-2.4975230236876693,,0.0,8.41980161510188,SAFE,0.8466258645057678,19
scene-0916,20,6ff9723a60bf4e14b328b3b19f04dc32,24,pedestrian,20.05031208363215,0.04018944536654699,4.762180141758584,-4.266725919378781,,0.0,20.05031208363215,SAFE,0.33815819025039673,18
scene-0916,20,6ff9723a60bf4e14b328b3b19f04dc32,28,car,5.153906192794142,0.03562977686020395,4.762180141758584,-1.722770628577038,,0.0,5.153906192794142,SAFE,0.8876553773880005,18
scene-0916,20,6ff9723a60bf4e14b328b3b19f04dc32,31,car,16.239155024417308,0.042061049350970395,4.762180141758584,4.402823095519807,3.6883505587453262,3.1038043378349185,6.464824809626044,SAFE,0.789682924747467,17
scene-0916,20,6ff9723a60bf4e14b328b3b19f04dc32,32,car,7.088193737823967,0.11321717645821537,4.762180141758584,0.23899255723807888,29.658637991654572,0.07628505942550394,7.07907208787704,SAFE,0.6560657024383545,18
scene-0916,20,6ff9723a60bf4e14b328b3b19f04dc32,39,car,18.091359310058483,0.24651864803569182,4.762180141758584,2.8361432699199893,6.378859453940372,2.2004282289563566,14.64219922347415,SAFE,0.6274433732032776,17
scene-0916,20,6ff9723a60bf4e14b328b3b19f04dc32,42,car,21.38892244917625,0.14455992821269817,4.762180141758584,3.5761145910838588,5.981050635934357,3.3194325632238066,14.26832636711628,SAFE,0.685458779335022,17
scene-0916,20,6ff9723a60bf4e14b328b3b19f04dc32,43,car,15.21512972665979,0.2684511780132099,4.762180141758584,1.841441934724359,8.262617158730723,1.2521958363587442,14.01486452815218,SAFE,0.49769657850265503,14
scene-0916,20,6ff9723a60bf4e14b328b3b19f04dc32,44,car,7.5733504255685835,0.023957808482398663,4.762180141758584,3.4150593236352997,2.2176336361579865,1.1310652693594612,5.301169383032082,CAUTION,0.9202566742897034,15
scene-0916,20,6ff9723a60bf4e14b328b3b19f04dc32,45,car,9.661101215415707,0.04214976360525352,4.762180141758584,3.8227640309882234,2.5272554458241605,1.6428963180439322,5.715002081064641,CAUTION,0.9335941076278687,16
scene-0916,20,6ff9723a60bf4e14b328b3b19f04dc32,56,motorcycle,13.179355694187901,0.059316333720551694,4.762180141758584,-3.5529965453873604,,0.0,13.179355694187901,SAFE,0.7245405912399292,14
scene-0916,20,6ff9723a60bf4e14b328b3b19f04dc32,61,car,25.652354240007487,0.09133687752168693,4.762180141758584,0.7512653979713728,34.145528742939625,0.826849697712363,25.339859059208976,SAFE,0.4347658157348633,13
scene-0916,20,6ff9723a60bf4e14b328b3b19f04dc32,67,car,17.77693581804426,0.18423417758113897,4.762180141758584,4.5190042515997,3.933817015496574,3.6361754199411433,4.889862409671159,CAUTION,0.8345906138420105,13
scene-0916,20,6ff9723a60bf4e14b328b3b19f04dc32,68,car,12.71637449956328,0.09819707498837649,4.762180141758584,4.210532211452577,3.0201347147932878,2.393463832930612,5.79255158033131,CAUTION,0.8210145831108093,13
scene-0916,20,6ff9723a60bf4e14b328b3b19f04dc32,69,car,13.852771622250382,0.15756760162382275,4.762180141758584,4.214217854892865,3.287151281504537,2.5451912310591287,6.581381857454439,SAFE,0.8675374388694763,13
scene-0916,20,6ff9723a60bf4e14b328b3b19f04dc32,70,car,27.500430527028477,0.17048178275256648,4.762180141758584,1.8271238352011512,15.051213276959363,2.2767645567263797,25.33522827051377,SAFE,0.3637711703777313,10
scene-0916,20,6ff9723a60bf4e14b328b3b19f04dc32,76,motorcycle,16.859471765514144,0.023932268730070937,4.762180141758584,-4.528204428674297,,0.0,16.859471765514144,SAFE,0.5604813098907471,12
scene-0916,20,6ff9723a60bf4e14b328b3b19f04dc32,77,motorcycle,17.625402869366464,0.1113925191142302,4.762180141758584,-4.631973655961151,,0.0,17.625402869366464,SAFE,0.5456063151359558,12
scene-0916,20,6ff9723a60bf4e14b328b3b19f04dc32,83,car,20.300220020629514,0.25341873620858707,4.762180141758584,4.504946085425909,4.506207096751587,4.313463940300033,4.198408134614213,CAUTION,0.5737364292144775,9
scene-0916,20,6ff9723a60bf4e14b328b3b19f04dc32,86,motorcycle,14.88368360930673,0.06118292311702136,4.762180141758584,-4.749162133520071,,0.0,14.88368360930673,SAFE,0.3360632061958313,7
scene-0916,20,6ff9723a60bf4e14b328b3b19f04dc32,90,pedestrian,18.069062868746162,0.7706986549458894,4.762180141758584,-5.231844718293388,,0.0,18.069062868746162,SAFE,0.3396168053150177,6
scene-0916,20,6ff9723a60bf4e14b328b3b19f04dc32,93,car,29.77053689436579,0.37620122580953114,4.762180141758584,4.82478025990786,6.170340469543855,5.619334941791996,8.896313539252608,SAFE,0.7109940648078918,4
scene-0916,20,6ff9723a60bf4e14b328b3b19f04dc32,95,truck,31.55693741493061,0.38796935054421616,4.762180141758584,4.748634020032641,6.645476842772923,6.6089878565483975,2.3383669964198655,CAUTION,0.7552030086517334,5
scene-0916,20,6ff9723a60bf4e14b328b3b19f04dc32,104,car,23.099457222913482,0.10046878124175407,4.762180141758584,4.479901590136071,5.156242108928082,4.586180980392704,7.680612216123666,SAFE,0.4936082065105438,3
scene-0916,20,6ff9723a60bf4e14b328b3b19f04dc32,105,car,37.17374871729352,0.1958807907135987,4.762180141758584,4.671208149520067,7.9580587135927265,7.394937023500713,9.888579677885069,SAFE,0.46307918429374695,3
scene-0916,20,6ff9723a60bf4e14b328b3b19f04dc32,106,car,42.23286663163557,0.5406825177658162,4.762180141758584,4.838020944175776,8.729368293140062,7.977039981153894,12.3983204028136,SAFE,0.36797431111335754,3
scene-0916,21,06be0e3b665c44fa8d17d9f4770bdf9c,3,car,6.66755676789464,0.10348128048205504,5.018455757269375,0.10519736738881047,63.381403293594666,0.028339555127266006,6.66606597793661,SAFE,0.8640832304954529,22
scene-0916,21,06be0e3b665c44fa8d17d9f4770bdf9c,6,truck,25.697639408680185,0.16496064098545704,5.018455757269375,-0.42662542152237304,,0.0,25.697639408680185,SAFE,0.6272726655006409,22
scene-0916,21,06be0e3b665c44fa8d17d9f4770bdf9c,7,bus,21.3110923850021,3.008522497038541,5.018455757269375,-2.114986523234974,,0.0,21.3110923850021,SAFE,0.9907037615776062,22
scene-0916,21,06be0e3b665c44fa8d17d9f4770bdf9c,13,pedestrian,20.64787415481506,0.059371898878739365,5.018455757269375,-4.613122902883996,,0.0,20.64787415481506,SAFE,0.3202853500843048,18
scene-0916,21,06be0e3b665c44fa8d17d9f4770bdf9c,14,car,13.364458983374488,0.04082945645480042,5.018455757269375,-0.12917505391440587,,0.0,13.364458983374488,SAFE,0.6502882242202759,21
scene-0916,21,06be0e3b665c44fa8d17d9f4770bdf9c,16,car,13.311573514551975,0.12665077593122154,5.018455757269375,0.7011836445247717,18.98443242151479,0.3695044672027848,13.18139170733971,SAFE,0.7431786060333252,21
scene-0916,21,06be0e3b665c44fa8d17d9f4770bdf9c,17,car,5.322369625361827,0.017426530313030864,5.018455757269375,0.7503107497997572,7.093553739943431,0.15911350981216626,5.26233879405429,CAUTION,0.5845019221305847,21
scene-0916,21,06be0e3b665c44fa8d17d9f4770bdf9c,19,car,8.523930578367196,0.0676037677575141,5.018455757269375,-2.8268936040603734,,0.0,8.523930578367196,SAFE,0.8620337247848511,20
scene-0916,21,06be0e3b665c44fa8d17d9f4770bdf9c,20,car,9.980419064386044,0.09545372607366957,5.018455757269375,-3.5799076668027014,,0.0,9.980419064386044,SAFE,0.8483384251594543,20
scene-0916,21,06be0e3b665c44fa8d17d9f4770bdf9c,28,car,6.435433590477234,0.04077034335411577,5.018455757269375,-3.2602683121371023,,0.0,6.435433590477234,SAFE,0.9090971946716309,19
scene-0916,21,06be0e3b665c44fa8d17d9f4770bdf9c,31,car,13.969720526966338,0.07475313347108466,5.018455757269375,4.571518859014174,3.0558160116567565,2.4834133952309347,6.046094375015721,SAFE,0.8898453116416931,18
scene-0916,21,06be0e3b665c44fa8d17d9f4770bdf9c,32,car,7.497252413533014,0.0870376255189927,5.018455757269375,-1.592065544337022,,0.0,7.497252413533014,SAFE,0.858677327632904,19
scene-0916,21,06be0e3b665c44fa8d17d9f4770bdf9c,39,car,16.49968936368277,0.14175421359037763,5.018455757269375,2.783315877902801,5.928069284078209,1.7704353740318859,13.817906685656045,SAFE,0.6945083141326904,18
scene-0916,21,06be0e3b665c44fa8d17d9f4770bdf9c,41,car,19.311844882208515,0.9341004112202237,5.018455757269375,2.9674784012226265,6.507829972495122,3.4349261760322234,13.270281864853043,SAFE,0.8189178705215454,13
scene-0916,21,06be0e3b665c44fa8d17d9f4770bdf9c,43,car,14.106485548263757,0.12233421502397177,5.018455757269375,1.5537569773489328,9.078952341911712,0.8649437677783118,13.417714167261476,SAFE,0.7904024720191956,15
scene-0916,21,06be0e3b665c44fa8d17d9f4770bdf9c,44,car,6.066954381279487,0.05652114905798604,5.018455757269375,2.5472277759525745,2.3817871485837805,0.6060237482077626,5.238558594136082,CAUTION,0.9330470561981201,16
scene-0916,21,06be0e3b665c44fa8d17d9f4770bdf9c,45,car,7.685850866681961,0.018171041274027473,5.018455757269375,3.645676305941975,2.108209896242031,1.1144079677823846,5.276973911257481,CAUTION,0.9371237754821777,17
scene-0916,21,06be0e3b665c44fa8d17d9f4770bdf9c,56,motorcycle,15.123918386210079,0.026423101607365166,5.018455757269375,-4.167360673058147,,0.0,15.123918386210079,SAFE,0.3860921263694763,15
scene-0916,21,06be0e3b665c44fa8d17d9f4770bdf9c,61,car,25.693102444739885,0.8214858562149442,5.018455757269375,0.6142536723201057,41.82816253697617,0.8903096186313704,25.418193746948756,SAFE,0.34668129682540894,14
scene-0916,21,06be0e3b665c44fa8d17d9f4770bdf9c,67,car,15.510692451340404,0.11229069716033704,5.018455757269375,4.598306562453203,3.373131443212309,2.8893403369873454,5.874129197389855,CAUTION,0.9534428715705872,14
scene-0916,21,06be0e3b665c44fa8d17d9f4770bdf9c,68,car,10.64629850971475,0.09051172477298235,5.018455757269375,4.048579439734608,2.6296380417356056,1.728571778940424,6.232022560928295,SAFE,0.8680103421211243,14
scene-0916,21,06be0e3b665c44fa8d17d9f4770bdf9c,69,car,11.651429128028354,0.09112086050442504,5.018455757269375,4.34694199172867,2.6803737317402923,1.9993310594003566,5.873117418057857,CAUTION,0.9261283874511719,14
scene-0916,21,06be0e3b665c44fa8d17d9f4770bdf9c,70,car,27.07618882561928,0.6269128642180886,5.018455757269375,1.6509664765722714,16.400205097946465,2.307248428206919,25.099435427993615,SAFE,0.5662989616394043,11
scene-0916,21,06be0e3b665c44fa8d17d9f4770bdf9c,76,motorcycle,19.238618247350573,0.022683930971751868,5.018455757269375,-4.8806282180478995,,0.0,19.238618247350573,SAFE,0.7061841487884521,13
scene-0916,21,06be0e3b665c44fa8d17d9f4770bdf9c,77,motorcycle,20.058129222700053,0.07398622642742939,5.018455757269375,-4.939511154860946,,0.0,20.058129222700053,SAFE,0.5211173892021179,13
scene-0916,21,06be0e3b665c44fa8d17d9f4770bdf9c,83,car,17.88096613439541,0.10911014831870651,5.018455757269375,4.726907649643233,3.7828042051435022,3.4262279419639046,5.489847287897931,CAUTION,0.7466124892234802,10
scene-0916,21,06be0e3b665c44fa8d17d9f4770bdf9c,86,motorcycle,17.320409716870643,0.046771266679305125,5.018455757269375,-5.031803372426851,,0.0,17.320409716870643,SAFE,0.3950529396533966,8
scene-0916,21,06be0e3b665c44fa8d17d9f4770bdf9c,89,pedestrian,20.764053483230274,0.27150939595889145,5.018455757269375,-4.323636630659038,,0.0,20.764053483230274,SAFE,0.3532191812992096,7
scene-0916,21,06be0e3b665c44fa8d17d9f4770bdf9c,90,pedestrian,20.811851364736803,0.8441693061110768,5.018455757269375,-5.493158065208622,,0.0,20.811851364736803,SAFE,0.3063388168811798,7
scene-0916,21,06be0e3b665c44fa8d17d9f4770bdf9c,93,car,27.339124550905275,0.2845500552323508,5.018455757269375,5.047369832507052,5.416509084559354,5.022234847828719,7.376053624941355,SAFE,0.5231866240501404,5
scene-0916,21,06be0e3b665c44fa8d17d9f4770bdf9c,95,truck,29.135980634313352,0.24955935489202813,5.018455757269375,4.954076780654705,5.88121297354275,5.732841849973347,4.627760546598399,CAUTION,0.6682356595993042,6
scene-0916,21,06be0e3b665c44fa8d17d9f4770bdf9c,104,car,20.758884396854373,0.10718167684698049,5.018455757269375,4.7433993685267195,4.37637288873317,3.8956219548565048,6.880292777412473,SAFE,0.7637216448783875,4
scene-0916,21,06be0e3b665c44fa8d17d9f4770bdf9c,106,car,39.81037980450099,0.4152333156777059,5.018455757269375,5.031149702633225,7.912779813263132,7.405543463971048,10.079453010405695,SAFE,0.4815296232700348,4
scene-0916,22,9150678870764c1b87a649a25939c61b,3,car,7.164709907860766,0.06593094096175875,5.177535418744217,-1.7922540637865554,,0.0,7.164709907860766,SAFE,0.9384191036224365,23
scene-0916,22,9150678870764c1b87a649a25939c61b,6,truck,25.86508223973417,0.01945011310855199,5.177535418744217,-0.8005296015967223,,0.0,25.86508223973417,SAFE,0.6890431046485901,23
scene-0916,22,9150678870764c1b87a649a25939c61b,7,bus,22.74468499460137,2.5247093967324337,5.177535418744217,-2.859934082302314,,0.0,22.74468499460137,SAFE,0.9849696159362793,23
scene-0916,22,9150678870764c1b87a649a25939c61b,13,pedestrian,22.94552961380571,0.12331673533873065,5.177535418744217,-4.775458708520624,,0.0,22.94552961380571,SAFE,0.3166389465332031,19
scene-0916,22,9150678870764c1b87a649a25939c61b,14,car,13.613682801743147,0.00958643961134335,5.177535418744217,-1.0350584287162898,,0.0,13.613682801743147,SAFE,0.832123339176178,22
scene-0916,22,9150678870764c1b87a649a25939c61b,16,car,13.033677430638205,0.03282135912136985,5.177535418744217,-0.15987188898445082,,0.0,13.033677430638205,SAFE,0.8695066571235657,22
scene-0916,22,9150678870764c1b87a649a25939c61b,17,car,5.564842997350625,0.026107676021961925,5.177535418744217,-1.6659345202395486,,0.0,5.564842997350625,SAFE,0.8863481283187866,22
scene-0916,22,9150678870764c1b87a649a25939c61b,19,car,10.24957260972848,0.03581413676971303,5.177535418744217,-3.760494057474085,,0.0,10.24957260972848,SAFE,0.8850589394569397,21
scene-0916,22,9150678870764c1b87a649a25939c61b,20,car,11.973321350557876,0.07941840831162089,5.177535418744217,-4.20924852163127,,0.0,11.973321350557876,SAFE,0.9064388275146484,21
scene-0916,22,9150678870764c1b87a649a25939c61b,28,car,8.292327510274248,0.023554686232452642,5.177535418744217,-4.157748700043917,,0.0,8.292327510274248,SAFE,0.9453456997871399,20
scene-0916,22,9150678870764c1b87a649a25939c61b,31,car,11.605040224354498,0.07028372958472197,5.177535418744217,4.55526373392133,2.547611050033425,1.9199568685510766,5.7602363224429345,CAUTION,0.8931567668914795,19
scene-0916,22,9150678870764c1b87a649a25939c61b,32,car,8.740465962791871,0.04818679860134571,5.177535418744217,-2.9732278671879024,,0.0,8.740465962791871,SAFE,0.9155086278915405,20
scene-0916,22,9150678870764c1b87a649a25939c61b,39,car,15.40999758287594,0.2311358364862168,5.177535418744217,2.120397817280892,7.267503039895158,1.2017616007546774,14.07835481651891,SAFE,0.65038001537323,19
scene-0916,22,9150678870764c1b87a649a25939c61b,41,car,17.794479284886204,0.8979529126112217,5.177535418744217,2.86923412571403,6.201821986366455,2.7873639684908964,13.203422613437782,SAFE,0.7392240166664124,14
scene-0916,22,9150678870764c1b87a649a25939c61b,42,car,16.647897819910707,1.067712228179978,5.177535418744217,3.444091201833441,4.833756379926379,1.4800278410424026,13.866950834847264,SAFE,0.8395658731460571,18
scene-0916,22,9150678870764c1b87a649a25939c61b,43,car,13.499415359484846,0.13209360221060384,5.177535418744217,0.6982538409475363,19.333105767332444,0.3424195823401434,13.379333379772234,SAFE,0.9135845303535461,16
scene-0916,22,9150678870764c1b87a649a25939c61b,44,car,5.2120484869534405,0.018835840426522588,5.177535418744217,0.5793180942781615,8.996868108267405,0.11260032943366302,5.17933008869069,SAFE,0.9499332904815674,17
scene-0916,22,9150678870764c1b87a649a25939c61b,45,car,6.064421383273277,0.05083465698909235,5.177535418744217,2.6442257128974855,2.2934582905284646,0.6052976936001597,5.202964070688325,CAUTION,0.9485848546028137,18
scene-0916,22,9150678870764c1b87a649a25939c61b,56,motorcycle,17.402910766202893,0.07710149845163329,5.177535418744217,-4.599832587273924,,0.0,17.402910766202893,SAFE,0.352150559425354,16
scene-0916,22,9150678870764c1b87a649a25939c61b,61,car,25.14833528990928,0.141921405756984,5.177535418744217,0.25605052535331563,98.21630029935665,0.2539067885798175,25.115807770630845,SAFE,0.5129716396331787,15
scene-0916,22,9150678870764c1b87a649a25939c61b,67,car,13.199278342164531,0.04307523040927237,5.177535418744217,4.552741978715743,2.8991931464316893,2.2598921690618363,6.198181604240063,SAFE,0.9455447196960449,15
scene-0916,22,9150678870764c1b87a649a25939c61b,68,car,8.756211310951766,0.05767588026781197,5.177535418744217,3.527022061605784,2.4826074682859325,1.1650144384363454,6.379003630460034,SAFE,0.8618975877761841,15
scene-0916,22,9150678870764c1b87a649a25939c61b,69,car,9.532746601913582,0.07156956526995557,5.177535418744217,4.111943962491515,2.318306545242286,1.4729168406996824,5.756534282580801,CAUTION,0.9399812817573547,15
scene-0916,22,9150678870764c1b87a649a25939c61b,70,car,26.086417050287103,0.06488206916627862,5.177535418744217,1.3139027366255,19.854146218832696,1.2719979336867946,25.236945270396586,SAFE,0.610957682132721,12
scene-0916,22,9150678870764c1b87a649a25939c61b,76,motorcycle,21.785517314469395,0.0361233877504974,5.177535418744217,-5.098053943077616,,0.0,21.785517314469395,SAFE,0.6412262916564941,14
scene-0916,22,9150678870764c1b87a649a25939c61b,83,car,15.381720286440899,0.05795957500233544,5.177535418744217,4.82709473572392,3.186537892576517,2.7322157371421962,5.808009578949971,CAUTION,0.7686229348182678,11
scene-0916,22,9150678870764c1b87a649a25939c61b,86,motorcycle,19.741411413798424,0.04591942570376407,5.177535418744217,-5.110177361724251,,0.0,19.741411413798424,SAFE,0.4408157765865326,9
scene-0916,22,9150678870764c1b87a649a25939c61b,93,car,24.87223489876823,0.15189705475597595,5.177535418744217,5.108392292538726,4.868896802443384,4.518927736210548,6.668288102167429,SAFE,0.6432098150253296,6
scene-0916,22,9150678870764c1b87a649a25939c61b,95,truck,26.584072277699946,0.15337971766106084,5.177535418744217,5.097271288853296,5.215353621816039,4.993802854026798,5.479188711279042,CAUTION,0.5637969374656677,7
scene-0916,22,9150678870764c1b87a649a25939c61b,104,car,18.344401953829212,0.029615250472381848,5.177535418744217,4.834794594691121,3.7942463934191553,3.336476184266584,6.371835511209762,SAFE,0.7032315135002136,5
scene-0916,22,9150678870764c1b87a649a25939c61b,105,car,32.129305136163104,0.18083537330734284,5.177535418744217,5.143416369705713,6.246685632025047,6.058044208703352,5.5833524061643125,CAUTION,0.5255804657936096,4
scene-0916,22,9150678870764c1b87a649a25939c61b,106,car,37.28014107418653,0.2030372094920721,5.177535418744217,5.146827921505839,7.243323779762051,6.892219038670951,8.20780338835246,SAFE,0.5436046719551086,5
scene-0916,22,9150678870764c1b87a649a25939c61b,111,car,14.1202034464723,0.3395213217246243,5.177535418744217,4.740797479519378,2.9784447674621624,2.53003103407731,5.478802323154585,CAUTION,0.7360895872116089,3
scene-0916,22,9150678870764c1b87a649a25939c61b,115,pedestrian,37.777962090065635,0.795626604962593,5.177535418744217,-2.0010708082626145,,0.0,37.777962090065635,SAFE,0.4121963679790497,3
scene-0916,23,8573a885a7cb41d185c05029eeb9a54e,3,car,8.493967117625141,0.03305915712582751,5.321133345610705,-3.2146227946959223,,0.0,8.493967117625141,SAFE,0.9703448414802551,24
scene-0916,23,8573a885a7cb41d185c05029eeb9a54e,6,truck,26.3495507522045,0.018856283481653947,5.321133345610705,-1.3032886670543578,,0.0,26.3495507522045,SAFE,0.5287002921104431,24
scene-0916,23,8573a885a7cb41d185c05029eeb9a54e,7,bus,24.487874407853948,2.074716530158893,5.321133345610705,-3.4758019288906272,,0.0,24.487874407853948,SAFE,0.9815741181373596,24
scene-0916,23,8573a885a7cb41d185c05029eeb9a54e,14,car,14.31046094914148,0.030512318850862485,5.321133345610705,-1.9419101587290042,,0.0,14.31046094914148,SAFE,0.9341619610786438,23
scene-0916,23,8573a885a7cb41d185c05029eeb9a54e,16,car,13.368718635547939,0.03308653431747907,5.321133345610705,-1.2034329757410696,,0.0,13.368718635547939,SAFE,0.8676629662513733,23
scene-0916,23,8573a885a7cb41d185c05029eeb9a54e,17,car,6.847086726381416,0.020772261868962374,5.321133345610705,-3.4031659116415662,,0.0,6.847086726381416,SAFE,0.9000668525695801,23
scene-0916,23,8573a885a7cb41d185c05029eeb9a54e,19,car,12.325482449944088,0.03816736144595221,5.321133345610705,-4.362099874194366,,0.0,12.325482449944088,SAFE,0.8911773562431335,22
scene-0916,23,8573a885a7cb41d185c05029eeb9a54e,20,car,14.262259089847191,0.026503319611872748,5.321133345610705,-4.666767423032312,,0.0,14.262259089847191,SAFE,0.8126662969589233,22
scene-0916,23,8573a885a7cb41d185c05029eeb9a54e,28,car,10.541635154804345,0.026894825076308772,5.321133345610705,-4.717954105047725,,0.0,10.541635154804345,SAFE,0.8645684719085693,21
scene-0916,23,8573a885a7cb41d185c05029eeb9a54e,31,car,9.4339031578852,0.04023409327569048,5.321133345610705,4.250405778631336,2.219530004714748,1.3958464773401291,5.746998634147085,CAUTION,0.8204137682914734,20
scene-0916,23,8573a885a7cb41d185c05029eeb9a54e,32,car,10.503435366026167,0.02417291830799795,5.321133345610705,-3.8875406306433953,,0.0,10.503435366026167,SAFE,0.8061553835868835,21
scene-0916,23,8573a885a7cb41d185c05029eeb9a54e,39,car,14.301347573748233,0.07294757189793433,5.321133345610705,1.5283729659120364,9.357236677641763,0.7691086722615174,13.70100449844231,SAFE,0.841039776802063,20
scene-0916,23,8573a885a7cb41d185c05029eeb9a54e,41,car,16.26585698630029,0.7562134996100894,5.321133345610705,2.668880155314948,6.094637465795385,2.0829184761093833,13.196788701838136,SAFE,0.7898859977722168,15
scene-0916,23,8573a885a7cb41d185c05029eeb9a54e,42,car,15.21446607774909,0.9699081301017494,5.321133345610705,2.592328980472606,5.869033672946614,1.0038023439783674,13.852404441883584,SAFE,0.7446877956390381,19
scene-0916,23,8573a885a7cb41d185c05029eeb9a54e,43,car,13.368915513135537,0.1054508971983564,5.321133345610705,-0.30577125948882244,,0.0,13.368915513135537,SAFE,0.32466432452201843,17
scene-0916,23,8573a885a7cb41d185c05029eeb9a54e,44,car,5.557570854010251,0.0386486395451743,5.321133345610705,-1.904398390202931,,0.0,5.557570854010251,SAFE,0.9426454901695251,18
scene-0916,23,8573a885a7cb41d185c05029eeb9a54e,45,car,5.187395187904243,0.08123934446700473,5.321133345610705,0.5816938688127138,8.917740870283115,0.10858947092087995,5.155715538676595,SAFE,0.9545432329177856,19
scene-0916,23,8573a885a7cb41d185c05029eeb9a54e,67,car,10.97222774749919,0.018452362948246717,5.321133345610705,4.362950606294216,2.514864076542625,1.693450296111342,6.270736432550979,SAFE,0.8618842363357544,16
scene-0916,23,8573a885a7cb41d185c05029eeb9a54e,68,car,7.322539176608476,0.04344380337419681,5.321133345610705,2.3443406446923727,3.1234962347246036,0.6009772937627521,6.58049295459873,SAFE,0.6751246452331543,16
scene-0916,23,8573a885a7cb41d185c05029eeb9a54e,69,car,7.617570983002028,0.06855017757080932,5.321133345610705,3.526917523925339,2.1598381394878583,0.971039994352997,5.651450997258358,CAUTION,0.8637600541114807,16
scene-0916,23,8573a885a7cb41d185c05029eeb9a54e,70,car,25.679002030314308,0.1759200376096791,5.321133345610705,0.6884730772632821,37.298483961623795,0.5860289060208247,25.476470782410097,SAFE,0.6750279068946838,13
scene-0916,23,8573a885a7cb41d185c05029eeb9a54e,76,motorcycle,24.352307205279196,0.03561514717964768,5.321133345610705,-5.255984662778744,,0.0,24.352307205279196,SAFE,0.6067889928817749,15
scene-0916,23,8573a885a7cb41d185c05029eeb9a54e,77,motorcycle,25.27682337964433,0.04088079550215766,5.321133345610705,-5.319685704480686,,0.0,25.27682337964433,SAFE,0.42104509472846985,14
scene-0916,23,8573a885a7cb41d185c05029eeb9a54e,83,car,13.030835229126637,0.06266884162315453,5.321133345610705,4.7736568565674595,2.729738567446294,2.198120847525396,5.750577352563126,CAUTION,0.7657331228256226,12
scene-0916,23,8573a885a7cb41d185c05029eeb9a54e,86,motorcycle,22.24461743553012,0.09725099133611861,5.321133345610705,-5.213522541297801,,0.0,22.24461743553012,SAFE,0.3828545808792114,10
scene-0916,23,8573a885a7cb41d185c05029eeb9a54e,90,pedestrian,27.217723123381916,1.0069167725928845,5.321133345610705,-5.996798490654108,,0.0,27.217723123381916,SAFE,0.33188596367836,8
scene-0916,23,8573a885a7cb41d185c05029eeb9a54e,93,car,22.335114528040314,0.08204813340166928,5.321133345610705,5.190344500838941,4.303204637848255,3.971122322732866,6.204618138365591,SAFE,0.8230482935905457,7
scene-0916,23,8573a885a7cb41d185c05029eeb9a54e,95,truck,24.02315599293371,0.10484933953722506,5.321133345610705,5.205265903079991,4.615164035850512,4.343315602419633,5.830420901340012,CAUTION,0.8095941543579102,8
scene-0916,23,8573a885a7cb41d185c05029eeb9a54e,104,car,15.8498638546448,0.0520446731181791,5.321133345610705,4.92299430823935,3.219557623318341,2.74804030130284,6.065634829539699,SAFE,0.673507571220398,6
scene-0916,23,8573a885a7cb41d185c05029eeb9a54e,105,car,29.62278961195634,0.17310880444015306,5.321133345610705,5.225138595923268,5.669283037787454,5.465312029659085,5.61883275558435,CAUTION,0.7049450874328613,5
scene-0916,23,8573a885a7cb41d185c05029eeb9a54e,106,car,34.533423136275886,0.16542073196361037,5.321133345610705,5.38331220790495,6.414902536317028,6.179723201438641,6.612172541541415,SAFE,0.5546900033950806,6
scene-0916,23,8573a885a7cb41d185c05029eeb9a54e,111,car,11.723815223505031,0.3159342793043005,5.321133345610705,4.708849709710908,2.4897407957887014,1.927846207197597,5.569539931589589,CAUTION,0.6745725274085999,4
scene-0916,23,8573a885a7cb41d185c05029eeb9a54e,112,car,25.96759028674868,1.089751981277771,5.321133345610705,1.4885667163015102,17.44469361189783,0.9412193637501794,25.257343293557557,SAFE,0.5207617282867432,3
scene-0916,23,8573a885a7cb41d185c05029eeb9a54e,115,pedestrian,38.81190672725153,1.0082842836187897,5.321133345610705,-2.3841759799850886,,0.0,38.81190672725153,SAFE,0.42163971066474915,4
scene-0916,24,55c258972acb4300a3a6077a531ab050,3,car,10.359608455353152,0.030404840423775545,5.513803135239064,-4.17091766691797,,0.0,10.359608455353152,SAFE,0.8992488980293274,25
scene-0916,24,55c258972acb4300a3a6077a531ab050,6,truck,27.051969948791623,0.07256020155387448,5.513803135239064,-1.819785923034445,,0.0,27.051969948791623,SAFE,0.7083331346511841,25
scene-0916,24,55c258972acb4300a3a6077a531ab050,7,bus,26.59108435126377,1.6267252205315497,5.513803135239064,-4.0632657474250555,,0.0,26.59108435126377,SAFE,0.9887533187866211,25
scene-0916,24,55c258972acb4300a3a6077a531ab050,14,car,15.580727526034286,0.03088622359489567,5.513803135239064,-2.8643140989313842,,0.0,15.580727526034286,SAFE,0.7980731725692749,24
scene-0916,24,55c258972acb4300a3a6077a531ab050,17,car,8.778294234803498,0.02697223705497218,5.513803135239064,-4.419632714041886,,0.0,8.778294234803498,SAFE,0.8807716369628906,24
scene-0916,24,55c258972acb4300a3a6077a531ab050,19,car,14.598551908554416,0.025701982025159432,5.513803135239064,-4.806519928921605,,0.0,14.598551908554416,SAFE,0.611445426940918,23
scene-0916,24,55c258972acb4300a3a6077a531ab050,20,car,16.74973536979295,0.04566592936178958,5.513803135239064,-5.0605563761236585,,0.0,16.74973536979295,SAFE,0.6968635320663452,23
scene-0916,24,55c258972acb4300a3a6077a531ab050,28,car,13.035896020122864,0.0525815699580341,5.513803135239064,-5.130755196463155,,0.0,13.035896020122864,SAFE,0.6846538186073303,22
scene-0916,24,55c258972acb4300a3a6077a531ab050,31,car,7.485201557012784,0.02008389144060511,5.513803135239064,3.516095686987858,2.12883898032512,0.8600869370408777,5.77857121243581,CAUTION,0.865260124206543,21
scene-0916,24,55c258972acb4300a3a6077a531ab050,32,car,12.608679658151502,0.0604740057084716,5.513803135239064,-4.497704292299573,,0.0,12.608679658151502,SAFE,0.4948633015155792,22
scene-0916,24,55c258972acb4300a3a6077a531ab050,39,car,13.557119672962592,0.0657692030069446,5.513803135239064,0.6899607851844007,19.649116245554854,0.30792432954092086,13.450472345300733,SAFE,0.882220983505249,21
scene-0916,24,55c258972acb4300a3a6077a531ab050,41,car,14.835274736123111,0.5513113329421457,5.513803135239064,2.28264539405983,6.4991587281709275,1.374205985651113,13.173826944422176,SAFE,0.6463778018951416,16
scene-0916,24,55c258972acb4300a3a6077a531ab050,42,car,14.030153333872656,0.80627563492773,5.513803135239064,1.6315338916701712,8.59936370645065,0.5738140557499759,13.553974103422613,SAFE,0.4016496241092682,20
scene-0916,24,55c258972acb4300a3a6077a531ab050,43,car,13.605354575890997,0.02458396007243557,5.513803135239064,-1.2797125391699349,,0.0,13.605354575890997,SAFE,0.7358034253120422,18
scene-0916,24,55c258972acb4300a3a6077a531ab050,44,car,6.957979061366499,0.030187217223203743,5.513803135239064,-3.68637455895527,,0.0,6.957979061366499,SAFE,0.8010827302932739,19
scene-0916,24,55c258972acb4300a3a6077a531ab050,45,car,5.603173030846649,0.06569397857797069,5.513803135239064,-2.154558719572387,,0.0,5.603173030846649,SAFE,0.8955197930335999,20
scene-0916,24,55c258972acb4300a3a6077a531ab050,61,car,25.48990201591904,0.30401890783320573,5.513803135239064,-1.0715950037123125,,0.0,25.48990201591904,SAFE,0.5324766635894775,16
scene-0916,24,55c258972acb4300a3a6077a531ab050,67,car,8.885176447356367,0.030920599089409355,5.513803135239064,3.881589105299401,2.289056416410933,1.1240261464814942,6.338790715924669,SAFE,0.9496482610702515,17
scene-0916,24,55c258972acb4300a3a6077a531ab050,68,car,6.568958003892213,0.026774366007957972,5.513803135239064,0.4576186243057725,14.35465615906173,0.09836250563133182,6.546413059029498,SAFE,0.8932825922966003,17
scene-0916,24,55c258972acb4300a3a6077a531ab050,69,car,6.098003523536731,0.043846531376862105,5.513803135239064,2.1614825864779927,2.8212133475815158,0.44052536779769513,5.601714178204851,CAUTION,0.9041507244110107,17
scene-0916,24,55c258972acb4300a3a6077a531ab050,70,car,25.37751716296678,1.2054233910350896,5.513803135239064,-0.2710531295899661,,0.0,25.37751716296678,SAFE,0.5090038180351257,14
scene-0916,24,55c258972acb4300a3a6077a531ab050,77,motorcycle,27.994426783457737,0.028251671064184143,5.513803135239064,-5.5157424282297844,,0.0,27.994426783457737,SAFE,0.38604971766471863,15
scene-0916,24,55c258972acb4300a3a6077a531ab050,83,car,10.815598665271976,0.12362948470306824,5.513803135239064,4.581065528846576,2.3609351573705024,1.6970377738798286,5.735337935370942,CAUTION,0.7423816919326782,13
scene-0916,24,55c258972acb4300a3a6077a531ab050,93,car,19.807782653481368,0.0823815388455894,5.513803135239064,5.2335089466900495,3.784799616327945,3.3623080200912216,6.61794957648683,SAFE,0.6704946160316467,8
scene-0916,24,55c258972acb4300a3a6077a531ab050,95,truck,21.43322443044589,0.046733190923114724,5.513803135239064,5.313061918945895,4.034062609738645,3.712145506719233,6.054638522932548,SAFE,0.7953086495399475,9
scene-0916,24,55c258972acb4300a3a6077a531ab050,104,car,13.363037607453048,0.06105619436642096,5.513803135239064,4.923090521299028,2.714359516575986,2.1491550780095356,6.09781561109962,SAFE,0.8844397068023682,7
scene-0916,24,55c258972acb4300a3a6077a531ab050,105,car,27.016566299365998,0.10272058442377668,5.513803135239064,5.352349135499759,5.047609118055676,4.779961330192814,6.221127785306487,SAFE,0.7655847072601318,6
scene-0916,24,55c258972acb4300a3a6077a531ab050,106,car,31.76204126768985,0.20957581291642713,5.513803135239064,5.576125373553032,5.69607731890926,5.494162432706878,5.980047546970009,CAUTION,0.6935834288597107,7
scene-0916,24,55c258972acb4300a3a6077a531ab050,111,car,9.501737728104324,0.2008475623588811,5.513803135239064,4.336271474445449,2.191222985945424,1.3368074064473245,5.9332729870515015,CAUTION,0.8521574139595032,5
scene-0916,24,55c258972acb4300a3a6077a531ab050,112,car,25.514804475149912,1.8592952603398445,5.513803135239064,0.2714607484457652,93.99076890944137,0.12741280839549138,25.497504822194582,SAFE,0.5930226445198059,4
scene-0916,25,44237858a539457da65822bfcf58c414,3,car,12.627453518520422,0.02075905662498857,5.658240587217252,-4.765000010070955,,0.0,12.627453518520422,SAFE,0.9108835458755493,26
scene-0916,25,44237858a539457da65822bfcf58c414,7,bus,29.13298310083629,1.123272554210002,5.658240587217252,-4.618732485482183,,0.0,29.13298310083629,SAFE,0.9953151941299438,26
scene-0916,25,44237858a539457da65822bfcf58c414,16,car,15.197789526939893,0.17372463185432815,5.658240587217252,-2.9702047568362864,,0.0,15.197789526939893,SAFE,0.6454514861106873,24
scene-0916,25,44237858a539457da65822bfcf58c414,17,car,11.157320845406222,0.04580219066529717,5.658240587217252,-4.967660954179966,,0.0,11.157320845406222,SAFE,0.9018102884292603,25
scene-0916,25,44237858a539457da65822bfcf58c414,19,car,17.197317314475725,0.04862693997105024,5.658240587217252,-5.1877098018622965,,0.0,17.197317314475725,SAFE,0.9019302725791931,24
scene-0916,25,44237858a539457da65822bfcf58c414,20,car,19.333262207979807,0.015866693659072093,5.658240587217252,-5.304085981378863,,0.0,19.333262207979807,SAFE,0.7903776168823242,24
scene-0916,25,44237858a539457da65822bfcf58c414,28,car,15.605215344252702,0.021078775666330003,5.658240587217252,-5.35229179106379,,0.0,15.605215344252702,SAFE,0.868262529373169,23
scene-0916,25,44237858a539457da65822bfcf58c414,31,car,6.085397038932911,0.024954892820630948,5.658240587217252,1.8222735265647316,3.33945313380304,0.3443057269252979,5.7631555688981715,CAUTION,0.9430063366889954,22
scene-0916,25,44237858a539457da65822bfcf58c414,32,car,14.972495023147978,0.0424209834149664,5.658240587217252,-4.92951902240517,,0.0,14.972495023147978,SAFE,0.5826502442359924,23
scene-0916,25,44237858a539457da65822bfcf58c414,39,car,13.547968022161688,0.07156639766128438,5.658240587217252,-0.45213247831281755,,0.0,13.547968022161688,SAFE,0.3705127239227295,22
scene-0916,25,44237858a539457da65822bfcf58c414,41,car,13.828436562861919,0.371468253769613,5.658240587217252,1.4919325480788461,9.268808151326095,0.7381362149071399,13.266389851717188,SAFE,0.6278940439224243,17
scene-0916,25,44237858a539457da65822bfcf58c414,42,car,13.527618829563956,0.5282664254034147,5.658240587217252,0.43935390368802407,30.789800013179427,0.15539418580771797,13.49343912823934,SAFE,0.778384804725647,21
scene-0916,25,44237858a539457da65822bfcf58c414,43,car,14.482727107850874,0.0541961162257084,5.658240587217252,-2.2843244881872797,,0.0,14.482727107850874,SAFE,0.8560106158256531,19
scene-0916,25,44237858a539457da65822bfcf58c414,44,car,9.043530047251407,0.04489166758579562,5.658240587217252,-4.622306908960707,,0.0,9.043530047251407,SAFE,0.9186854958534241,20
scene-0916,25,44237858a539457da65822bfcf58c414,45,car,7.165992815834444,0.06436196870053941,5.658240587217252,-3.8924415929133236,,0.0,7.165992815834444,SAFE,0.962617039680481,21
scene-0916,25,44237858a539457da65822bfcf58c414,61,car,26.26213677825058,0.21961549160203034,5.658240587217252,-1.730267720626984,,0.0,26.26213677825058,SAFE,0.38284286856651306,17
scene-0916,25,44237858a539457da65822bfcf58c414,67,car,7.211940810601959,0.033178662831746725,5.658240587217252,2.683474155163432,2.6875387626614686,0.6002783046025914,6.355695882164314,SAFE,0.9253968596458435,18
scene-0916,25,44237858a539457da65822bfcf58c414,68,car,6.85241536669532,0.021023918373325384,5.658240587217252,-1.814778802719761,,0.0,6.85241536669532,SAFE,0.9265435934066772,18
scene-0916,25,44237858a539457da65822bfcf58c414,69,car,5.706651113705836,0.07011577179009983,5.658240587217252,-0.4239002587134735,,0.0,5.706651113705836,SAFE,0.8322172164916992,18
scene-0916,25,44237858a539457da65822bfcf58c414,70,car,25.74645000160155,1.3036267000912893,5.658240587217252,-1.2267904428195244,,0.0,25.74645000160155,SAFE,0.5867156982421875,15
scene-0916,25,44237858a539457da65822bfcf58c414,76,motorcycle,29.809151210716287,0.07079669000578714,5.658240587217252,-5.611407197854792,,0.0,29.809151210716287,SAFE,0.3905927836894989,16
scene-0916,25,44237858a539457da65822bfcf58c414,83,car,8.587700325603931,0.0337434082579703,5.658240587217252,4.074891969487683,2.1074669929675762,1.1051509220009248,5.922415011404176,CAUTION,0.8989212512969971,14
scene-0916,25,44237858a539457da65822bfcf58c414,93,car,17.213753406028175,0.05745530872746874,5.658240587217252,5.23712455228854,3.286871112986236,2.8111868595912104,6.548527076288063,SAFE,0.9012079238891602,9
scene-0916,25,44237858a539457da65822bfcf58c414,95,truck,18.77061284133361,0.05588373496104294,5.658240587217252,5.367210765322746,3.49727515129637,3.1426945701188647,5.976831672110978,CAUTION,0.721315860748291,10
scene-0916,25,44237858a539457da65822bfcf58c414,104,car,10.987190615597914,0.06756645724719634,5.658240587217252,4.691326080973905,2.3420223676536693,1.6233840130548693,6.086201629824423,SAFE,0.7782188057899475,8
scene-0916,25,44237858a539457da65822bfcf58c414,105,car,24.34202669058143,0.08013082916866476,5.658240587217252,5.429904289696163,4.482956861094787,4.173233723643681,6.398251090943829,SAFE,0.8180558681488037,7
scene-0916,25,44237858a539457da65822bfcf58c414,111,car,7.534806200813379,0.1747193232491143,5.658240587217252,3.443109597174381,2.18837245465462,0.7969156509932415,6.0082269780881035,SAFE,0.9079194068908691,6
scene-0916,25,44237858a539457da65822bfcf58c414,112,car,25.41480897563203,0.7907090553119392,5.658240587217252,-0.19192819098574398,,0.0,25.41480897563203,SAFE,0.5143104791641235,5
scene-0916,25,44237858a539457da65822bfcf58c414,118,car,25.530705033633943,1.581006855483757,5.658240587217252,0.7081121562208721,36.05460633508809,0.345020406506145,25.408254814121744,SAFE,0.3291207551956177,3
scene-0916,25,44237858a539457da65822bfcf58c414,121,car,33.72623466652056,0.08607576925051644,5.658240587217252,5.212811915883691,6.469873690196857,5.375950278493787,13.867986651263426,SAFE,0.566664457321167,3
scene-0916,26,8cd36e9531fb4eba8e6ac1d666c4641c,3,car,15.121915669288027,0.05126864502785731,5.745792628999561,-5.1395575183313955,,0.0,15.121915669288027,SAFE,0.8303073644638062,27
scene-0916,26,8cd36e9531fb4eba8e6ac1d666c4641c,6,truck,29.37985988500419,0.06784783947345989,5.745792628999561,-2.803459058347822,,0.0,29.37985988500419,SAFE,0.5039105415344238,26
scene-0916,26,8cd36e9531fb4eba8e6ac1d666c4641c,7,bus,31.84911907063794,0.6783394272264595,5.745792628999561,-5.005687801067298,,0.0,31.84911907063794,SAFE,0.9819335341453552,27
scene-0916,26,8cd36e9531fb4eba8e6ac1d666c4641c,14,car,18.810109863753667,0.29137935075097693,5.745792628999561,-4.053688435474984,,0.0,18.810109863753667,SAFE,0.4122713804244995,25
scene-0916,26,8cd36e9531fb4eba8e6ac1d666c4641c,16,car,17.17328952655355,0.024486847369770165,5.745792628999561,-3.764314781080093,,0.0,17.17328952655355,SAFE,0.6567520499229431,25
scene-0916,26,8cd36e9531fb4eba8e6ac1d666c4641c,17,car,13.736969739353098,0.04577656751009715,5.745792628999561,-5.266508245835462,,0.0,13.736969739353098,SAFE,0.8470458984375,26
scene-0916,26,8cd36e9531fb4eba8e6ac1d666c4641c,19,car,19.921720979480224,0.07819517578800105,5.745792628999561,-5.460047277964097,,0.0,19.921720979480224,SAFE,0.7922537922859192,25
scene-0916,26,8cd36e9531fb4eba8e6ac1d666c4641c,20,car,22.16934380596786,0.09528402818610937,5.745792628999561,-5.570743531177223,,0.0,22.16934380596786,SAFE,0.804132342338562,25
scene-0916,26,8cd36e9531fb4eba8e6ac1d666c4641c,28,car,18.232154063199054,0.07895707617497928,5.745792628999561,-5.447841986279005,,0.0,18.232154063199054,SAFE,0.5144999027252197,24
scene-0916,26,8cd36e9531fb4eba8e6ac1d666c4641c,31,car,5.674418866389587,0.11317992248862517,5.745792628999561,-0.7369757059370716,,0.0,5.674418866389587,SAFE,0.8370845317840576,23
scene-0916,26,8cd36e9531fb4eba8e6ac1d666c4641c,32,car,17.407988877959372,0.10576743199064477,5.745792628999561,-5.154181818342587,,0.0,17.407988877959372,SAFE,0.36114075779914856,24
scene-0916,26,8cd36e9531fb4eba8e6ac1d666c4641c,39,car,13.975728137333283,0.09855711388273643,5.745792628999561,-1.519692292788919,,0.0,13.975728137333283,SAFE,0.6009992361068726,23
scene-0916,26,8cd36e9531fb4eba8e6ac1d666c4641c,41,car,13.322244908646837,0.23137296690136133,5.745792628999561,0.4489919145265704,29.67145838849723,0.1966993945497999,13.278013262264299,SAFE,0.5713884830474854,18
scene-0916,26,8cd36e9531fb4eba8e6ac1d666c4641c,42,car,13.616460014793567,0.39215969448289545,5.745792628999561,-0.8180601568019927,,0.0,13.616460014793567,SAFE,0.5440587401390076,22
scene-0916,26,8cd36e9531fb4eba8e6ac1d666c4641c,43,car,15.791916898221004,0.08108943768083857,5.745792628999561,-3.078341551049411,,0.0,15.791916898221004,SAFE,0.6105345487594604,20
scene-0916,26,8cd36e9531fb4eba8e6ac1d666c4641c,44,car,11.480985466103247,0.050698787422763784,5.745792628999561,-5.07792524040519,,0.0,11.480985466103247,SAFE,0.7456104755401611,21
scene-0916,26,8cd36e9531fb4eba8e6ac1d666c4641c,45,car,9.407536130929318,0.03220402616565328,5.745792628999561,-4.759424430109911,,0.0,9.407536130929318,SAFE,0.8866069912910461,22
scene-0916,26,8cd36e9531fb4eba8e6ac1d666c4641c,61,car,27.13792995967737,0.09434752217888435,5.745792628999561,-2.1799160029770848,,0.0,27.13792995967737,SAFE,0.4162209928035736,18
scene-0916,26,8cd36e9531fb4eba8e6ac1d666c4641c,67,car,6.397747187561343,0.03666366336570621,5.745792628999561,0.45016610488568265,14.211970022012249,0.08700706060446996,6.378133307169506,SAFE,0.8911425471305847,19
scene-0916,26,8cd36e9531fb4eba8e6ac1d666c4641c,68,car,8.25327425002139,0.014863582709627106,5.745792628999561,-3.556681162871748,,0.0,8.25327425002139,SAFE,0.9206618666648865,19
scene-0916,26,8cd36e9531fb4eba8e6ac1d666c4641c,69,car,6.471759423268923,0.03545845999902333,5.745792628999561,-2.7974132951349064,,0.0,6.471759423268923,SAFE,0.8383542895317078,19
scene-0916,26,8cd36e9531fb4eba8e6ac1d666c4641c,83,car,6.811106582912076,0.03815074974281746,5.745792628999561,2.7326494038412283,2.4924919286527736,0.5603626893802316,5.996790576961149,CAUTION,0.9210071563720703,15
scene-0916,26,8cd36e9531fb4eba8e6ac1d666c4641c,93,car,14.632947103094775,0.06128195221432088,5.745792628999561,5.147678572621253,2.842630303477461,2.2902330851280093,6.450559023163385,SAFE,0.8873597979545593,10
scene-0916,26,8cd36e9531fb4eba8e6ac1d666c4641c,95,truck,16.11615990531583,0.04528658474052572,5.745792628999561,5.280128626924353,3.0522286565400223,2.5561266575161325,6.497383834624896,SAFE,0.893891453742981,11
scene-0916,26,8cd36e9531fb4eba8e6ac1d666c4641c,104,car,8.769038664566967,0.05285315896518191,5.745792628999561,4.133111692104218,2.121655381662948,1.1045813667978996,6.071427909524964,SAFE,0.9300821423530579,9
scene-0916,26,8cd36e9531fb4eba8e6ac1d666c4641c,105,car,21.609120607038427,0.07366579272768897,5.745792628999561,5.474386553831933,3.947313620356711,3.6158878725232735,6.261514625099319,SAFE,0.8969965577125549,8
scene-0916,26,8cd36e9531fb4eba8e6ac1d666c4641c,111,car,6.258819175973485,0.16274806576381054,5.745792628999561,1.6295774641965852,3.8407619849230117,0.3082992235610401,6.002366414795206,SAFE,0.8726990818977356,7
scene-0916,26,8cd36e9531fb4eba8e6ac1d666c4641c,115,pedestrian,43.15441068553224,0.746682719940454,5.745792628999561,-3.79398740614623,,0.0,43.15441068553224,SAFE,0.30225443840026855,5
scene-0916,26,8cd36e9531fb4eba8e6ac1d666c4641c,118,car,25.489130158994442,1.2768635970732638,5.745792628999561,-0.16896667394483478,,0.0,25.489130158994442,SAFE,0.5038526654243469,4
scene-0916,26,8cd36e9531fb4eba8e6ac1d666c4641c,121,car,31.23713501221659,0.09298106155750056,5.745792628999561,5.091629605099461,6.1349975223907505,4.80429291258488,14.548051491382799,SAFE,0.6017656326293945,4
scene-0916,26,8cd36e9531fb4eba8e6ac1d666c4641c,122,car,23.228365790044922,0.3933717757308076,5.745792628999561,4.7985504644936805,4.840704700705042,3.2407961777785737,13.354017390284504,SAFE,0.6214794516563416,3
scene-0916,26,8cd36e9531fb4eba8e6ac1d666c4641c,125,car,24.978496419796656,0.7381094957143717,5.745792628999561,5.104601365798853,4.893329494278268,3.081742736720488,15.198251646408126,SAFE,0.635374128818512,3
scene-0916,26,8cd36e9531fb4eba8e6ac1d666c4641c,126,car,20.846864017697026,3.173103050023303,5.745792628999561,3.367195687819858,6.191164978354627,0.8852395903966968,19.29901369781915,SAFE,0.5065039396286011,3
scene-0916,27,7bebe3c9be714f02837f8617c56df122,3,car,17.717392729184983,0.07244630886852982,5.955527800076564,-5.51409132260697,,0.0,17.717392729184983,SAFE,0.8341240882873535,28
scene-0916,27,7bebe3c9be714f02837f8617c56df122,6,truck,30.864465253632062,0.08008311621041064,5.955527800076564,-3.2677334862159704,,0.0,30.864465253632062,SAFE,0.6990865468978882,27
scene-0916,27,7bebe3c9be714f02837f8617c56df122,7,bus,34.512474248588354,0.42349997013713886,5.955527800076564,-5.339987070316067,,0.0,34.512474248588354,SAFE,0.9857045412063599,28
scene-0916,27,7bebe3c9be714f02837f8617c56df122,14,car,21.047839244806582,0.09503633713985722,5.955527800076564,-4.555201596816081,,0.0,21.047839244806582,SAFE,0.5717728137969971,26
scene-0916,27,7bebe3c9be714f02837f8617c56df122,16,car,18.265890418325647,0.8876213484714002,5.955527800076564,-3.5654923178558597,,0.0,18.265890418325647,SAFE,0.3257066309452057,26
scene-0916,27,7bebe3c9be714f02837f8617c56df122,17,car,16.460353779112115,0.02271492181335191,5.955527800076564,-5.6111897071200785,,0.0,16.460353779112115,SAFE,0.5624715685844421,27
scene-0916,27,7bebe3c9be714f02837f8617c56df122,19,car,22.615590709761417,0.026567679178873177,5.955527800076564,-5.70983799780798,,0.0,22.615590709761417,SAFE,0.8319555521011353,26
scene-0916,27,7bebe3c9be714f02837f8617c56df122,20,car,24.906554965273635,0.04455371966483546,5.955527800076564,-5.789612918145583,,0.0,24.906554965273635,SAFE,0.5621111392974854,26
scene-0916,27,7bebe3c9be714f02837f8617c56df122,28,car,21.12495731156877,0.04960684684657429,5.955527800076564,-5.77160384267807,,0.0,21.12495731156877,SAFE,0.647139310836792,25
scene-0916,27,7bebe3c9be714f02837f8617c56df122,31,car,6.75993743895682,0.05918589699944335,5.955527800076564,-3.2059332479168563,,0.0,6.75993743895682,SAFE,0.951193630695343,24
scene-0916,27,7bebe3c9be714f02837f8617c56df122,42,car,14.298928772567413,0.25406627161575734,5.955527800076564,-1.9847730616743795,,0.0,14.298928772567413,SAFE,0.7464073300361633,23
scene-0916,27,7bebe3c9be714f02837f8617c56df122,44,car,14.14112035362238,0.03630546671256954,5.955527800076564,-5.506379683143885,,0.0,14.14112035362238,SAFE,0.9393867254257202,22
scene-0916,27,7bebe3c9be714f02837f8617c56df122,45,car,11.918351794345702,0.026450804839171404,5.955527800076564,-5.30578369045462,,0.0,11.918351794345702,SAFE,0.9393839240074158,23
scene-0916,27,7bebe3c9be714f02837f8617c56df122,67,car,6.770369739741784,0.01978362354695617,5.955527800076564,-2.1471297468960007,,0.0,6.770369739741784,SAFE,0.7373311519622803,20
scene-0916,27,7bebe3c9be714f02837f8617c56df122,68,car,10.38239039404528,0.04190740315463449,5.955527800076564,-4.70602573028547,,0.0,10.38239039404528,SAFE,0.7787937521934509,20
scene-0916,27,7bebe3c9be714f02837f8617c56df122,69,car,8.307225156744963,0.03771078926304623,5.955527800076564,-4.364322581879649,,0.0,8.307225156744963,SAFE,0.8617597222328186,20
scene-0916,27,7bebe3c9be714f02837f8617c56df122,70,car,27.423547033095605,0.470978935536064,5.955527800076564,-2.3829740999579694,,0.0,27.423547033095605,SAFE,0.3979918956756592,16
scene-0916,27,7bebe3c9be714f02837f8617c56df122,76,motorcycle,35.54833356225896,0.09659314041559024,5.955527800076564,-5.938431321923929,,0.0,35.54833356225896,SAFE,0.38051557540893555,17
scene-0916,27,7bebe3c9be714f02837f8617c56df122,83,car,6.035775429035271,0.07599136326995501,5.955527800076564,0.17916035569857103,33.689235576146004,0.02984616361539463,6.03310121196976,SAFE,0.8852148056030273,16
scene-0916,27,7bebe3c9be714f02837f8617c56df122,95,truck,13.472516975848496,0.03893643100919766,5.955527800076564,5.242697506953745,2.569768131382553,1.9659690231388927,6.530523606005037,SAFE,0.9299928545951843,12
scene-0916,27,7bebe3c9be714f02837f8617c56df122,104,car,6.9799081631749695,0.03074140913814159,5.955527800076564,2.9565892113544674,2.360797413576892,0.5829486844735011,6.057141942169685,SAFE,0.8449786305427551,10
scene-0916,27,7bebe3c9be714f02837f8617c56df122,105,car,18.83766610255491,0.08255723762994362,5.955527800076564,5.633930841427098,3.3436097518341654,3.0051114239297156,5.993735405437887,CAUTION,0.8095139265060425,9
scene-0916,27,7bebe3c9be714f02837f8617c56df122,111,car,6.1557018245691495,0.12279149557972828,5.955527800076564,-1.0924930220137292,,0.0,6.1557018245691495,SAFE,0.9149221181869507,8
scene-0916,27,7bebe3c9be714f02837f8617c56df122,121,car,28.62664390950656,0.1031258151093137,5.955527800076564,5.227016188785779,5.476670221707587,4.1326070756328095,14.18149371994344,SAFE,0.6337566375732422,5
scene-0916,27,7bebe3c9be714f02837f8617c56df122,122,car,20.872139321745138,0.34127440090933225,5.955527800076564,4.673709878045215,4.465861139518343,2.569800047626561,13.600050489409188,SAFE,0.5235643982887268,4
scene-0916,27,7bebe3c9be714f02837f8617c56df122,124,car,33.72829003599252,0.06105903479124217,5.955527800076564,3.8090909480939925,8.85468225768398,3.5547861722260223,26.094051205310908,SAFE,0.7557775378227234,3
scene-0916,27,7bebe3c9be714f02837f8617c56df122,125,car,22.56099617992281,0.5581237351654755,5.955527800076564,4.904326388842334,4.600223229687683,2.6400505521010023,14.727057562842093,SAFE,0.5704845190048218,4
scene-0916,27,7bebe3c9be714f02837f8617c56df122,126,car,19.269528328091294,4.428084004247258,5.955527800076564,1.3149433537578474,14.654264971204123,0.23573566785422645,19.113910429528122,SAFE,0.3708357512950897,4
scene-0916,27,7bebe3c9be714f02837f8617c56df122,127,car,23.681179389422546,0.029041960123291813,5.955527800076564,5.735532158743754,4.1288547834782605,3.8401496402376893,6.262039227335293,SAFE,0.6162196397781372,3
scene-0916,27,7bebe3c9be714f02837f8617c56df122,128,car,14.019096460096284,0.15197276214368546,5.955527800076564,0.3657338047315499,38.33142104648039,0.1376870678053892,13.993895401502096,SAFE,0.859383225440979,3
scene-0916,28,4b894442c95141f9affd731d9da7b43c,3,car,20.675656107973985,0.02756610952755711,6.106582641865999,-5.821121632209316,,0.0,20.675656107973985,SAFE,0.9063125848770142,29
scene-0916,28,4b894442c95141f9affd731d9da7b43c,6,truck,32.679353160590736,0.060481257879640794,6.106582641865999,-3.7251539727246294,,0.0,32.679353160590736,SAFE,0.3190068006515503,28
scene-0916,28,4b894442c95141f9affd731d9da7b43c,7,bus,37.5118964048621,0.1756087887837479,6.106582641865999,-5.673778635762849,,0.0,37.5118964048621,SAFE,0.9647237658500671,29
scene-0916,28,4b894442c95141f9affd731d9da7b43c,17,car,19.16887190559212,0.13126554302574037,6.106582641865999,-5.709783059216263,,0.0,19.16887190559212,SAFE,0.4779749810695648,28
scene-0916,28,4b894442c95141f9affd731d9da7b43c,19,car,25.501632163934058,0.02781700527810984,6.106582641865999,-5.8818969369468945,,0.0,25.501632163934058,SAFE,0.7672361135482788,27
scene-0916,28,4b894442c95141f9affd731d9da7b43c,20,car,27.785186311303338,0.03593871443754239,6.106582641865999,-5.916860324005197,,0.0,27.785186311303338,SAFE,0.7228795289993286,27
scene-0916,28,4b894442c95141f9affd731d9da7b43c,28,car,24.311487300565886,0.1356122954341707,6.106582641865999,-6.083687389954662,,0.0,24.311487300565886,SAFE,0.49984633922576904,26
scene-0916,28,4b894442c95141f9affd731d9da7b43c,31,car,8.83428172820323,0.017933687561220834,6.106582641865999,-4.609982954513768,,0.0,8.83428172820323,SAFE,0.9316444993019104,25
scene-0916,28,4b894442c95141f9affd731d9da7b43c,39,car,16.93234200287936,0.1291466619851431,6.106582641865999,-3.6403001335418423,,0.0,16.93234200287936,SAFE,0.6145789623260498,24
scene-0916,28,4b894442c95141f9affd731d9da7b43c,42,car,15.692363570041605,0.23398561563450193,6.106582641865999,-3.087456411317752,,0.0,15.692363570041605,SAFE,0.46012425422668457,24
scene-0916,28,4b894442c95141f9affd731d9da7b43c,44,car,17.103211275407087,0.036877208258085124,6.106582641865999,-5.826178159002135,,0.0,17.103211275407087,SAFE,0.7006063461303711,23
scene-0916,28,4b894442c95141f9affd731d9da7b43c,45,car,14.795836251796029,0.0861113801561935,6.106582641865999,-5.689076334067079,,0.0,14.795836251796029,SAFE,0.8759509921073914,24
scene-0916,28,4b894442c95141f9affd731d9da7b43c,67,car,8.344056891910727,0.026464775990922805,6.106582641865999,-4.004957188998526,,0.0,8.344056891910727,SAFE,0.856144905090332,21
scene-0916,28,4b894442c95141f9affd731d9da7b43c,68,car,12.822373427486967,0.041760321408884256,6.106582641865999,-5.272731028487765,,0.0,12.822373427486967,SAFE,0.7706888914108276,21
scene-0916,28,4b894442c95141f9affd731d9da7b43c,69,car,10.78591848534986,0.03250331917745884,6.106582641865999,-5.196905365917674,,0.0,10.78591848534986,SAFE,0.9158107042312622,21
scene-0916,28,4b894442c95141f9affd731d9da7b43c,76,motorcycle,38.57790868769646,0.10758258640437256,6.106582641865999,-6.081349715332152,,0.0,38.57790868769646,SAFE,0.39415690302848816,18
scene-0916,28,4b894442c95141f9affd731d9da7b43c,83,car,6.754606013651585,0.09087217190415776,6.106582641865999,-2.7140892868647337,,0.0,6.754606013651585,SAFE,0.9091634154319763,17
scene-0916,28,4b894442c95141f9affd731d9da7b43c,95,truck,10.829606787559591,0.05868773500634582,6.106582641865999,4.926448332302566,2.1982584728535977,1.4076244141617882,6.494729527600721,SAFE,0.879555344581604,13
scene-0916,28,4b894442c95141f9affd731d9da7b43c,104,car,6.124737893266256,0.020369806206997895,6.106582641865999,0.4252816317845385,14.40160457334129,0.07026861417540713,6.109777646914439,SAFE,0.8845008015632629,11
scene-0916,28,4b894442c95141f9affd731d9da7b43c,105,car,15.978718838179947,0.04020804805604213,6.106582641865999,5.644774434275374,2.830709893588716,2.4252875153138134,6.0471136665571334,SAFE,0.8298025131225586,10
scene-0916,28,4b894442c95141f9affd731d9da7b43c,111,car,7.359877774255324,0.10250635107089419,6.106582641865999,-3.424478191895412,,0.0,7.359877774255324,SAFE,0.9280706644058228,9
scene-0916,28,4b894442c95141f9affd731d9da7b43c,121,car,26.075901899041316,0.20628363206739422,6.106582641865999,5.106011976963586,5.106901828018818,3.510101630608349,14.58095174393304,SAFE,0.4579067528247833,6
scene-0916,28,4b894442c95141f9affd731d9da7b43c,122,car,18.6802400953341,0.26510772423746526,6.106582641865999,4.238424286169587,4.407354911656588,1.9948918755567464,13.820500645130865,SAFE,0.608500599861145,5
scene-0916,28,4b894442c95141f9affd731d9da7b43c,124,car,31.856955978502636,0.024326202095604967,6.106582641865999,3.5779746396719743,8.903628221753761,3.03386565647633,25.866104856366686,SAFE,0.33076223731040955,4
scene-0916,28,4b894442c95141f9affd731d9da7b43c,125,car,20.247086325181456,0.4778035664980725,6.106582641865999,4.499936165403246,4.499416343024299,2.1385211964595774,14.666375281370998,SAFE,0.45102107524871826,5
scene-0916,28,4b894442c95141f9affd731d9da7b43c,127,car,20.683690700407944,0.10757944288786829,6.106582641865999,5.87255127850176,3.522096226920455,3.1904213513142077,6.347222369338442,SAFE,0.7863609790802002,4
scene-0916,28,4b894442c95141f9affd731d9da7b43c,128,car,14.321580111777047,0.1457986786817687,6.106582641865999,-1.0784545295989254,,0.0,14.321580111777047,SAFE,0.7279277443885803,4
scene-0916,28,4b894442c95141f9affd731d9da7b43c,129,car,32.58003930407649,0.09083587502879348,6.106582641865999,-3.7167565329394505,,0.0,32.58003930407649,SAFE,0.4261079430580139,3
scene-0916,28,4b894442c95141f9affd731d9da7b43c,133,car,22.299977741741266,0.20817818645841224,6.106582641865999,4.548764567299738,4.902425133639989,2.8568902657465056,14.404639303867459,SAFE,0.5553593039512634,3
scene-0916,29,e00dc15130dc44e796687baadd076ae4,3,car,23.613768760026694,0.021910936352487774,6.045230133569768,-5.849587243996353,,0.0,23.613768760026694,SAFE,0.8181318044662476,30
scene-0916,29,e00dc15130dc44e796687baadd076ae4,7,bus,40.432368607475105,0.15853629273449088,6.045230133569768,-5.724578480652511,,0.0,40.432368607475105,SAFE,0.9676523208618164,30
scene-0916,29,e00dc15130dc44e796687baadd076ae4,17,car,22.08625465589595,0.11632347644531009,6.045230133569768,-5.742841281315889,,0.0,22.08625465589595,SAFE,0.6925258040428162,29
scene-0916,29,e00dc15130dc44e796687baadd076ae4,19,car,28.45176569503286,0.09337107251405327,6.045230133569768,-5.878572455185819,,0.0,28.45176569503286,SAFE,0.7791199088096619,28
scene-0916,29,e00dc15130dc44e796687baadd076ae4,20,car,30.759095810262284,0.05112719449096073,6.045230133569768,-5.903082965822993,,0.0,30.759095810262284,SAFE,0.697384238243103,28
scene-0916,29,e00dc15130dc44e796687baadd076ae4,28,car,27.356538477063424,0.18774445982208637,6.045230133569768,-6.065364471256263,,0.0,27.356538477063424,SAFE,0.4990185797214508,27
scene-0916,29,e00dc15130dc44e796687baadd076ae4,31,car,11.335010171825095,0.05573924622027354,6.045230133569768,-5.177476890158148,,0.0,11.335010171825095,SAFE,0.7580325603485107,26
scene-0916,29,e00dc15130dc44e796687baadd076ae4,39,car,18.80322451804781,0.11101821022137079,6.045230133569768,-4.136365254958256,,0.0,18.80322451804781,SAFE,0.5478698015213013,25
scene-0916,29,e00dc15130dc44e796687baadd076ae4,42,car,17.112694327061728,0.04511819013854111,6.045230133569768,-3.6318858347554994,,0.0,17.112694327061728,SAFE,0.7941905856132507,25
scene-0916,29,e00dc15130dc44e796687baadd076ae4,44,car,19.787101758967943,0.11142593434983271,6.045230133569768,-5.699354756224935,,0.0,19.787101758967943,SAFE,0.7003302574157715,24
scene-0916,29,e00dc15130dc44e796687baadd076ae4,45,car,17.606043340801186,0.01656241112866664,6.045230133569768,-5.730041027028709,,0.0,17.606043340801186,SAFE,0.763729989528656,25
scene-0916,29,e00dc15130dc44e796687baadd076ae4,67,car,10.585722719871994,0.03210465370621126,6.045230133569768,-4.85312222493427,,0.0,10.585722719871994,SAFE,0.9374125599861145,22
scene-0916,29,e00dc15130dc44e796687baadd076ae4,68,car,15.52654509960281,0.04513991987062892,6.045230133569768,-5.485408298266133,,0.0,15.52654509960281,SAFE,0.7200169563293457,22
scene-0916,29,e00dc15130dc44e796687baadd076ae4,69,car,13.474772307585486,0.02926016493193356,6.045230133569768,-5.486380437739473,,0.0,13.474772307585486,SAFE,0.8223194479942322,22
scene-0916,29,e00dc15130dc44e796687baadd076ae4,83,car,8.549870194543749,0.09383977503066601,6.045230133569768,-4.274983669872601,,0.0,8.549870194543749,SAFE,0.9354028701782227,18
scene-0916,29,e00dc15130dc44e796687baadd076ae4,95,truck,8.505207705634694,0.10496011423729783,6.045230133569768,4.026215868966605,2.1124569527410104,0.9172881276250092,6.397431115897855,SAFE,0.6671644449234009,14
scene-0916,29,e00dc15130dc44e796687baadd076ae4,104,car,6.60492840684578,0.05617436048079998,6.045230133569768,-2.2834263815649045,,0.0,6.60492840684578,SAFE,0.9029375910758972,12
scene-0916,29,e00dc15130dc44e796687baadd076ae4,105,car,13.22052789642893,0.01402000026855265,6.045230133569768,5.358554512231487,2.4671817495280917,1.9316142111400973,6.159640246191553,SAFE,0.9410783052444458,11
scene-0916,29,e00dc15130dc44e796687baadd076ae4,111,car,9.381790864822285,0.11030389592072937,6.045230133569768,-4.5777965752757295,,0.0,9.381790864822285,SAFE,0.8922346234321594,10
scene-0916,29,e00dc15130dc44e796687baadd076ae4,121,car,23.69869654981595,0.29879981169005826,6.045230133569768,4.720354811207589,5.020532883152741,3.0229439695068847,14.94867195949336,SAFE,0.5341870188713074,7
scene-0916,29,e00dc15130dc44e796687baadd076ae4,122,car,16.88661929418634,0.14773673313229568,6.045230133569768,3.456480920515463,4.885494722090943,1.5543272906956198,13.94397736334223,SAFE,0.7551263570785522,6
scene-0916,29,e00dc15130dc44e796687baadd076ae4,125,car,18.17003366892602,0.21985687136431337,6.045230133569768,3.9228167999840857,4.631884330922548,1.8249580179603317,14.144655848815985,SAFE,0.9183230400085449,6
scene-0916,29,e00dc15130dc44e796687baadd076ae4,127,car,17.75428583794831,0.09180727994292083,6.045230133569768,5.7396060508108055,3.093293456166778,2.7224663899775994,6.147214375388874,SAFE,0.7539650797843933,5
scene-0916,29,e00dc15130dc44e796687baadd076ae4,128,car,15.013295783298648,0.044709755548040096,6.045230133569768,-2.1221685886653763,,0.0,15.013295783298648,SAFE,0.718730628490448,5
scene-0916,29,e00dc15130dc44e796687baadd076ae4,129,car,34.548520016710825,0.04485979554190489,6.045230133569768,-4.006090688822698,,0.0,34.548520016710825,SAFE,0.45701107382774353,4
scene-0916,29,e00dc15130dc44e796687baadd076ae4,132,car,41.60767253723885,0.19662672213011675,6.045230133569768,-6.203880317057391,,0.0,41.60767253723885,SAFE,0.3041297495365143,3
scene-0916,29,e00dc15130dc44e796687baadd076ae4,133,car,20.06791863792242,0.17171213018580567,6.045230133569768,4.170397395393084,4.811991936329824,2.343574335233543,14.373058836643844,SAFE,0.7891253232955933,4
scene-0916,29,e00dc15130dc44e796687baadd076ae4,136,car,7.408884344368678,0.10076468005629732,6.045230133569768,3.463421979717922,2.139180379334572,0.7230134925240694,6.028181637447432,SAFE,0.8903425335884094,3
scene-0916,29,e00dc15130dc44e796687baadd076ae4,138,car,32.592267013113805,0.11447092756657018,6.045230133569768,5.8043300649885765,5.615164308058341,5.367469347790737,6.845291081946119,SAFE,0.6621381640434265,3
scene-0916,29,e00dc15130dc44e796687baadd076ae4,139,car,15.414253122837364,0.08131080524255646,6.045230133569768,-2.995786895097841,,0.0,15.414253122837364,SAFE,0.7835379838943481,3
scene-0916,29,e00dc15130dc44e796687baadd076ae4,141,car,26.16111101168369,2.4644607137144523,6.045230133569768,-1.5114957872396246,,0.0,26.16111101168369,SAFE,0.5666319131851196,3
scene-0916,29,e00dc15130dc44e796687baadd076ae4,143,car,29.330419813357974,0.17600451859525904,6.045230133569768,5.851301815197222,5.012631503160527,4.970496196314331,2.689109395354161,CAUTION,0.4078211188316345,3
scene-0916,30,e63b83b436a0479db7362338cdfab118,3,car,26.611430173681665,0.13373973000986608,6.0007047196761505,-5.8948681552052635,,0.0,26.611430173681665,SAFE,0.46670374274253845,31
scene-0916,30,e63b83b436a0479db7362338cdfab118,6,truck,36.78402000010223,0.066131980255002,6.0007047196761505,-4.271768995886007,,0.0,36.78402000010223,SAFE,0.49146708846092224,29
scene-0916,30,e63b83b436a0479db7362338cdfab118,7,bus,43.26006479091521,0.044234457322745786,6.0007047196761505,-5.706373022896336,,0.0,43.26006479091521,SAFE,0.9719930291175842,31
scene-0916,30,e63b83b436a0479db7362338cdfab118,17,car,25.002009924865817,0.0850162996923816,6.0007047196761505,-5.773614682014395,,0.0,25.002009924865817,SAFE,0.6365487575531006,30
scene-0916,30,e63b83b436a0479db7362338cdfab118,19,car,31.455322404710437,0.0332907264793558,6.0007047196761505,-5.9095649936897745,,0.0,31.455322404710437,SAFE,0.502332329750061,29
scene-0916,30,e63b83b436a0479db7362338cdfab118,20,car,33.74208803688797,0.025816456207102084,6.0007047196761505,-5.90745824514573,,0.0,33.74208803688797,SAFE,0.6578785181045532,29
scene-0916,30,e63b83b436a0479db7362338cdfab118,28,car,30.122065063183243,0.023553862542957407,6.0007047196761505,-5.8832844048961,,0.0,30.122065063183243,SAFE,0.5708692073822021,28
scene-0916,30,e63b83b436a0479db7362338cdfab118,31,car,13.993743358920145,0.04095893596966703,6.0007047196761505,-5.445504756303077,,0.0,13.993743358920145,SAFE,0.748424768447876,27
scene-0916,30,e63b83b436a0479db7362338cdfab118,42,car,19.011023943279305,0.05536076811653574,6.0007047196761505,-4.1288685914254835,,0.0,19.011023943279305,SAFE,0.506782591342926,26
scene-0916,30,e63b83b436a0479db7362338cdfab118,44,car,22.662468697564186,0.09232097868536684,6.0007047196761505,-5.729113686034157,,0.0,22.662468697564186,SAFE,0.6769452691078186,25
scene-0916,30,e63b83b436a0479db7362338cdfab118,45,car,20.502633223800377,0.07025762719439346,6.0007047196761505,-5.775886564661732,,0.0,20.502633223800377,SAFE,0.8206411600112915,26
scene-0916,30,e63b83b436a0479db7362338cdfab118,67,car,13.138136035721717,0.026878425684010096,6.0007047196761505,-5.260442238586261,,0.0,13.138136035721717,SAFE,0.920458197593689,23
scene-0916,30,e63b83b436a0479db7362338cdfab118,68,car,18.315462313248254,0.09893756802795735,6.0007047196761505,-5.597015709179596,,0.0,18.315462313248254,SAFE,0.7163793444633484,23
scene-0916,30,e63b83b436a0479db7362338cdfab118,69,car,16.182835995721128,0.0291043816147398,6.0007047196761505,-5.583669797541072,,0.0,16.182835995721128,SAFE,0.7177618741989136,23
scene-0916,30,e63b83b436a0479db7362338cdfab118,83,car,10.825255078298337,0.07003100357907194,6.0007047196761505,-4.969133943080424,,0.0,10.825255078298337,SAFE,0.8397940397262573,19
scene-0916,30,e63b83b436a0479db7362338cdfab118,95,truck,6.956636495931593,0.06952093143150818,6.0007047196761505,2.292208820655543,3.0349052116212003,0.4436677169771455,6.428066406923623,SAFE,0.6251232028007507,15
scene-0916,30,e63b83b436a0479db7362338cdfab118,104,car,8.171767896867035,0.06251759278620553,6.0007047196761505,-3.9607877983834894,,0.0,8.171767896867035,SAFE,0.798508882522583,13
scene-0916,30,e63b83b436a0479db7362338cdfab118,105,car,10.663424907049734,0.021604148164126265,6.0007047196761505,4.899372067425999,2.1764880805739697,1.4462517962841246,6.176611314762911,SAFE,0.9049881100654602,12
scene-0916,30,e63b83b436a0479db7362338cdfab118,111,car,11.885694099503567,0.036493207168133646,6.0007047196761505,-5.134700652479889,,0.0,11.885694099503567,SAFE,0.8852740526199341,11
scene-0916,30,e63b83b436a0479db7362338cdfab118,121,car,21.437866500165278,0.2636694999220353,6.0007047196761505,4.3488874879882236,4.929505893030666,2.5819036604793237,14.794221747923393,SAFE,0.327603280544281,8
scene-0916,30,e63b83b436a0479db7362338cdfab118,122,car,15.559937328637501,0.0368838826582192,6.0007047196761505,2.4592754735797384,6.327041234623605,1.0512480400082729,14.20860341843316,SAFE,0.9224237203598022,7
scene-0916,30,e63b83b436a0479db7362338cdfab118,125,car,16.450531753527358,0.07719439426442594,6.0007047196761505,3.1865033293659084,5.162565374378849,1.423320911228875,14.000356299810859,SAFE,0.9070813059806824,7
scene-0916,30,e63b83b436a0479db7362338cdfab118,127,car,14.889578073203229,0.08170615087362325,6.0007047196761505,5.589533444181002,2.663832003492897,2.250443447551277,5.8655426902279,CAUTION,0.838397741317749,6
scene-0916,30,e63b83b436a0479db7362338cdfab118,128,car,16.384160946575058,0.0900408146948126,6.0007047196761505,-3.0666840173331615,,0.0,16.384160946575058,SAFE,0.8288494348526001,6
scene-0916,30,e63b83b436a0479db7362338cdfab118,133,car,18.07625183986543,0.14601288825841816,6.0007047196761505,3.648091132355777,4.95498911185165,1.8489402627832099,14.311698281902041,SAFE,0.6836773753166199,5
scene-0916,30,e63b83b436a0479db7362338cdfab118,136,car,6.091598124092457,0.10894303031212242,6.0007047196761505,1.4166588162901799,4.299975445071942,0.247961553090337,5.913351830966338,CAUTION,0.9042332172393799,4
scene-0916,30,e63b83b436a0479db7362338cdfab118,138,car,29.657960774572576,0.057446593672991354,6.0007047196761505,5.787169148371296,5.1247786291021615,4.844902179541433,6.930856535041464,SAFE,0.43951353430747986,4
scene-0916,30,e63b83b436a0479db7362338cdfab118,139,car,17.10657907585362,0.03794303983274687,6.0007047196761505,-3.7257978204605244,,0.0,17.10657907585362,SAFE,0.631467878818512,4
scene-0916,30,e63b83b436a0479db7362338cdfab118,140,car,27.106596454747006,0.05402563839631253,6.0007047196761505,1.7202789048127487,15.757094026388437,1.3184531284773655,25.947772686279503,SAFE,0.5722381472587585,3
scene-0916,30,e63b83b436a0479db7362338cdfab118,141,car,26.86016905189501,1.8222049882487488,6.0007047196761505,-2.2238836006858698,,0.0,26.86016905189501,SAFE,0.735432505607605,4
scene-0916,30,e63b83b436a0479db7362338cdfab118,142,car,25.799338489873744,0.0949059707564321,6.0007047196761505,0.7213228868412416,35.76669888134578,0.5295771856411956,25.607628134700757,SAFE,0.49055078625679016,3
scene-0916,30,e63b83b436a0479db7362338cdfab118,143,car,26.363001089669694,0.14493316064360356,6.0007047196761505,5.8647729411130305,4.495144373767769,4.457796989844203,2.4029963893260975,CAUTION,0.4558793306350708,4
scene-0916,30,e63b83b436a0479db7362338cdfab118,146,car,37.73635684916351,0.5006401681202813,6.0007047196761505,5.764839889765605,6.5459505503626145,6.207093083890512,8.585827124450958,SAFE,0.45409440994262695,3
scene-0916,31,c567f9b8e9f34817acdc9c49d791c557,3,car,29.469471829152727,0.034378594865561725,5.87664379112829,-5.753291803326707,,0.0,29.469471829152727,SAFE,0.761885404586792,32
scene-0916,31,c567f9b8e9f34817acdc9c49d791c557,7,bus,46.06540174755359,0.00913253947547105,5.87664379112829,-5.5918364988933895,,0.0,46.06540174755359,SAFE,0.9816702604293823,32
scene-0916,31,c567f9b8e9f34817acdc9c49d791c557,19,car,34.23901606607209,0.13936960495115044,5.87664379112829,-5.698111592750459,,0.0,34.23901606607209,SAFE,0.4597814679145813,30
scene-0916,31,c567f9b8e9f34817acdc9c49d791c557,20,car,36.63915280631264,0.16718632876558626,5.87664379112829,-5.761861934306355,,0.0,36.63915280631264,SAFE,0.4938606321811676,30
scene-0916,31,c567f9b8e9f34817acdc9c49d791c557,28,car,33.01663483138864,0.055734237576320886,5.87664379112829,-5.747317898282739,,0.0,33.01663483138864,SAFE,0.5036777257919312,29
scene-0916,31,c567f9b8e9f34817acdc9c49d791c557,31,car,16.697879391465563,0.03227155805846286,5.87664379112829,-5.468885692896515,,0.0,16.697879391465563,SAFE,0.9163925647735596,28
scene-0916,31,c567f9b8e9f34817acdc9c49d791c557,44,car,25.720216340732566,0.06660521114141434,5.87664379112829,-5.767671736390037,,0.0,25.720216340732566,SAFE,0.48850443959236145,26
scene-0916,31,c567f9b8e9f34817acdc9c49d791c557,45,car,23.4184029831181,0.05738762561653626,5.87664379112829,-5.719054585236737,,0.0,23.4184029831181,SAFE,0.7416090965270996,27
scene-0916,31,c567f9b8e9f34817acdc9c49d791c557,67,car,15.84789601378873,0.014458285551057855,5.87664379112829,-5.395481633079552,,0.0,15.84789601378873,SAFE,0.753092348575592,24
scene-0916,31,c567f9b8e9f34817acdc9c49d791c557,68,car,21.18666370369836,0.08120595521998097,5.87664379112829,-5.604167740009984,,0.0,21.18666370369836,SAFE,0.5670903325080872,24
scene-0916,31,c567f9b8e9f34817acdc9c49d791c557,69,car,18.91946602579831,0.06238187351503505,5.87664379112829,-5.5298567943858945,,0.0,18.91946602579831,SAFE,0.8456833362579346,24
scene-0916,31,c567f9b8e9f34817acdc9c49d791c557,83,car,13.34180431730253,0.05379952264968296,5.87664379112829,-5.20273930665469,,0.0,13.34180431730253,SAFE,0.9481410980224609,20
scene-0916,31,c567f9b8e9f34817acdc9c49d791c557,95,truck,6.550864097592476,0.0379048451415866,5.87664379112829,-0.3251206246859728,,0.0,6.550864097592476,SAFE,0.7033772468566895,16
scene-0916,31,c567f9b8e9f34817acdc9c49d791c557,104,car,10.370905814234538,0.07012432032013316,5.87664379112829,-4.69994809493553,,0.0,10.370905814234538,SAFE,0.9320115447044373,14
scene-0916,31,c567f9b8e9f34817acdc9c49d791c557,105,car,8.49539413568711,0.0804927719708791,5.87664379112829,3.988700149533739,2.1298653238399443,1.0076811145548774,6.166511383322461,SAFE,0.8767157196998596,13
scene-0916,31,c567f9b8e9f34817acdc9c49d791c557,111,car,14.524204678673927,0.048458844101624016,5.87664379112829,-5.295990862362424,,0.0,14.524204678673927,SAFE,0.9108806848526001,12
scene-0916,31,c567f9b8e9f34817acdc9c49d791c557,121,car,19.144348404052852,0.08485395923012974,5.87664379112829,4.039857109903505,4.738867708246772,2.3045743783836987,13.721125966254636,SAFE,0.6979579925537109,9
scene-0916,31,c567f9b8e9f34817acdc9c49d791c557,122,car,14.560754512219335,0.06671421735115332,5.87664379112829,1.4272449331215111,10.20200119426851,0.6101484489954881,14.118626400690133,SAFE,0.6849530339241028,8
scene-0916,31,c567f9b8e9f34817acdc9c49d791c557,125,car,15.040072694145145,0.02679084098963741,5.87664379112829,2.3007395642722503,6.537060051341573,1.0068354369889265,13.83343658451455,SAFE,0.8304404020309448,8
scene-0916,31,c567f9b8e9f34817acdc9c49d791c557,127,car,12.181454631527897,0.06776902853405337,5.87664379112829,5.228445258716942,2.3298426260117755,1.8190267998566778,5.703849144853351,CAUTION,0.8791269063949585,7
scene-0916,31,c567f9b8e9f34817acdc9c49d791c557,128,car,17.979040768040797,0.05517543494159839,5.87664379112829,-3.611251636613129,,0.0,17.979040768040797,SAFE,0.7560688257217407,7
scene-0916,31,c567f9b8e9f34817acdc9c49d791c557,129,car,38.96576404649675,0.10012266125684115,5.87664379112829,-4.439483314307716,,0.0,38.96576404649675,SAFE,0.48885995149612427,5
scene-0916,31,c567f9b8e9f34817acdc9c49d791c557,133,car,16.34364718990563,0.09205271485683719,5.87664379112829,2.968724202769001,5.50527636574038,1.4415408166174983,14.041779046134916,SAFE,0.644814670085907,6
scene-0916,31,c567f9b8e9f34817acdc9c49d791c557,136,car,6.100947173563429,0.07979750236595459,5.87664379112829,-1.4383648845881596,,0.0,6.100947173563429,SAFE,0.7316079139709473,5
scene-0916,31,c567f9b8e9f34817acdc9c49d791c557,138,car,26.699283767808392,0.025145969492128956,5.87664379112829,5.6877477829503285,4.6941750560463555,4.362571619362463,7.09625939045853,SAFE,0.5411844849586487,5
scene-0916,31,c567f9b8e9f34817acdc9c49d791c557,139,car,19.07421397452914,0.06655040466015696,5.87664379112829,-4.15981732166927,,0.0,19.07421397452914,SAFE,0.5309180617332458,5
scene-0916,31,c567f9b8e9f34817acdc9c49d791c557,141,car,27.896327269668845,1.226334861477911,5.87664379112829,-2.7234005925247864,,0.0,27.896327269668845,SAFE,0.5551513433456421,5
scene-0916,31,c567f9b8e9f34817acdc9c49d791c557,142,car,25.50048007536798,0.12241095726537102,5.87664379112829,0.09220166023292453,,0.06863716922900154,25.497315648548334,SAFE,0.5360438823699951,4
scene-0916,31,c567f9b8e9f34817acdc9c49d791c557,143,car,23.36809089308056,0.09334157822285677,5.87664379112829,5.790258329903272,4.035759643468434,3.991678412513796,2.4422349578731386,CAUTION,0.7410710453987122,5
scene-0916,31,c567f9b8e9f34817acdc9c49d791c557,146,car,34.748819964028606,0.25340626699361135,5.87664379112829,5.738949744767466,6.054909262049406,5.814737901371578,6.920649434433506,SAFE,0.6258941888809204,4
scene-0916,31,c567f9b8e9f34817acdc9c49d791c557,150,car,26.501203529709912,0.10418511362315817,5.87664379112829,-1.575884571447776,,0.0,26.501203529709912,SAFE,0.5616196393966675,3
scene-0916,31,c567f9b8e9f34817acdc9c49d791c557,151,car,28.672025044680048,0.09061439622750292,5.87664379112829,-2.544829489988615,,0.0,28.672025044680048,SAFE,0.7745301127433777,3
scene-0916,31,c567f9b8e9f34817acdc9c49d791c557,152,car,29.676464439249372,0.14497597320578018,5.87664379112829,5.411042315357122,5.48442660576214,4.865371302787991,9.970369852106225,SAFE,0.6503334045410156,3
scene-0916,32,8e352d4a6c6f40c8ad4f10a3d2c3f158,3,car,32.20834485594907,0.04991130414368833,5.5744558187743944,-5.416686727001184,,0.0,32.20834485594907,SAFE,0.6050869822502136,33
scene-0916,32,8e352d4a6c6f40c8ad4f10a3d2c3f158,6,truck,41.06702512032116,0.062411075207884026,5.5744558187743944,-4.315764824725898,,0.0,41.06702512032116,SAFE,0.37590551376342773,30
scene-0916,32,8e352d4a6c6f40c8ad4f10a3d2c3f158,7,bus,48.75683907269827,0.05431419170111617,5.5744558187743944,-5.312165348599086,,0.0,48.75683907269827,SAFE,0.9778627157211304,33
scene-0916,32,8e352d4a6c6f40c8ad4f10a3d2c3f158,19,car,37.10322372982566,0.05971402039330841,5.5744558187743944,-5.450629998461637,,0.0,37.10322372982566,SAFE,0.3297876715660095,31
scene-0916,32,8e352d4a6c6f40c8ad4f10a3d2c3f158,20,car,39.49244920710413,0.03884494173682743,5.5744558187743944,-5.4863912503397705,,0.0,39.49244920710413,SAFE,0.4706611633300781,31
scene-0916,32,8e352d4a6c6f40c8ad4f10a3d2c3f158,31,car,19.39758503347557,0.03909967239031847,5.5744558187743944,-5.2957504542956295,,0.0,19.39758503347557,SAFE,0.706121027469635,29
scene-0916,32,8e352d4a6c6f40c8ad4f10a3d2c3f158,45,car,26.084508212303213,0.07034588004479185,5.5744558187743944,-5.384602899829468,,0.0,26.084508212303213,SAFE,0.6387836933135986,28
scene-0916,32,8e352d4a6c6f40c8ad4f10a3d2c3f158,67,car,18.469266908695218,0.04502632004287228,5.5744558187743944,-5.188854478070844,,0.0,18.469266908695218,SAFE,0.8424773216247559,25
scene-0916,32,8e352d4a6c6f40c8ad4f10a3d2c3f158,68,car,23.883668939639122,0.04612081296886347,5.5744558187743944,-5.322136066299883,,0.0,23.883668939639122,SAFE,0.7160373330116272,25
scene-0916,32,8e352d4a6c6f40c8ad4f10a3d2c3f158,69,car,21.771441644680813,0.04786818085986982,5.5744558187743944,-5.403987065761685,,0.0,21.771441644680813,SAFE,0.7778547406196594,25
scene-0916,32,8e352d4a6c6f40c8ad4f10a3d2c3f158,83,car,15.934048495893082,0.03885180318171454,5.5744558187743944,-5.101422644168273,,0.0,15.934048495893082,SAFE,0.9151995182037354,21
scene-0916,32,8e352d4a6c6f40c8ad4f10a3d2c3f158,95,truck,7.401681613792506,0.06134464311385031,5.5744558187743944,-2.469995248648921,,0.0,7.401681613792506,SAFE,0.7659174203872681,17
scene-0916,32,8e352d4a6c6f40c8ad4f10a3d2c3f158,104,car,12.767653816988705,0.07927097599908647,5.5744558187743944,-4.860229598259483,,0.0,12.767653816988705,SAFE,0.9234440326690674,15
scene-0916,32,8e352d4a6c6f40c8ad4f10a3d2c3f158,105,car,6.786633673771426,0.05720244947370723,5.5744558187743944,2.4012870336615992,2.8262484153853267,0.5348284956410877,6.11084944237598,SAFE,0.9245036840438843,14
scene-0916,32,8e352d4a6c6f40c8ad4f10a3d2c3f158,111,car,17.19874355106303,0.08253296122706288,5.5744558187743944,-5.206447748769136,,0.0,17.19874355106303,SAFE,0.7954508066177368,13
scene-0916,32,8e352d4a6c6f40c8ad4f10a3d2c3f158,121,car,17.223931945605436,0.068870103111376,5.5744558187743944,3.33598553110379,5.163071537635384,1.8862976026297364,13.721496203641635,SAFE,0.8772198557853699,10
scene-0916,32,8e352d4a6c6f40c8ad4f10a3d2c3f158,122,car,14.148030873994712,0.10538400544814348,5.5744558187743944,0.2532075297411782,55.8752375510177,0.11928357276731907,14.132921056101424,SAFE,0.860617995262146,9
scene-0916,32,8e352d4a6c6f40c8ad4f10a3d2c3f158,125,car,14.088267195644166,0.08027988094364565,5.5744558187743944,1.2053268577493004,11.688337570068839,0.552969799841912,13.7509749016833,SAFE,0.8319404721260071,9
scene-0916,32,8e352d4a6c6f40c8ad4f10a3d2c3f158,127,car,9.725342383032919,0.08315283217250337,5.5744558187743944,4.532025818706728,2.1459150437514873,1.4121758740507877,5.6868200965706235,CAUTION,0.9154434204101562,8
scene-0916,32,8e352d4a6c6f40c8ad4f10a3d2c3f158,128,car,19.89752398706016,0.047681743350330645,5.5744558187743944,-3.94688613087772,,0.0,19.89752398706016,SAFE,0.8749402761459351,8
scene-0916,32,8e352d4a6c6f40c8ad4f10a3d2c3f158,131,car,25.74249471044415,0.07809630987015549,5.5744558187743944,-0.6586975638410371,,0.0,25.74249471044415,SAFE,0.617057204246521,3
scene-0916,32,8e352d4a6c6f40c8ad4f10a3d2c3f158,136,car,7.469374493197708,0.11636965778665172,5.5744558187743944,-3.3203437775229103,,0.0,7.469374493197708,SAFE,0.9184783697128296,6
scene-0916,32,8e352d4a6c6f40c8ad4f10a3d2c3f158,138,car,23.92229302458828,0.047959128634673574,5.5744558187743944,5.366920468203876,4.457359330423291,4.109263659448076,6.685182902876015,SAFE,0.7617448568344116,6
scene-0916,32,8e352d4a6c6f40c8ad4f10a3d2c3f158,139,car,21.171922190454882,0.07862329466581247,5.5744558187743944,-4.304727379353106,,0.0,21.171922190454882,SAFE,0.5186738967895508,6
scene-0916,32,8e352d4a6c6f40c8ad4f10a3d2c3f158,140,car,25.99200836502311,0.11801993520252078,5.5744558187743944,0.43721374359516485,59.44920246855332,0.3816144741673437,25.908450509710413,SAFE,0.43200555443763733,4
scene-0916,32,8e352d4a6c6f40c8ad4f10a3d2c3f158,141,car,29.141038761023164,0.8351336929580512,5.5744558187743944,-3.0419307456427127,,0.0,29.141038761023164,SAFE,0.46495622396469116,6
scene-0916,32,8e352d4a6c6f40c8ad4f10a3d2c3f158,143,car,20.54352498953812,0.0833555040844803,5.5744558187743944,5.467776740805185,3.7571989427119297,3.6924190836294937,2.6975087893438126,WARNING,0.48921382427215576,6
scene-0916,32,8e352d4a6c6f40c8ad4f10a3d2c3f158,146,car,31.869524687462427,0.06358426771563759,5.5744558187743944,5.477334820653833,5.818436471564494,5.613820723418264,5.976431771425098,CAUTION,0.5228486061096191,5
scene-0916,32,8e352d4a6c6f40c8ad4f10a3d2c3f158,150,car,27.405635122899124,0.011882142613316509,5.5744558187743944,-2.063427105301524,,0.0,27.405635122899124,SAFE,0.4339275360107422,4
scene-0916,32,8e352d4a6c6f40c8ad4f10a3d2c3f158,151,car,30.019580193417486,0.0386559395892742,5.5744558187743944,-2.87846459315935,,0.0,30.019580193417486,SAFE,0.729706883430481,4
scene-0916,32,8e352d4a6c6f40c8ad4f10a3d2c3f158,152,car,26.943361750064824,0.07153491161878754,5.5744558187743944,5.1360295435299275,5.245951473158193,4.500070689267577,10.159547307975842,SAFE,0.6933470964431763,4
scene-0916,32,8e352d4a6c6f40c8ad4f10a3d2c3f158,155,car,30.9914661802392,0.2401828188781012,5.5744558187743944,-3.0777166925059887,,0.0,30.9914661802392,SAFE,0.570655882358551,3
scene-0916,33,841dd6709e9b4d7c9d6bf888f1fe6d7e,3,car,34.90703741403588,0.11206819064037969,5.137315060058798,-5.013342828051581,,0.0,34.90703741403588,SAFE,0.5682429075241089,34
scene-0916,33,841dd6709e9b4d7c9d6bf888f1fe6d7e,7,bus,51.34503889332704,0.061715672763895835,5.137315060058798,-4.964512332720691,,0.0,51.34503889332704,SAFE,0.800586462020874,34
scene-0916,33,841dd6709e9b4d7c9d6bf888f1fe6d7e,20,car,42.14659966947244,0.02761551401624691,5.137315060058798,-5.03524521498529,,0.0,42.14659966947244,SAFE,0.4332902133464813,32
scene-0916,33,841dd6709e9b4d7c9d6bf888f1fe6d7e,31,car,21.902230517380325,0.11001267832891129,5.137315060058798,-4.929447296415772,,0.0,21.902230517380325,SAFE,0.8305951356887817,30
scene-0916,33,841dd6709e9b4d7c9d6bf888f1fe6d7e,45,car,28.7245136751719,0.08573080426098127,5.137315060058798,-5.0263592915212145,,0.0,28.7245136751719,SAFE,0.5790914297103882,29
scene-0916,33,841dd6709e9b4d7c9d6bf888f1fe6d7e,67,car,20.913406035078378,0.11718070589266322,5.137315060058798,-4.740428136054685,,0.0,20.913406035078378,SAFE,0.8604047298431396,26
scene-0916,33,841dd6709e9b4d7c9d6bf888f1fe6d7e,68,car,26.38090545177606,0.18225135070943244,5.137315060058798,-4.859339303182686,,0.0,26.38090545177606,SAFE,0.4683769643306732,26
scene-0916,33,841dd6709e9b4d7c9d6bf888f1fe6d7e,69,car,24.267453449714363,0.08556219043988965,5.137315060058798,-4.974559004174113,,0.0,24.267453449714363,SAFE,0.755313515663147,26
scene-0916,33,841dd6709e9b4d7c9d6bf888f1fe6d7e,83,car,18.3860011367936,0.08009938733210946,5.137315060058798,-4.714234152008147,,0.0,18.3860011367936,SAFE,0.9355716109275818,22
scene-0916,33,841dd6709e9b4d7c9d6bf888f1fe6d7e,95,truck,8.826625666363801,0.020048201533052968,5.137315060058798,-3.277111296257091,,0.0,8.826625666363801,SAFE,0.7258313894271851,18
scene-0916,33,841dd6709e9b4d7c9d6bf888f1fe6d7e,104,car,15.198856772253423,0.06539591328684394,5.137315060058798,-4.7286833422966765,,0.0,15.198856772253423,SAFE,0.8942225575447083,16
scene-0916,33,841dd6709e9b4d7c9d6bf888f1fe6d7e,105,car,6.101155756859962,0.07250403306641884,5.137315060058798,0.08835006547118018,,0.02090409733765406,6.100232247781709,SAFE,0.8346885442733765,15
scene-0916,33,841dd6709e9b4d7c9d6bf888f1fe6d7e,111,car,19.697805605659767,0.04032050327911655,5.137315060058798,-4.903380161763182,,0.0,19.697805605659767,SAFE,0.7894644737243652,14
scene-0916,33,841dd6709e9b4d7c9d6bf888f1fe6d7e,121,car,15.715825192169364,0.07246525786373206,5.137315060058798,2.3695795410554568,6.632326503447624,1.4262199568230647,13.92389586188318,SAFE,0.8518752455711365,11
scene-0916,33,841dd6709e9b4d7c9d6bf888f1fe6d7e,122,car,14.413127423745259,0.05483231219655948,5.137315060058798,-0.9672440444731429,,0.0,14.413127423745259,SAFE,0.8267180323600769,10
scene-0916,33,841dd6709e9b4d7c9d6bf888f1fe6d7e,125,car,13.81457996356844,0.08490078089919675,5.137315060058798,-0.03296892295836118,,0.0,13.81457996356844,SAFE,0.5276603698730469,10
scene-0916,33,841dd6709e9b4d7c9d6bf888f1fe6d7e,127,car,7.79995997238029,0.08421529567802298,5.137315060058798,3.30753837836377,2.3582371782603193,0.9976118603420531,5.924721042553068,CAUTION,0.8074360489845276,9
scene-0916,33,841dd6709e9b4d7c9d6bf888f1fe6d7e,128,car,21.86732471193159,0.038071538762434146,5.137315060058798,-4.041033671743556,,0.0,21.86732471193159,SAFE,0.6585388779640198,9
scene-0916,33,841dd6709e9b4d7c9d6bf888f1fe6d7e,129,car,43.492938195575526,0.22185584632424699,5.137315060058798,-4.311693671616839,,0.0,43.492938195575526,SAFE,0.31765225529670715,6
scene-0916,33,841dd6709e9b4d7c9d6bf888f1fe6d7e,131,car,26.16075356810396,0.12869584539134604,5.137315060058798,-1.2374919158734672,,0.0,26.16075356810396,SAFE,0.6393337249755859,4
scene-0916,33,841dd6709e9b4d7c9d6bf888f1fe6d7e,136,car,9.277717130386014,0.12352398881389799,5.137315060058798,-3.9661504537007466,,0.0,9.277717130386014,SAFE,0.7220619916915894,7
scene-0916,33,841dd6709e9b4d7c9d6bf888f1fe6d7e,138,car,21.36724662990836,0.036922560807101684,5.137315060058798,4.927991889956958,4.33589322122342,3.996716528924243,5.97616079227483,CAUTION,0.8194279670715332,7
scene-0916,33,841dd6709e9b4d7c9d6bf888f1fe6d7e,139,car,23.413660204886234,0.03042318088734958,5.137315060058798,-4.33339795073009,,0.0,23.413660204886234,SAFE,0.6926513314247131,7
scene-0916,33,841dd6709e9b4d7c9d6bf888f1fe6d7e,141,car,30.172799726701708,0.44821992675779576,5.137315060058798,-3.018290533573852,,0.0,30.172799726701708,SAFE,0.7466344237327576,7
scene-0916,33,841dd6709e9b4d7c9d6bf888f1fe6d7e,143,car,17.807510802272738,0.06323135627767967,5.137315060058798,5.052066227087707,3.5247975782253316,3.4034216038781513,3.304475150727306,WARNING,0.8317062854766846,7
scene-0916,33,841dd6709e9b4d7c9d6bf888f1fe6d7e,146,car,29.318524287205765,0.12102950293946738,5.137315060058798,4.9278830323784675,5.949517083617756,5.573189939269288,7.3736755008989725,SAFE,0.6237407326698303,6
scene-0916,33,841dd6709e9b4d7c9d6bf888f1fe6d7e,150,car,28.55116766468546,0.030789360505846224,5.137315060058798,-2.4871266210401144,,0.0,28.55116766468546,SAFE,0.7911660075187683,5
scene-0916,33,841dd6709e9b4d7c9d6bf888f1fe6d7e,151,car,31.409677057194592,0.05239851164796451,5.137315060058798,-3.0365762748074694,,0.0,31.409677057194592,SAFE,0.48290830850601196,5
scene-0916,33,841dd6709e9b4d7c9d6bf888f1fe6d7e,152,car,24.544259562494535,0.04038697377227843,5.137315060058798,4.519286830019564,5.431002829795665,4.266840988822086,11.363617330832462,SAFE,0.7198565006256104,5
scene-0916,33,841dd6709e9b4d7c9d6bf888f1fe6d7e,153,car,30.572385866716555,0.08212114852479048,5.137315060058798,4.9363168720272546,6.193359676718046,5.7382756434554585,8.287279389326377,SAFE,0.3895726203918457,3
scene-0916,33,841dd6709e9b4d7c9d6bf888f1fe6d7e,154,car,34.079351993922366,0.035642597214373586,5.137315060058798,3.8226697297951677,8.915065753208154,5.003339819044494,22.57424647668578,SAFE,0.5657387971878052,3
scene-0916,33,841dd6709e9b4d7c9d6bf888f1fe6d7e,155,car,32.57037002124524,0.13110055072102714,5.137315060058798,-3.233295897044014,,0.0,32.57037002124524,SAFE,0.5993283987045288,4
scene-0916,34,e54b784a608644a2804fcf800c7499f7,3,car,37.15717411421402,0.06541881628710434,4.712794708234075,-4.466736650178776,,0.0,37.15717411421402,SAFE,0.4380987584590912,35
scene-0916,34,e54b784a608644a2804fcf800c7499f7,20,car,44.51749589794084,0.07555474334938514,4.712794708234075,-4.551476066159214,,0.0,44.51749589794084,SAFE,0.507820188999176,33
scene-0916,34,e54b784a608644a2804fcf800c7499f7,31,car,24.39589415094207,0.04486321119202392,4.712794708234075,-4.673806566228343,,0.0,24.39589415094207,SAFE,0.4758470058441162,31
scene-0916,34,e54b784a608644a2804fcf800c7499f7,44,car,35.69022151830772,0.6454850455724706,4.712794708234075,-5.349368027147249,,0.0,35.69022151830772,SAFE,0.33800560235977173,27
scene-0916,34,e54b784a608644a2804fcf800c7499f7,45,car,31.124355358104022,0.07247378381632819,4.712794708234075,-4.6505911583007205,,0.0,31.124355358104022,SAFE,0.7151268124580383,30
scene-0916,34,e54b784a608644a2804fcf800c7499f7,67,car,23.180077051873894,0.10932447136519369,4.712794708234075,-4.299885621759567,,0.0,23.180077051873894,SAFE,0.6321942210197449,27
scene-0916,34,e54b784a608644a2804fcf800c7499f7,68,car,28.916988948704457,0.0730505284245663,4.712794708234075,-4.53487889479353,,0.0,28.916988948704457,SAFE,0.4457022249698639,27
scene-0916,34,e54b784a608644a2804fcf800c7499f7,83,car,20.589066737176456,0.1007196021814311,4.712794708234075,-4.255319312185072,,0.0,20.589066737176456,SAFE,0.872715175151825,23
scene-0916,34,e54b784a608644a2804fcf800c7499f7,95,truck,10.410879905278234,0.07198211245913128,4.712794708234075,-3.346697555176757,,0.0,10.410879905278234,SAFE,0.8210497498512268,19
scene-0916,34,e54b784a608644a2804fcf800c7499f7,104,car,17.554555120014232,0.03732697338706175,4.712794708234075,-4.537992835397107,,0.0,17.554555120014232,SAFE,0.8907252550125122,17
scene-0916,34,e54b784a608644a2804fcf800c7499f7,105,car,6.6339427757291505,0.0682392147239671,4.712794708234075,-1.9340856967268472,,0.0,6.6339427757291505,SAFE,0.9189627170562744,16
scene-0916,34,e54b784a608644a2804fcf800c7499f7,111,car,22.139129679526942,0.02618244546076388,4.712794708234075,-4.6509257517826645,,0.0,22.139129679526942,SAFE,0.5565761923789978,15
scene-0916,34,e54b784a608644a2804fcf800c7499f7,121,car,15.022073644031304,0.07703587217777752,4.712794708234075,1.08724366390372,13.81665779508426,0.7468976518717201,14.610402984016039,SAFE,0.6424179077148438,12
scene-0916,34,e54b784a608644a2804fcf800c7499f7,125,car,14.185517564038344,0.024830069778826735,4.712794708234075,-1.204401282307289,,0.0,14.185517564038344,SAFE,0.8832985162734985,11
scene-0916,34,e54b784a608644a2804fcf800c7499f7,127,car,6.556570248181698,0.052783472852565294,4.712794708234075,1.5492901089850146,4.2319835453394195,0.4610954781698823,6.1890865222612055,SAFE,0.9259151816368103,10
scene-0916,34,e54b784a608644a2804fcf800c7499f7,128,car,23.99240986529293,0.14061636789933152,4.712794708234075,-4.100422417810643,,0.0,23.99240986529293,SAFE,0.6451859474182129,10
scene-0916,34,e54b784a608644a2804fcf800c7499f7,131,car,26.933671229518623,0.06998679746438813,4.712794708234075,-1.8426794815688647,,0.0,26.933671229518623,SAFE,0.3058055341243744,5
scene-0916,34,e54b784a608644a2804fcf800c7499f7,136,car,11.311507029303717,0.06274004092853773,4.712794708234075,-4.152885501968957,,0.0,11.311507029303717,SAFE,0.9271804690361023,8
scene-0916,34,e54b784a608644a2804fcf800c7499f7,138,car,18.946012247646518,0.08600556441048804,4.712794708234075,4.617347124190757,4.103224587206452,3.8821344792148063,4.39784405445628,CAUTION,0.8725515604019165,8
scene-0916,34,e54b784a608644a2804fcf800c7499f7,139,car,25.532665901979065,0.07646941932738427,4.712794708234075,-4.247426160590348,,0.0,25.532665901979065,SAFE,0.6588144302368164,8
scene-0916,34,e54b784a608644a2804fcf800c7499f7,141,car,31.5378365485586,0.2557655359510649,4.712794708234075,-3.1736554555103824,,0.0,31.5378365485586,SAFE,0.8072423934936523,8
scene-0916,34,e54b784a608644a2804fcf800c7499f7,143,car,15.497036790916132,0.02870254677260007,4.712794708234075,4.470445005450011,3.4665535023970495,3.1553485833658623,4.643259295827561,CAUTION,0.8022702932357788,8
scene-0916,34,e54b784a608644a2804fcf800c7499f7,146,car,26.940168908634547,0.06405806517021474,4.712794708234075,4.435326372952746,6.07399921523691,5.407079377494812,8.926881432997027,SAFE,0.7881721258163452,7
scene-0916,34,e54b784a608644a2804fcf800c7499f7,150,car,29.952998172747208,0.0701703307297774,4.712794708234075,-2.8973724907123106,,0.0,29.952998172747208,SAFE,0.750853419303894,6
scene-0916,34,e54b784a608644a2804fcf800c7499f7,151,car,32.95880029885054,0.07810247136180413,4.712794708234075,-3.243340637278387,,0.0,32.95880029885054,SAFE,0.6358006596565247,6
scene-0916,34,e54b784a608644a2804fcf800c7499f7,152,car,22.442325754121473,0.02523940315177585,4.712794708234075,3.860313832278644,5.813601362269126,3.936078642912816,12.753748187758227,SAFE,0.7963414788246155,6
scene-0916,34,e54b784a608644a2804fcf800c7499f7,154,car,32.31426627029463,0.052358436872967797,4.712794708234075,3.111879723395314,10.38416299555342,4.448393869647989,24.43132670560608,SAFE,0.7680851221084595,4
scene-0916,34,e54b784a608644a2804fcf800c7499f7,155,car,34.111268182792436,0.1996277167348056,4.712794708234075,-3.2940849551184654,,0.0,34.111268182792436,SAFE,0.3720614016056061,5
scene-0916,34,e54b784a608644a2804fcf800c7499f7,159,car,31.23783538862995,0.12227521984676872,4.712794708234075,2.3827667683656277,13.109900559028027,3.427677327053417,26.845331979923383,SAFE,0.7120874524116516,3
scene-0916,35,a1289b27ca1d41deb6fc982be9a3d03c,3,car,39.281061270850806,0.074945724274334,4.2985499127583235,-3.9549496926830683,,0.0,39.281061270850806,SAFE,0.4835541844367981,36
scene-0916,35,a1289b27ca1d41deb6fc982be9a3d03c,19,car,44.15869719541693,0.04730567236731799,4.2985499127583235,-3.9967014720714005,,0.0,44.15869719541693,SAFE,0.39957770705223083,32
scene-0916,35,a1289b27ca1d41deb6fc982be9a3d03c,31,car,26.667995368805034,0.05823422195508614,4.2985499127583235,-4.304238125401385,,0.0,26.667995368805034,SAFE,0.746208906173706,32
scene-0916,35,a1289b27ca1d41deb6fc982be9a3d03c,45,car,33.38268242097348,0.046978085312133655,4.2985499127583235,-4.253367684899971,,0.0,33.38268242097348,SAFE,0.5918325781822205,31
scene-0916,35,a1289b27ca1d41deb6fc982be9a3d03c,67,car,25.31923669826481,0.06573642856259473,4.2985499127583235,-3.857234967430819,,0.0,25.31923669826481,SAFE,0.8519235849380493,28
scene-0916,35,a1289b27ca1d41deb6fc982be9a3d03c,68,car,31.128309899512736,0.108950464251863,4.2985499127583235,-4.051351886318094,,0.0,31.128309899512736,SAFE,0.5907788872718811,28
scene-0916,35,a1289b27ca1d41deb6fc982be9a3d03c,83,car,22.672661430004702,0.05297024139108095,4.2985499127583235,-3.804044503589104,,0.0,22.672661430004702,SAFE,0.8311956524848938,24
scene-0916,35,a1289b27ca1d41deb6fc982be9a3d03c,95,truck,12.200379325548175,0.04254011335502496,4.2985499127583235,-3.213176914929059,,0.0,12.200379325548175,SAFE,0.9067016839981079,20
scene-0916,35,a1289b27ca1d41deb6fc982be9a3d03c,104,car,19.772839637035563,0.02608051732148155,4.2985499127583235,-4.240788885086227,,0.0,19.772839637035563,SAFE,0.8881986141204834,18
scene-0916,35,a1289b27ca1d41deb6fc982be9a3d03c,105,car,7.903180835311939,0.05609062780840968,4.2985499127583235,-3.0039872373637033,,0.0,7.903180835311939,SAFE,0.6488111615180969,17
scene-0916,35,a1289b27ca1d41deb6fc982be9a3d03c,111,car,24.418951343872028,0.035144021271159814,4.2985499127583235,-4.31467923026082,,0.0,24.418951343872028,SAFE,0.7775297164916992,16
scene-0916,35,a1289b27ca1d41deb6fc982be9a3d03c,121,car,14.542041337752574,0.07460777594179445,4.2985499127583235,0.05897873936303144,,0.04717257571704252,14.54065018168635,SAFE,0.8453851342201233,13
scene-0916,35,a1289b27ca1d41deb6fc982be9a3d03c,125,car,15.059805166819388,0.022089705827744763,4.2985499127583235,-2.093157377952025,,0.0,15.059805166819388,SAFE,0.8570278286933899,12
scene-0916,35,a1289b27ca1d41deb6fc982be9a3d03c,127,car,6.3665282215721275,0.025970590644447046,4.2985499127583235,-0.5314820304901355,,0.0,6.3665282215721275,SAFE,0.6701750159263611,11
scene-0916,35,a1289b27ca1d41deb6fc982be9a3d03c,128,car,25.95988666083484,0.09583177842644189,4.2985499127583235,-3.9655413022431834,,0.0,25.95988666083484,SAFE,0.768876314163208,11
scene-0916,35,a1289b27ca1d41deb6fc982be9a3d03c,129,car,47.62534855184347,0.07959677518869213,4.2985499127583235,-4.024934078251503,,0.0,47.62534855184347,SAFE,0.32956093549728394,7
scene-0916,35,a1289b27ca1d41deb6fc982be9a3d03c,136,car,13.415848368779534,0.04643967287112911,4.2985499127583235,-4.080736513041902,,0.0,13.415848368779534,SAFE,0.711012601852417,9
scene-0916,35,a1289b27ca1d41deb6fc982be9a3d03c,138,car,16.772249752364665,0.042025022896363846,4.2985499127583235,4.239555478644598,3.956134042082831,3.844128710050724,2.822118012555503,WARNING,0.79653400182724,9
scene-0916,35,a1289b27ca1d41deb6fc982be9a3d03c,139,car,27.59355608637159,0.07949669118236703,4.2985499127583235,-4.057494269532595,,0.0,27.59355608637159,SAFE,0.5937965512275696,9
scene-0916,35,a1289b27ca1d41deb6fc982be9a3d03c,140,car,26.715741581582193,0.0865046856245118,4.2985499127583235,-1.6359402418167006,,0.0,26.715741581582193,SAFE,0.609461784362793,5
scene-0916,35,a1289b27ca1d41deb6fc982be9a3d03c,143,car,13.40107732659048,0.02738438461962905,4.2985499127583235,3.810924432943561,3.516489912721643,2.7873907912087343,6.10208583928803,SAFE,0.8651609420776367,9
scene-0916,35,a1289b27ca1d41deb6fc982be9a3d03c,146,car,24.817574503773535,0.04002077419070681,4.2985499127583235,3.8421548856158925,6.459285281987093,5.149285399964615,11.176420404997055,SAFE,0.8290992379188538,8
scene-0916,35,a1289b27ca1d41deb6fc982be9a3d03c,151,car,34.68902600069818,0.07867976740331517,4.2985499127583235,-3.413482339967343,,0.0,34.68902600069818,SAFE,0.6111780405044556,7
scene-0916,35,a1289b27ca1d41deb6fc982be9a3d03c,152,car,20.727502622464318,0.053979433328562414,4.2985499127583235,3.035340614286797,6.828723776469674,3.454120882159379,14.570972656793465,SAFE,0.8160820007324219,7
scene-0916,35,a1289b27ca1d41deb6fc982be9a3d03c,153,car,26.356388200568826,0.1479671216235603,4.2985499127583235,4.098675874626481,6.430464132021839,6.2123599216336,4.8539663387943826,CAUTION,0.34905073046684265,4
scene-0916,35,a1289b27ca1d41deb6fc982be9a3d03c,160,car,26.237547454469425,0.08280321104924696,4.2985499127583235,4.066810204431273,6.451628213650221,5.609216521871742,9.480926150002768,SAFE,0.628511905670166,3
scene-0916,35,a1289b27ca1d41deb6fc982be9a3d03c,164,car,14.61276451534199,0.0367167378600187,4.2985499127583235,-1.424080089561395,,0.0,14.61276451534199,SAFE,0.7382715940475464,3
scene-0916,35,a1289b27ca1d41deb6fc982be9a3d03c,166,car,26.424239158128305,0.19073358222886602,4.2985499127583235,4.217082957665808,6.265999370511399,5.596542051888534,8.637116246196685,SAFE,0.5481739640235901,3
scene-0916,35,a1289b27ca1d41deb6fc982be9a3d03c,168,car,26.659016183789493,0.14485697207605414,4.2985499127583235,4.1820562321603125,6.37461925518355,6.059489253026543,5.927367702456816,CAUTION,0.41072484850883484,3
scene-0916,36,e6e877f31dd447199b56cae07f86daad,20,car,48.68715131835828,0.0648270922422385,3.9897545102821415,-3.6283200139549923,,0.0,48.68715131835828,SAFE,0.39668652415275574,34
scene-0916,36,e6e877f31dd447199b56cae07f86daad,31,car,28.717297263028904,0.0651918261738077,3.9897545102821415,-3.980274525518058,,0.0,28.717297263028904,SAFE,0.7453200221061707,33
scene-0916,36,e6e877f31dd447199b56cae07f86daad,45,car,35.4677133294138,0.058193051836411276,3.9897545102821415,-3.9427793916245504,,0.0,35.4677133294138,SAFE,0.4607929289340973,32
scene-0916,36,e6e877f31dd447199b56cae07f86daad,67,car,27.105899716261494,0.05906979028839553,3.9897545102821415,-3.382034613050176,,0.0,27.105899716261494,SAFE,0.5446901321411133,29
scene-0916,36,e6e877f31dd447199b56cae07f86daad,83,car,24.425162531333267,0.04872327778334711,3.9897545102821415,-3.3360286391284975,,0.0,24.425162531333267,SAFE,0.701050341129303,25
scene-0916,36,e6e877f31dd447199b56cae07f86daad,95,truck,13.69995317274714,0.08495734405723283,3.9897545102821415,-2.86558003746921,,0.0,13.69995317274714,SAFE,0.8449805974960327,21
scene-0916,36,e6e877f31dd447199b56cae07f86daad,104,car,21.835627154457004,0.03555807222425172,3.9897545102821415,-3.9946356142694674,,0.0,21.835627154457004,SAFE,0.8044754862785339,19
scene-0916,36,e6e877f31dd447199b56cae07f86daad,105,car,9.50649014517878,0.049327531247476006,3.9897545102821415,-3.4565644408603666,,0.0,9.50649014517878,SAFE,0.8904548287391663,18
scene-0916,36,e6e877f31dd447199b56cae07f86daad,111,car,26.410237832002903,0.0649810168067756,3.9897545102821415,-3.971287720112426,,0.0,26.410237832002903,SAFE,0.6147136688232422,17
scene-0916,36,e6e877f31dd447199b56cae07f86daad,121,car,14.776625950298474,0.07277941417433441,3.9897545102821415,-1.0275748157933953,,0.0,14.776625950298474,SAFE,0.6672479510307312,14
scene-0916,36,e6e877f31dd447199b56cae07f86daad,122,car,17.34864802864446,0.11045753060982048,3.9897545102821415,-2.9855494317684634,,0.0,17.34864802864446,SAFE,0.6724859476089478,11
scene-0916,36,e6e877f31dd447199b56cae07f86daad,125,car,16.135429541203383,0.06464739011649222,3.9897545102821415,-2.670925220273214,,0.0,16.135429541203383,SAFE,0.7678514122962952,13
scene-0916,36,e6e877f31dd447199b56cae07f86daad,127,car,7.018685943690704,0.01634958471602077,3.9897545102821415,-2.0914224052888226,,0.0,7.018685943690704,SAFE,0.897029459476471,12
scene-0916,36,e6e877f31dd447199b56cae07f86daad,128,car,27.915343255665274,0.1304816153346233,3.9897545102821415,-3.896411058406878,,0.0,27.915343255665274,SAFE,0.6694621443748474,12
scene-0916,36,e6e877f31dd447199b56cae07f86daad,136,car,15.431306084811855,0.015545615186953028,3.9897545102821415,-3.954343432760963,,0.0,15.431306084811855,SAFE,0.7308509945869446,10
scene-0916,36,e6e877f31dd447199b56cae07f86daad,138,car,14.803968365578537,0.0424331615111554,3.9897545102821415,3.961261435559261,3.737185390665455,3.7295277132685443,0.6701227474063912,WARNING,0.6840763092041016,10
scene-0916,36,e6e877f31dd447199b56cae07f86daad,139,car,29.552797255707514,0.05823724627761657,3.9897545102821415,-3.907815418487113,,0.0,29.552797255707514,SAFE,0.6046067476272583,10
scene-0916,36,e6e877f31dd447199b56cae07f86daad,143,car,11.704413169595501,0.026211867484407174,3.9897545102821415,3.043148406041476,3.846152605097754,2.2659242169755975,7.502332671407266,SAFE,0.7634444832801819,10
scene-0916,36,e6e877f31dd447199b56cae07f86daad,152,car,19.407450461305277,0.03035025199732354,3.9897545102821415,2.1707451765591363,8.940455411753195,2.6648564032389612,16.259839648144915,SAFE,0.7673541903495789,8
scene-0916,36,e6e877f31dd447199b56cae07f86daad,153,car,24.225737809539858,0.07102676746300517,3.9897545102821415,3.9337969923221614,6.1583599399823505,6.156302157571136,0.4428373096790979,CAUTION,0.4386959373950958,5
scene-0916,36,e6e877f31dd447199b56cae07f86daad,154,car,29.98825131036842,0.02222876439648972,3.9897545102821415,1.4405150837850447,20.817728080689296,2.7264758463467795,27.95559823206704,SAFE,0.6071233749389648,5
scene-0916,36,e6e877f31dd447199b56cae07f86daad,155,car,37.63042842675151,0.06807364348987341,3.9897545102821415,-3.5618484644033424,,0.0,37.63042842675151,SAFE,0.4145795404911041,6
scene-0916,36,e6e877f31dd447199b56cae07f86daad,159,car,29.338192660817565,0.10492028623411613,3.9897545102821415,0.8585166889703206,34.173118633261424,1.592259958561229,28.646549089344465,SAFE,0.49461132287979126,4
scene-0916,36,e6e877f31dd447199b56cae07f86daad,160,car,24.424130449028233,0.027385930527315507,3.9897545102821415,3.4670852834426524,7.044571578803571,5.250204016920051,12.326719754817324,SAFE,0.34429073333740234,4
scene-0916,36,e6e877f31dd447199b56cae07f86daad,164,car,15.424267602214929,0.10864085571159672,3.9897545102821415,-2.140936312930331,,0.0,15.424267602214929,SAFE,0.670771062374115,4
scene-0916,36,e6e877f31dd447199b56cae07f86daad,165,car,32.97461838169922,0.41475882947968945,3.9897545102821415,2.825374657474959,11.670883468307414,4.90725947377937,25.102538384614345,SAFE,0.49207526445388794,3
scene-0916,36,e6e877f31dd447199b56cae07f86daad,166,car,24.458174534031187,0.12361887805268724,3.9897545102821415,3.999015634467668,6.116048740401325,5.793358765261129,5.617994474481587,CAUTION,0.6232126355171204,4
scene-0916,36,e6e877f31dd447199b56cae07f86daad,168,car,24.63638760129815,0.037756130669906234,3.9897545102821415,3.788275086383328,6.503325930540737,5.760104584858658,8.32853001408061,SAFE,0.6257106065750122,4
scene-0916,36,e6e877f31dd447199b56cae07f86daad,169,car,28.504386798681455,0.16661384732507042,3.9897545102821415,0.026979370305954653,,0.05260514183443853,28.503677163047254,SAFE,0.5249515771865845,3
scene-0916,36,e6e877f31dd447199b56cae07f86daad,170,car,26.631941297160942,0.11754917979052197,3.9897545102821415,-1.8080130176359888,,0.0,26.631941297160942,SAFE,0.5770474672317505,3
scene-0916,37,cb4e6195faad467094fbd4d0a9e960e9,31,car,30.685610300908376,0.04980301641227981,3.838296406232958,-3.7235174287926927,,0.0,30.685610300908376,SAFE,0.5340315103530884,34
scene-0916,37,cb4e6195faad467094fbd4d0a9e960e9,45,car,37.37615218735155,0.03289228108004065,3.838296406232958,-3.6351485114563493,,0.0,37.37615218735155,SAFE,0.4764368236064911,33
scene-0916,37,cb4e6195faad467094fbd4d0a9e960e9,67,car,28.81439132695713,0.03929752466571473,3.838296406232958,-3.0200987236754626,,0.0,28.81439132695713,SAFE,0.3076951205730438,30
scene-0916,37,cb4e6195faad467094fbd4d0a9e960e9,83,car,26.139590470461073,0.07747024214826041,3.838296406232958,-2.98400056370759,,0.0,26.139590470461073,SAFE,0.3381042778491974,26
scene-0916,37,cb4e6195faad467094fbd4d0a9e960e9,95,truck,15.046716810546926,0.02405951434144619,3.838296406232958,-2.543226181890902,,0.0,15.046716810546926,SAFE,0.6545389890670776,22
scene-0916,37,cb4e6195faad467094fbd4d0a9e960e9,104,car,23.905566662376803,0.07261316001194218,3.838296406232958,-3.8441539594973997,,0.0,23.905566662376803,SAFE,0.61269611120224,20
scene-0916,37,cb4e6195faad467094fbd4d0a9e960e9,105,car,11.38643803644531,0.007907557607766038,3.838296406232958,-3.7164971865791423,,0.0,11.38643803644531,SAFE,0.8038858771324158,19
scene-0916,37,cb4e6195faad467094fbd4d0a9e960e9,111,car,28.44267654425648,0.057166223668605486,3.838296406232958,-3.7752222315822888,,0.0,28.44267654425648,SAFE,0.5949629545211792,18
scene-0916,37,cb4e6195faad467094fbd4d0a9e960e9,121,car,15.553915730579558,0.08269720490426763,3.838296406232958,-2.0368637270092056,,0.0,15.553915730579558,SAFE,0.5536909699440002,15
scene-0916,37,cb4e6195faad467094fbd4d0a9e960e9,122,car,19.204085387023525,0.04537883469916071,3.838296406232958,-3.456025938393154,,0.0,19.204085387023525,SAFE,0.7696371674537659,12
scene-0916,37,cb4e6195faad467094fbd4d0a9e960e9,125,car,17.697132575934315,0.06259650427766296,3.838296406232958,-3.240718628097942,,0.0,17.697132575934315,SAFE,0.5845476388931274,14
scene-0916,37,cb4e6195faad467094fbd4d0a9e960e9,127,car,8.396842538071322,0.027440786923902394,3.838296406232958,-3.078560314392556,,0.0,8.396842538071322,SAFE,0.8647096753120422,13
scene-0916,37,cb4e6195faad467094fbd4d0a9e960e9,128,car,29.96856102339494,0.08853306883664061,3.838296406232958,-3.9122742903167156,,0.0,29.96856102339494,SAFE,0.4440256953239441,13
scene-0916,37,cb4e6195faad467094fbd4d0a9e960e9,136,car,17.42373433927193,0.022091317907670004,3.838296406232958,-3.8439589463192383,,0.0,17.42373433927193,SAFE,0.8807186484336853,11
scene-0916,37,cb4e6195faad467094fbd4d0a9e960e9,138,car,12.8708513606746,0.03929728318722094,3.838296406232958,3.771442990137324,3.4127126922859707,3.357205780567739,1.641462416649402,WARNING,0.7236691117286682,11
scene-0916,37,cb4e6195faad467094fbd4d0a9e960e9,139,car,31.60674935814738,0.0948225183440036,3.838296406232958,-3.866812713351071,,0.0,31.60674935814738,SAFE,0.5071346759796143,11
scene-0916,37,cb4e6195faad467094fbd4d0a9e960e9,143,car,10.413268612580191,0.03281710767946859,3.838296406232958,2.02757007736772,5.135836600083954,1.4427923270338716,8.830264841660027,SAFE,0.8596425652503967,11
scene-0916,37,cb4e6195faad467094fbd4d0a9e960e9,146,car,21.531821393842446,0.06161480176683313,3.838296406232958,2.48971203658055,8.648317989181969,3.5255642490717154,16.57168552839239,SAFE,0.887377142906189,9
scene-0916,37,cb4e6195faad467094fbd4d0a9e960e9,152,car,18.459773793597375,0.048174118888705646,3.838296406232958,1.204434045200105,15.326512785953724,1.4730275539479674,17.55028696383524,SAFE,0.8453482389450073,9
scene-0916,37,cb4e6195faad467094fbd4d0a9e960e9,153,car,22.181927751465732,0.007734112358275072,3.838296406232958,3.799755423964789,5.837725136614289,5.707656930608278,3.311029423308301,CAUTION,0.6095176935195923,6
scene-0916,37,cb4e6195faad467094fbd4d0a9e960e9,154,car,29.703762712480067,1.1754137417082913,3.838296406232958,0.6450694187261853,46.04738939746347,2.6890232466773925,28.823413652302264,SAFE,0.3413600027561188,6
scene-0916,37,cb4e6195faad467094fbd4d0a9e960e9,159,car,29.179755223041052,0.07816171954655168,3.838296406232958,-0.120961966616848,,0.0,29.179755223041052,SAFE,0.6157016158103943,5
scene-0916,37,cb4e6195faad467094fbd4d0a9e960e9,160,car,22.77021989511782,0.05396513653824806,3.838296406232958,2.846991602020755,7.997993348120814,4.281501741074538,15.521842901138488,SAFE,0.36234748363494873,5
scene-0916,37,cb4e6195faad467094fbd4d0a9e960e9,164,car,16.88675321857552,0.0717538797717858,3.838296406232958,-2.9913257715404185,,0.0,16.88675321857552,SAFE,0.6388698816299438,5
scene-0916,37,cb4e6195faad467094fbd4d0a9e960e9,165,car,31.91077479528031,0.40994512134559885,3.838296406232958,1.8553598228794645,17.199237798388733,3.404994684466634,28.577990424343035,SAFE,0.6419196128845215,4
scene-0916,37,cb4e6195faad467094fbd4d0a9e960e9,166,car,22.465975125297653,0.125210925657559,3.838296406232958,3.9420809712262033,5.69901412205379,5.677899093372715,1.3674808238670293,CAUTION,0.524811863899231,5
scene-0916,37,cb4e6195faad467094fbd4d0a9e960e9,168,car,22.90940483810447,0.03145158379793284,3.838296406232958,3.233883955721863,7.084176535639068,5.028678635203719,12.340354562661487,SAFE,0.5294000506401062,5
scene-0916,37,cb4e6195faad467094fbd4d0a9e960e9,169,car,28.67376930713872,0.04550804365751505,3.838296406232958,-0.8733560960469895,,0.0,28.67376930713872,SAFE,0.4601256549358368,4
scene-0916,37,cb4e6195faad467094fbd4d0a9e960e9,170,car,27.883560593423283,0.2876221163333608,3.838296406232958,-2.6855718345578303,,0.0,27.883560593423283,SAFE,0.4350988268852234,4
scene-0916,37,cb4e6195faad467094fbd4d0a9e960e9,174,car,31.204141932043438,0.3987031401511404,3.838296406232958,1.585474266324626,19.68126673186532,2.8448870089266243,28.860913760330053,SAFE,0.4966612160205841,3
scene-0916,37,cb4e6195faad467094fbd4d0a9e960e9,175,car,35.64568320232109,2.234938764755027,3.838296406232958,-5.908821835286659,,0.0,35.64568320232109,SAFE,0.33805692195892334,3
scene-0916,38,7f594234e8034228b1a7d727f1981e09,31,car,33.10996266602285,0.6689576535069375,3.674213815742089,-3.685047183888216,,0.0,33.10996266602285,SAFE,0.30805981159210205,35
scene-0916,38,7f594234e8034228b1a7d727f1981e09,45,car,39.48569430158776,0.6445615201918409,3.674213815742089,-3.4001346113157878,,0.0,39.48569430158776,SAFE,0.3232764005661011,34
scene-0916,38,7f594234e8034228b1a7d727f1981e09,83,car,28.310531555185428,0.6940408969573797,3.674213815742089,-3.030911656052821,,0.0,28.310531555185428,SAFE,0.33230140805244446,27
scene-0916,38,7f594234e8034228b1a7d727f1981e09,95,truck,16.210085829035684,0.036547467624944915,3.674213815742089,-2.110145580837313,,0.0,16.210085829035684,SAFE,0.6848711371421814,23
scene-0916,38,7f594234e8034228b1a7d727f1981e09,104,car,25.69718862491576,0.05830364312302779,3.674213815742089,-3.4543267149848687,,0.0,25.69718862491576,SAFE,0.43261176347732544,21
scene-0916,38,7f594234e8034228b1a7d727f1981e09,105,car,13.239620963333447,0.01308000780260066,3.674213815742089,-3.6627355784481286,,0.0,13.239620963333447,SAFE,0.5734204053878784,20
scene-0916,38,7f594234e8034228b1a7d727f1981e09,111,car,30.30805156346506,0.14160379667809733,3.674213815742089,-3.439010917447637,,0.0,30.30805156346506,SAFE,0.30809807777404785,19
scene-0916,38,7f594234e8034228b1a7d727f1981e09,121,car,16.72575848738204,0.11182631656271128,3.674213815742089,-2.702255171335416,,0.0,16.72575848738204,SAFE,0.46881023049354553,16
scene-0916,38,7f594234e8034228b1a7d727f1981e09,122,car,21.085021520135367,0.06851132547642454,3.674213815742089,-3.6478021656815853,,0.0,21.085021520135367,SAFE,0.3846046030521393,13
scene-0916,38,7f594234e8034228b1a7d727f1981e09,125,car,19.687639998528702,0.1747147390019356,3.674213815742089,-3.6672055947035442,,0.0,19.687639998528702,SAFE,0.36994650959968567,15
scene-0916,38,7f594234e8034228b1a7d727f1981e09,127,car,10.027792388636302,0.01776599327850339,3.674213815742089,-3.4624526616711337,,0.0,10.027792388636302,SAFE,0.6066456437110901,14
scene-0916,38,7f594234e8034228b1a7d727f1981e09,128,car,31.718130093812142,0.034510573789442237,3.674213815742089,-3.6021241647151663,,0.0,31.718130093812142,SAFE,0.3293108344078064,14
scene-0916,38,7f594234e8034228b1a7d727f1981e09,136,car,19.317693899405086,0.048974200950118355,3.674213815742089,-3.584617468160859,,0.0,19.317693899405086,SAFE,0.3491836190223694,12
scene-0916,38,7f594234e8034228b1a7d727f1981e09,138,car,11.01960306462118,0.028472921702861708,3.674213815742089,3.4102719241171013,3.231297477099011,2.789969544704489,4.072472760762672,CAUTION,0.49009469151496887,12
scene-0916,38,7f594234e8034228b1a7d727f1981e09,139,car,33.292958500747126,0.1627730591100243,3.674213815742089,-3.480692773370783,,0.0,33.292958500747126,SAFE,0.450898140668869,12
scene-0916,38,7f594234e8034228b1a7d727f1981e09,143,car,9.663659260358527,0.039931914447756144,3.674213815742089,0.7086786128854354,13.636166076766802,0.5176699497162743,9.478453702508343,SAFE,0.4735669791698456,12
scene-0916,38,7f594234e8034228b1a7d727f1981e09,152,car,18.151575462769035,0.03227792713844924,3.674213815742089,0.03336466719520492,,0.04421382307958998,18.150837858036198,SAFE,0.6377568244934082,10
scene-0916,38,7f594234e8034228b1a7d727f1981e09,153,car,20.395177861561635,0.026066797497804217,3.674213815742089,3.3983555830080734,6.00148435423839,5.203179703055536,7.43845067890342,SAFE,0.37042269110679626,7
scene-0916,38,7f594234e8034228b1a7d727f1981e09,155,car,42.776144670089685,0.7588398840429673,3.674213815742089,-4.2690643901859575,,0.0,42.776144670089685,SAFE,0.3059011995792389,7
scene-0916,38,7f594234e8034228b1a7d727f1981e09,159,car,29.54188177473222,0.06425051464351457,3.674213815742089,-1.125043246049101,,0.0,29.54188177473222,SAFE,0.5589991211891174,6
scene-0916,38,7f594234e8034228b1a7d727f1981e09,164,car,18.4346761369278,0.04908859250060575,3.674213815742089,-3.3495322030809005,,0.0,18.4346761369278,SAFE,0.4271950125694275,6
scene-0916,38,7f594234e8034228b1a7d727f1981e09,165,car,31.273893435927953,0.25638412230274765,3.674213815742089,0.8346391477357418,37.46995755084052,1.7414346553829243,30.538512721506017,SAFE,0.6910364031791687,5
scene-0916,38,7f594234e8034228b1a7d727f1981e09,166,car,20.673560695417972,0.04640561020396207,3.674213815742089,3.6550544459620036,5.656156700554082,5.581524956108376,2.3747416184253853,CAUTION,0.6840165853500366,6
scene-0916,38,7f594234e8034228b1a7d727f1981e09,168,car,21.416677598304112,0.014659044238786759,3.674213815742089,2.5168006267504373,8.509485165678864,3.9618434664012145,15.656460124378661,SAFE,0.541021466255188,6
scene-0916,38,7f594234e8034228b1a7d727f1981e09,169,car,29.23638292032445,0.17768339003505162,3.674213815742089,-1.6846024729615234,,0.0,29.23638292032445,SAFE,0.31559258699417114,5
scene-0916,38,7f594234e8034228b1a7d727f1981e09,170,car,29.220037783548445,0.15280567654721255,3.674213815742089,-3.0982243940549123,,0.0,29.220037783548445,SAFE,0.4863378405570984,5
scene-0916,38,7f594234e8034228b1a7d727f1981e09,173,car,29.288430470876378,0.13182010397582564,3.674213815742089,-0.4027380630552124,,0.0,29.288430470876378,SAFE,0.4259793162345886,3
scene-0916,38,7f594234e8034228b1a7d727f1981e09,174,car,30.499485602439865,0.17329477615107874,3.674213815742089,0.7334018689032347,41.586321082124186,1.514277500988293,29.93904954799746,SAFE,0.6092947721481323,4
scene-0916,38,7f594234e8034228b1a7d727f1981e09,178,car,20.4338841888614,0.36301993276080086,3.674213815742089,3.187927722277997,6.4097702234792076,4.090409740012064,12.291752975753546,SAFE,0.4718027710914612,3
scene-0916,39,9cdbf5ff7f294549aea0a4307e5d104a,31,car,34.302184496746975,0.09223130498783876,3.541580809769173,-2.8975548369451007,,0.0,34.302184496746975,SAFE,0.7239037752151489,36
scene-0916,39,9cdbf5ff7f294549aea0a4307e5d104a,45,car,40.71934454699096,0.026830012805719575,3.541580809769173,-2.704056439474759,,0.0,40.71934454699096,SAFE,0.3895860016345978,35
scene-0916,39,9cdbf5ff7f294549aea0a4307e5d104a,95,truck,17.159006938935804,0.03592139083691121,3.541580809769173,-1.6715021848841682,,0.0,17.159006938935804,SAFE,0.7635841965675354,24
scene-0916,39,9cdbf5ff7f294549aea0a4307e5d104a,104,car,27.28842180057427,0.025146798358851703,3.541580809769173,-3.0121743317339122,,0.0,27.28842180057427,SAFE,0.7274651527404785,22
scene-0916,39,9cdbf5ff7f294549aea0a4307e5d104a,105,car,15.090434556109038,0.05895737045585741,3.541580809769173,-3.509085259451541,,0.0,15.090434556109038,SAFE,0.795955240726471,21
scene-0916,39,9cdbf5ff7f294549aea0a4307e5d104a,111,car,31.84559594995465,0.09462066648328353,3.541580809769173,-2.948483587961692,,0.0,31.84559594995465,SAFE,0.6237999796867371,20
scene-0916,39,9cdbf5ff7f294549aea0a4307e5d104a,121,car,18.338787574600005,0.04994217428944855,3.541580809769173,-3.1987298371090773,,0.0,18.338787574600005,SAFE,0.5677136778831482,17
scene-0916,39,9cdbf5ff7f294549aea0a4307e5d104a,122,car,22.939818518638294,0.10046190756427842,3.541580809769173,-3.616559789837603,,0.0,22.939818518638294,SAFE,0.41497674584388733,14
scene-0916,39,9cdbf5ff7f294549aea0a4307e5d104a,125,car,21.894099269112857,0.4082624180164808,3.541580809769173,-3.9105207165811517,,0.0,21.894099269112857,SAFE,0.32066571712493896,16
scene-0916,39,9cdbf5ff7f294549aea0a4307e5d104a,127,car,11.798494355958987,0.024411124155432812,3.541580809769173,-3.5267231584767154,,0.0,11.798494355958987,SAFE,0.7186772227287292,15
scene-0916,39,9cdbf5ff7f294549aea0a4307e5d104a,128,car,33.51752012414077,0.07038101306205766,3.541580809769173,-3.3343074100651418,,0.0,33.51752012414077,SAFE,0.5044249296188354,15
scene-0916,39,9cdbf5ff7f294549aea0a4307e5d104a,136,car,21.07229316119618,0.05344530632316265,3.541580809769173,-3.2646520982065845,,0.0,21.07229316119618,SAFE,0.5662527680397034,13
scene-0916,39,9cdbf5ff7f294549aea0a4307e5d104a,138,car,9.34299933982324,0.05691373056163361,3.541580809769173,2.823600898616154,3.308895157386528,2.0455170212833975,5.773132074806315,CAUTION,0.6749101281166077,13
scene-0916,39,9cdbf5ff7f294549aea0a4307e5d104a,139,car,34.96129286938769,0.10511127283548177,3.541580809769173,-3.12728236097392,,0.0,34.96129286938769,SAFE,0.5933854579925537,13
scene-0916,39,9cdbf5ff7f294549aea0a4307e5d104a,152,car,18.45759361514455,0.014130039692440869,3.541580809769173,-1.0806450500646512,,0.0,18.45759361514455,SAFE,0.4947044253349304,11
scene-0916,39,9cdbf5ff7f294549aea0a4307e5d104a,159,car,30.431085198993216,0.03475129210884916,3.541580809769173,-1.9901105378631496,,0.0,30.431085198993216,SAFE,0.404670774936676,7
scene-0916,39,9cdbf5ff7f294549aea0a4307e5d104a,164,car,20.110404191844427,0.03876344117850957,3.541580809769173,-3.4577933317813727,,0.0,20.110404191844427,SAFE,0.5885199308395386,7
scene-0916,39,9cdbf5ff7f294549aea0a4307e5d104a,165,car,30.974874245572575,0.07391308273927868,3.541580809769173,-0.06014180222030863,,0.0,30.974874245572575,SAFE,0.6196703314781189,6
scene-0916,39,9cdbf5ff7f294549aea0a4307e5d104a,166,car,18.890739033175347,0.08374247647014085,3.541580809769173,3.3385935346729014,5.658292582485986,5.036051829571432,6.264486445690532,SAFE,0.35715073347091675,7
scene-0916,39,9cdbf5ff7f294549aea0a4307e5d104a,169,car,30.34205574305942,0.06419455802562468,3.541580809769173,-2.4117610724717062,,0.0,30.34205574305942,SAFE,0.4109365940093994,6
scene-0916,39,9cdbf5ff7f294549aea0a4307e5d104a,170,car,28.17798595323814,1.7078856673239127,3.541580809769173,-1.5784050313620255,,0.0,28.17798595323814,SAFE,0.30397188663482666,6
scene-0916,39,9cdbf5ff7f294549aea0a4307e5d104a,173,car,29.89605685219402,0.06658742269136718,3.541580809769173,-1.438568632252403,,0.0,29.89605685219402,SAFE,0.5106948018074036,4
scene-0916,39,9cdbf5ff7f294549aea0a4307e5d104a,174,car,30.42019733238117,0.05918707424493078,3.541580809769173,-0.28148192919773224,,0.0,30.42019733238117,SAFE,0.5891781449317932,5
scene-0916,39,9cdbf5ff7f294549aea0a4307e5d104a,177,car,20.136595451999654,0.0721389811068964,3.541580809769173,0.4377405343774654,46.00121275183483,0.710986616677041,19.98037564421661,SAFE,0.8991029262542725,3
scene-0916,40,b4ff30109dd14c89b24789dc5713cf8c,31,car,35.529176879262586,0.1654391306085053,3.50612559917745,-2.6571166323603235,,0.0,35.529176879262586,SAFE,0.5498554706573486,37
scene-0916,40,b4ff30109dd14c89b24789dc5713cf8c,95,truck,17.965938888690044,0.03297294182947191,3.50612559917745,-1.6457936217066103,,0.0,17.965938888690044,SAFE,0.5531940460205078,25
scene-0916,40,b4ff30109dd14c89b24789dc5713cf8c,104,car,28.709560845477824,0.05907839956716596,3.50612559917745,-2.8626443511912667,,0.0,28.709560845477824,SAFE,0.7854306101799011,23
scene-0916,40,b4ff30109dd14c89b24789dc5713cf8c,105,car,16.851252806447548,0.08126636430920384,3.50612559917745,-3.4538078887838894,,0.0,16.851252806447548,SAFE,0.8310793042182922,22
scene-0916,40,b4ff30109dd14c89b24789dc5713cf8c,111,car,33.2982456655106,0.10218505153941901,3.50612559917745,-2.819385876382581,,0.0,33.2982456655106,SAFE,0.6088879108428955,21
scene-0916,40,b4ff30109dd14c89b24789dc5713cf8c,121,car,20.147099136834065,0.09765641781078153,3.50612559917745,-3.425406751754855,,0.0,20.147099136834065,SAFE,0.6159029603004456,18
scene-0916,40,b4ff30109dd14c89b24789dc5713cf8c,122,car,24.636856261561974,0.02634574793877712,3.50612559917745,-3.5105570892873446,,0.0,24.636856261561974,SAFE,0.5335628986358643,15
scene-0916,40,b4ff30109dd14c89b24789dc5713cf8c,125,car,23.231613733063558,0.061624746753948946,3.50612559917745,-3.5139397726825092,,0.0,23.231613733063558,SAFE,0.4026961922645569,17
scene-0916,40,b4ff30109dd14c89b24789dc5713cf8c,127,car,13.563927010062194,0.04931215463805744,3.50612559917745,-3.513885424071028,,0.0,13.563927010062194,SAFE,0.8383274674415588,16
scene-0916,40,b4ff30109dd14c89b24789dc5713cf8c,136,car,22.560983478555617,0.06918733550595071,3.50612559917745,-3.096160586354141,,0.0,22.560983478555617,SAFE,0.7840585112571716,14
scene-0916,40,b4ff30109dd14c89b24789dc5713cf8c,138,car,8.265181075957434,0.023134571161249576,3.50612559917745,2.0968722195684975,3.9416713135043944,1.427732806253452,6.600692398327196,SAFE,0.6897423267364502,14
scene-0916,40,b4ff30109dd14c89b24789dc5713cf8c,139,car,36.55793962598679,0.06008380398279534,3.50612559917745,-3.045166713681936,,0.0,36.55793962598679,SAFE,0.537403404712677,14
scene-0916,40,b4ff30109dd14c89b24789dc5713cf8c,143,car,10.467285227269194,0.04412347721068672,3.50612559917745,-1.6783633134893845,,0.0,10.467285227269194,SAFE,0.6725346446037292,13
scene-0916,40,b4ff30109dd14c89b24789dc5713cf8c,152,car,19.211617180974383,0.04672024176859892,3.50612559917745,-1.657705561634067,,0.0,19.211617180974383,SAFE,0.36335816979408264,12
scene-0916,40,b4ff30109dd14c89b24789dc5713cf8c,153,car,17.518540465944042,0.05309168007838157,3.50612559917745,2.4418457935162934,7.17430253477108,3.529834256346079,12.486052728122326,SAFE,0.35556966066360474,8
scene-0916,40,b4ff30109dd14c89b24789dc5713cf8c,159,car,31.56961114570741,0.12079239125205304,3.50612559917745,-2.3547372612059743,,0.0,31.56961114570741,SAFE,0.3972749710083008,8
scene-0916,40,b4ff30109dd14c89b24789dc5713cf8c,164,car,21.864544073585165,0.043686737754244684,3.50612559917745,-3.487635823435901,,0.0,21.864544073585165,SAFE,0.7367838025093079,8
scene-0916,40,b4ff30109dd14c89b24789dc5713cf8c,165,car,31.27752963411839,0.054709849266002475,3.50612559917745,-0.6491108169048105,,0.0,31.27752963411839,SAFE,0.6536166071891785,7
scene-0916,40,b4ff30109dd14c89b24789dc5713cf8c,166,car,17.318306962931036,0.10434013714538895,3.50612559917745,3.093569778177527,5.598162706752824,4.394561451953402,8.030156154754808,SAFE,0.5611717104911804,8
scene-0916,40,b4ff30109dd14c89b24789dc5713cf8c,168,car,19.90725084555143,0.19864382310394532,3.50612559917745,0.8449137481195699,23.561281716455408,1.235037805263939,19.378478051362414,SAFE,0.39880630373954773,7
scene-0916,40,b4ff30109dd14c89b24789dc5713cf8c,169,car,31.76522449039995,0.06392914074178838,3.50612559917745,-2.764906118297314,,0.0,31.76522449039995,SAFE,0.48867249488830566,7
scene-0916,40,b4ff30109dd14c89b24789dc5713cf8c,170,car,28.852869928705015,1.8952988716642003,3.50612559917745,-1.610015582837521,,0.0,28.852869928705015,SAFE,0.3176010251045227,7
scene-0916,40,b4ff30109dd14c89b24789dc5713cf8c,173,car,30.791140517055457,0.1789814386292217,3.50612559917745,-1.872592730318897,,0.0,30.791140517055457,SAFE,0.3540554642677307,5
scene-0916,40,b4ff30109dd14c89b24789dc5713cf8c,174,car,30.726023181654575,0.08882995460923923,3.50612559917745,-0.7977178560192415,,0.0,30.726023181654575,SAFE,0.662266194820404,6
scene-0916,40,b4ff30109dd14c89b24789dc5713cf8c,177,car,20.055474084405414,0.17719209781049294,3.50612559917745,-0.13707731865380113,,0.0,20.055474084405414,SAFE,0.5261901021003723,4
scene-0916,40,b4ff30109dd14c89b24789dc5713cf8c,178,car,19.32471797294985,1.5751053988819497,3.50612559917745,0.5656224266784602,34.16540268113412,0.4914037009739508,19.185240149409967,SAFE,0.35341352224349976,4
